entity_group,score,word,start,end,Source,Index,Text
LOC,0.4281166,Empire,4,10,Attack on Pearl Harbor,0,"The Empire of Japan launched a surprise military attack on the US Pacific Fleet at its naval base at Pearl Harbor in Oahu, Hawaii, on December 7, 1941. At the time, the US was a neutral country in World War II. The air raid on Pearl Harbor, which was launched from aircraft carriers, prompted the US to declare war on Japan the next day. The Japanese military leadership referred to the attack as the Hawaii Operation and Operation AI, and as Operation Z during its planning."
ORG,0.6557286,of Japan,11,19,Attack on Pearl Harbor,0,"The Empire of Japan launched a surprise military attack on the US Pacific Fleet at its naval base at Pearl Harbor in Oahu, Hawaii, on December 7, 1941. At the time, the US was a neutral country in World War II. The air raid on Pearl Harbor, which was launched from aircraft carriers, prompted the US to declare war on Japan the next day. The Japanese military leadership referred to the attack as the Hawaii Operation and Operation AI, and as Operation Z during its planning."
MISC,0.78609747,US Pacific,63,73,Attack on Pearl Harbor,0,"The Empire of Japan launched a surprise military attack on the US Pacific Fleet at its naval base at Pearl Harbor in Oahu, Hawaii, on December 7, 1941. At the time, the US was a neutral country in World War II. The air raid on Pearl Harbor, which was launched from aircraft carriers, prompted the US to declare war on Japan the next day. The Japanese military leadership referred to the attack as the Hawaii Operation and Operation AI, and as Operation Z during its planning."
LOC,0.7649064,Fleet,74,79,Attack on Pearl Harbor,0,"The Empire of Japan launched a surprise military attack on the US Pacific Fleet at its naval base at Pearl Harbor in Oahu, Hawaii, on December 7, 1941. At the time, the US was a neutral country in World War II. The air raid on Pearl Harbor, which was launched from aircraft carriers, prompted the US to declare war on Japan the next day. The Japanese military leadership referred to the attack as the Hawaii Operation and Operation AI, and as Operation Z during its planning."
LOC,0.9994905,Pearl Harbor,101,113,Attack on Pearl Harbor,0,"The Empire of Japan launched a surprise military attack on the US Pacific Fleet at its naval base at Pearl Harbor in Oahu, Hawaii, on December 7, 1941. At the time, the US was a neutral country in World War II. The air raid on Pearl Harbor, which was launched from aircraft carriers, prompted the US to declare war on Japan the next day. The Japanese military leadership referred to the attack as the Hawaii Operation and Operation AI, and as Operation Z during its planning."
LOC,0.58061653,Oahu,117,121,Attack on Pearl Harbor,0,"The Empire of Japan launched a surprise military attack on the US Pacific Fleet at its naval base at Pearl Harbor in Oahu, Hawaii, on December 7, 1941. At the time, the US was a neutral country in World War II. The air raid on Pearl Harbor, which was launched from aircraft carriers, prompted the US to declare war on Japan the next day. The Japanese military leadership referred to the attack as the Hawaii Operation and Operation AI, and as Operation Z during its planning."
LOC,0.99976987,Hawaii,123,129,Attack on Pearl Harbor,0,"The Empire of Japan launched a surprise military attack on the US Pacific Fleet at its naval base at Pearl Harbor in Oahu, Hawaii, on December 7, 1941. At the time, the US was a neutral country in World War II. The air raid on Pearl Harbor, which was launched from aircraft carriers, prompted the US to declare war on Japan the next day. The Japanese military leadership referred to the attack as the Hawaii Operation and Operation AI, and as Operation Z during its planning."
LOC,0.99588555,US,169,171,Attack on Pearl Harbor,0,"The Empire of Japan launched a surprise military attack on the US Pacific Fleet at its naval base at Pearl Harbor in Oahu, Hawaii, on December 7, 1941. At the time, the US was a neutral country in World War II. The air raid on Pearl Harbor, which was launched from aircraft carriers, prompted the US to declare war on Japan the next day. The Japanese military leadership referred to the attack as the Hawaii Operation and Operation AI, and as Operation Z during its planning."
MISC,0.997632,World War II,197,209,Attack on Pearl Harbor,0,"The Empire of Japan launched a surprise military attack on the US Pacific Fleet at its naval base at Pearl Harbor in Oahu, Hawaii, on December 7, 1941. At the time, the US was a neutral country in World War II. The air raid on Pearl Harbor, which was launched from aircraft carriers, prompted the US to declare war on Japan the next day. The Japanese military leadership referred to the attack as the Hawaii Operation and Operation AI, and as Operation Z during its planning."
LOC,0.99954015,Pearl Harbor,227,239,Attack on Pearl Harbor,0,"The Empire of Japan launched a surprise military attack on the US Pacific Fleet at its naval base at Pearl Harbor in Oahu, Hawaii, on December 7, 1941. At the time, the US was a neutral country in World War II. The air raid on Pearl Harbor, which was launched from aircraft carriers, prompted the US to declare war on Japan the next day. The Japanese military leadership referred to the attack as the Hawaii Operation and Operation AI, and as Operation Z during its planning."
LOC,0.95702356,US,297,299,Attack on Pearl Harbor,0,"The Empire of Japan launched a surprise military attack on the US Pacific Fleet at its naval base at Pearl Harbor in Oahu, Hawaii, on December 7, 1941. At the time, the US was a neutral country in World War II. The air raid on Pearl Harbor, which was launched from aircraft carriers, prompted the US to declare war on Japan the next day. The Japanese military leadership referred to the attack as the Hawaii Operation and Operation AI, and as Operation Z during its planning."
LOC,0.9996388,Japan,318,323,Attack on Pearl Harbor,0,"The Empire of Japan launched a surprise military attack on the US Pacific Fleet at its naval base at Pearl Harbor in Oahu, Hawaii, on December 7, 1941. At the time, the US was a neutral country in World War II. The air raid on Pearl Harbor, which was launched from aircraft carriers, prompted the US to declare war on Japan the next day. The Japanese military leadership referred to the attack as the Hawaii Operation and Operation AI, and as Operation Z during its planning."
MISC,0.9997758,Japanese,342,350,Attack on Pearl Harbor,0,"The Empire of Japan launched a surprise military attack on the US Pacific Fleet at its naval base at Pearl Harbor in Oahu, Hawaii, on December 7, 1941. At the time, the US was a neutral country in World War II. The air raid on Pearl Harbor, which was launched from aircraft carriers, prompted the US to declare war on Japan the next day. The Japanese military leadership referred to the attack as the Hawaii Operation and Operation AI, and as Operation Z during its planning."
MISC,0.94158965,Hawaii Operation,401,417,Attack on Pearl Harbor,0,"The Empire of Japan launched a surprise military attack on the US Pacific Fleet at its naval base at Pearl Harbor in Oahu, Hawaii, on December 7, 1941. At the time, the US was a neutral country in World War II. The air raid on Pearl Harbor, which was launched from aircraft carriers, prompted the US to declare war on Japan the next day. The Japanese military leadership referred to the attack as the Hawaii Operation and Operation AI, and as Operation Z during its planning."
MISC,0.9865244,Operation AI,422,434,Attack on Pearl Harbor,0,"The Empire of Japan launched a surprise military attack on the US Pacific Fleet at its naval base at Pearl Harbor in Oahu, Hawaii, on December 7, 1941. At the time, the US was a neutral country in World War II. The air raid on Pearl Harbor, which was launched from aircraft carriers, prompted the US to declare war on Japan the next day. The Japanese military leadership referred to the attack as the Hawaii Operation and Operation AI, and as Operation Z during its planning."
MISC,0.9923043,Operation Z,443,454,Attack on Pearl Harbor,0,"The Empire of Japan launched a surprise military attack on the US Pacific Fleet at its naval base at Pearl Harbor in Oahu, Hawaii, on December 7, 1941. At the time, the US was a neutral country in World War II. The air raid on Pearl Harbor, which was launched from aircraft carriers, prompted the US to declare war on Japan the next day. The Japanese military leadership referred to the attack as the Hawaii Operation and Operation AI, and as Operation Z during its planning."
LOC,0.99958277,Pearl Harbor,14,26,Attack on Pearl Harbor,1,"The attack on Pearl Harbor was preceded by months of negotiations between the US and Japan over the future of the Pacific. Japanese demands included that the US end its sanctions against Japan, cease aiding China in the Second Sino-Japanese War, and allow Japan access to the resources of the Dutch East Indies. Japan dispatched its naval attack group on November 26, 1941, just before receiving the Hull note, which stated the US desire that Japan withdraw from China and French Indochina. Isoroku Yamamoto, commander of the Japanese Combined Fleet, planned the attack as a pre-emptive strike on the Pacific Fleet, which had been based at Pearl Harbor since 1940 in order to prevent it from interfering with Japan's planned actions in Southeast Asia. Yamamoto hoped that the strike would enable Japan to make rapid territorial gains and negotiate peace. In addition to Pearl Harbor, over seven hours Japan launched coordinated attacks on the US-held Philippines, Guam, and Wake Island, as well as on the British Empire in Malaya, Singapore, and Hong Kong."
LOC,0.9978607,US,78,80,Attack on Pearl Harbor,1,"The attack on Pearl Harbor was preceded by months of negotiations between the US and Japan over the future of the Pacific. Japanese demands included that the US end its sanctions against Japan, cease aiding China in the Second Sino-Japanese War, and allow Japan access to the resources of the Dutch East Indies. Japan dispatched its naval attack group on November 26, 1941, just before receiving the Hull note, which stated the US desire that Japan withdraw from China and French Indochina. Isoroku Yamamoto, commander of the Japanese Combined Fleet, planned the attack as a pre-emptive strike on the Pacific Fleet, which had been based at Pearl Harbor since 1940 in order to prevent it from interfering with Japan's planned actions in Southeast Asia. Yamamoto hoped that the strike would enable Japan to make rapid territorial gains and negotiate peace. In addition to Pearl Harbor, over seven hours Japan launched coordinated attacks on the US-held Philippines, Guam, and Wake Island, as well as on the British Empire in Malaya, Singapore, and Hong Kong."
LOC,0.9997465,Japan,85,90,Attack on Pearl Harbor,1,"The attack on Pearl Harbor was preceded by months of negotiations between the US and Japan over the future of the Pacific. Japanese demands included that the US end its sanctions against Japan, cease aiding China in the Second Sino-Japanese War, and allow Japan access to the resources of the Dutch East Indies. Japan dispatched its naval attack group on November 26, 1941, just before receiving the Hull note, which stated the US desire that Japan withdraw from China and French Indochina. Isoroku Yamamoto, commander of the Japanese Combined Fleet, planned the attack as a pre-emptive strike on the Pacific Fleet, which had been based at Pearl Harbor since 1940 in order to prevent it from interfering with Japan's planned actions in Southeast Asia. Yamamoto hoped that the strike would enable Japan to make rapid territorial gains and negotiate peace. In addition to Pearl Harbor, over seven hours Japan launched coordinated attacks on the US-held Philippines, Guam, and Wake Island, as well as on the British Empire in Malaya, Singapore, and Hong Kong."
LOC,0.99921095,Pacific,114,121,Attack on Pearl Harbor,1,"The attack on Pearl Harbor was preceded by months of negotiations between the US and Japan over the future of the Pacific. Japanese demands included that the US end its sanctions against Japan, cease aiding China in the Second Sino-Japanese War, and allow Japan access to the resources of the Dutch East Indies. Japan dispatched its naval attack group on November 26, 1941, just before receiving the Hull note, which stated the US desire that Japan withdraw from China and French Indochina. Isoroku Yamamoto, commander of the Japanese Combined Fleet, planned the attack as a pre-emptive strike on the Pacific Fleet, which had been based at Pearl Harbor since 1940 in order to prevent it from interfering with Japan's planned actions in Southeast Asia. Yamamoto hoped that the strike would enable Japan to make rapid territorial gains and negotiate peace. In addition to Pearl Harbor, over seven hours Japan launched coordinated attacks on the US-held Philippines, Guam, and Wake Island, as well as on the British Empire in Malaya, Singapore, and Hong Kong."
MISC,0.9997446,Japanese,123,131,Attack on Pearl Harbor,1,"The attack on Pearl Harbor was preceded by months of negotiations between the US and Japan over the future of the Pacific. Japanese demands included that the US end its sanctions against Japan, cease aiding China in the Second Sino-Japanese War, and allow Japan access to the resources of the Dutch East Indies. Japan dispatched its naval attack group on November 26, 1941, just before receiving the Hull note, which stated the US desire that Japan withdraw from China and French Indochina. Isoroku Yamamoto, commander of the Japanese Combined Fleet, planned the attack as a pre-emptive strike on the Pacific Fleet, which had been based at Pearl Harbor since 1940 in order to prevent it from interfering with Japan's planned actions in Southeast Asia. Yamamoto hoped that the strike would enable Japan to make rapid territorial gains and negotiate peace. In addition to Pearl Harbor, over seven hours Japan launched coordinated attacks on the US-held Philippines, Guam, and Wake Island, as well as on the British Empire in Malaya, Singapore, and Hong Kong."
LOC,0.9897736,US,158,160,Attack on Pearl Harbor,1,"The attack on Pearl Harbor was preceded by months of negotiations between the US and Japan over the future of the Pacific. Japanese demands included that the US end its sanctions against Japan, cease aiding China in the Second Sino-Japanese War, and allow Japan access to the resources of the Dutch East Indies. Japan dispatched its naval attack group on November 26, 1941, just before receiving the Hull note, which stated the US desire that Japan withdraw from China and French Indochina. Isoroku Yamamoto, commander of the Japanese Combined Fleet, planned the attack as a pre-emptive strike on the Pacific Fleet, which had been based at Pearl Harbor since 1940 in order to prevent it from interfering with Japan's planned actions in Southeast Asia. Yamamoto hoped that the strike would enable Japan to make rapid territorial gains and negotiate peace. In addition to Pearl Harbor, over seven hours Japan launched coordinated attacks on the US-held Philippines, Guam, and Wake Island, as well as on the British Empire in Malaya, Singapore, and Hong Kong."
LOC,0.99975866,Japan,187,192,Attack on Pearl Harbor,1,"The attack on Pearl Harbor was preceded by months of negotiations between the US and Japan over the future of the Pacific. Japanese demands included that the US end its sanctions against Japan, cease aiding China in the Second Sino-Japanese War, and allow Japan access to the resources of the Dutch East Indies. Japan dispatched its naval attack group on November 26, 1941, just before receiving the Hull note, which stated the US desire that Japan withdraw from China and French Indochina. Isoroku Yamamoto, commander of the Japanese Combined Fleet, planned the attack as a pre-emptive strike on the Pacific Fleet, which had been based at Pearl Harbor since 1940 in order to prevent it from interfering with Japan's planned actions in Southeast Asia. Yamamoto hoped that the strike would enable Japan to make rapid territorial gains and negotiate peace. In addition to Pearl Harbor, over seven hours Japan launched coordinated attacks on the US-held Philippines, Guam, and Wake Island, as well as on the British Empire in Malaya, Singapore, and Hong Kong."
LOC,0.99979633,China,207,212,Attack on Pearl Harbor,1,"The attack on Pearl Harbor was preceded by months of negotiations between the US and Japan over the future of the Pacific. Japanese demands included that the US end its sanctions against Japan, cease aiding China in the Second Sino-Japanese War, and allow Japan access to the resources of the Dutch East Indies. Japan dispatched its naval attack group on November 26, 1941, just before receiving the Hull note, which stated the US desire that Japan withdraw from China and French Indochina. Isoroku Yamamoto, commander of the Japanese Combined Fleet, planned the attack as a pre-emptive strike on the Pacific Fleet, which had been based at Pearl Harbor since 1940 in order to prevent it from interfering with Japan's planned actions in Southeast Asia. Yamamoto hoped that the strike would enable Japan to make rapid territorial gains and negotiate peace. In addition to Pearl Harbor, over seven hours Japan launched coordinated attacks on the US-held Philippines, Guam, and Wake Island, as well as on the British Empire in Malaya, Singapore, and Hong Kong."
MISC,0.99472713,Second Sino - Japanese War,220,244,Attack on Pearl Harbor,1,"The attack on Pearl Harbor was preceded by months of negotiations between the US and Japan over the future of the Pacific. Japanese demands included that the US end its sanctions against Japan, cease aiding China in the Second Sino-Japanese War, and allow Japan access to the resources of the Dutch East Indies. Japan dispatched its naval attack group on November 26, 1941, just before receiving the Hull note, which stated the US desire that Japan withdraw from China and French Indochina. Isoroku Yamamoto, commander of the Japanese Combined Fleet, planned the attack as a pre-emptive strike on the Pacific Fleet, which had been based at Pearl Harbor since 1940 in order to prevent it from interfering with Japan's planned actions in Southeast Asia. Yamamoto hoped that the strike would enable Japan to make rapid territorial gains and negotiate peace. In addition to Pearl Harbor, over seven hours Japan launched coordinated attacks on the US-held Philippines, Guam, and Wake Island, as well as on the British Empire in Malaya, Singapore, and Hong Kong."
LOC,0.9997662,Japan,256,261,Attack on Pearl Harbor,1,"The attack on Pearl Harbor was preceded by months of negotiations between the US and Japan over the future of the Pacific. Japanese demands included that the US end its sanctions against Japan, cease aiding China in the Second Sino-Japanese War, and allow Japan access to the resources of the Dutch East Indies. Japan dispatched its naval attack group on November 26, 1941, just before receiving the Hull note, which stated the US desire that Japan withdraw from China and French Indochina. Isoroku Yamamoto, commander of the Japanese Combined Fleet, planned the attack as a pre-emptive strike on the Pacific Fleet, which had been based at Pearl Harbor since 1940 in order to prevent it from interfering with Japan's planned actions in Southeast Asia. Yamamoto hoped that the strike would enable Japan to make rapid territorial gains and negotiate peace. In addition to Pearl Harbor, over seven hours Japan launched coordinated attacks on the US-held Philippines, Guam, and Wake Island, as well as on the British Empire in Malaya, Singapore, and Hong Kong."
LOC,0.99709773,Dutch East Indies,293,310,Attack on Pearl Harbor,1,"The attack on Pearl Harbor was preceded by months of negotiations between the US and Japan over the future of the Pacific. Japanese demands included that the US end its sanctions against Japan, cease aiding China in the Second Sino-Japanese War, and allow Japan access to the resources of the Dutch East Indies. Japan dispatched its naval attack group on November 26, 1941, just before receiving the Hull note, which stated the US desire that Japan withdraw from China and French Indochina. Isoroku Yamamoto, commander of the Japanese Combined Fleet, planned the attack as a pre-emptive strike on the Pacific Fleet, which had been based at Pearl Harbor since 1940 in order to prevent it from interfering with Japan's planned actions in Southeast Asia. Yamamoto hoped that the strike would enable Japan to make rapid territorial gains and negotiate peace. In addition to Pearl Harbor, over seven hours Japan launched coordinated attacks on the US-held Philippines, Guam, and Wake Island, as well as on the British Empire in Malaya, Singapore, and Hong Kong."
LOC,0.9997913,Japan,312,317,Attack on Pearl Harbor,1,"The attack on Pearl Harbor was preceded by months of negotiations between the US and Japan over the future of the Pacific. Japanese demands included that the US end its sanctions against Japan, cease aiding China in the Second Sino-Japanese War, and allow Japan access to the resources of the Dutch East Indies. Japan dispatched its naval attack group on November 26, 1941, just before receiving the Hull note, which stated the US desire that Japan withdraw from China and French Indochina. Isoroku Yamamoto, commander of the Japanese Combined Fleet, planned the attack as a pre-emptive strike on the Pacific Fleet, which had been based at Pearl Harbor since 1940 in order to prevent it from interfering with Japan's planned actions in Southeast Asia. Yamamoto hoped that the strike would enable Japan to make rapid territorial gains and negotiate peace. In addition to Pearl Harbor, over seven hours Japan launched coordinated attacks on the US-held Philippines, Guam, and Wake Island, as well as on the British Empire in Malaya, Singapore, and Hong Kong."
LOC,0.9699396,Hull,400,404,Attack on Pearl Harbor,1,"The attack on Pearl Harbor was preceded by months of negotiations between the US and Japan over the future of the Pacific. Japanese demands included that the US end its sanctions against Japan, cease aiding China in the Second Sino-Japanese War, and allow Japan access to the resources of the Dutch East Indies. Japan dispatched its naval attack group on November 26, 1941, just before receiving the Hull note, which stated the US desire that Japan withdraw from China and French Indochina. Isoroku Yamamoto, commander of the Japanese Combined Fleet, planned the attack as a pre-emptive strike on the Pacific Fleet, which had been based at Pearl Harbor since 1940 in order to prevent it from interfering with Japan's planned actions in Southeast Asia. Yamamoto hoped that the strike would enable Japan to make rapid territorial gains and negotiate peace. In addition to Pearl Harbor, over seven hours Japan launched coordinated attacks on the US-held Philippines, Guam, and Wake Island, as well as on the British Empire in Malaya, Singapore, and Hong Kong."
LOC,0.998326,US,428,430,Attack on Pearl Harbor,1,"The attack on Pearl Harbor was preceded by months of negotiations between the US and Japan over the future of the Pacific. Japanese demands included that the US end its sanctions against Japan, cease aiding China in the Second Sino-Japanese War, and allow Japan access to the resources of the Dutch East Indies. Japan dispatched its naval attack group on November 26, 1941, just before receiving the Hull note, which stated the US desire that Japan withdraw from China and French Indochina. Isoroku Yamamoto, commander of the Japanese Combined Fleet, planned the attack as a pre-emptive strike on the Pacific Fleet, which had been based at Pearl Harbor since 1940 in order to prevent it from interfering with Japan's planned actions in Southeast Asia. Yamamoto hoped that the strike would enable Japan to make rapid territorial gains and negotiate peace. In addition to Pearl Harbor, over seven hours Japan launched coordinated attacks on the US-held Philippines, Guam, and Wake Island, as well as on the British Empire in Malaya, Singapore, and Hong Kong."
LOC,0.9997242,Japan,443,448,Attack on Pearl Harbor,1,"The attack on Pearl Harbor was preceded by months of negotiations between the US and Japan over the future of the Pacific. Japanese demands included that the US end its sanctions against Japan, cease aiding China in the Second Sino-Japanese War, and allow Japan access to the resources of the Dutch East Indies. Japan dispatched its naval attack group on November 26, 1941, just before receiving the Hull note, which stated the US desire that Japan withdraw from China and French Indochina. Isoroku Yamamoto, commander of the Japanese Combined Fleet, planned the attack as a pre-emptive strike on the Pacific Fleet, which had been based at Pearl Harbor since 1940 in order to prevent it from interfering with Japan's planned actions in Southeast Asia. Yamamoto hoped that the strike would enable Japan to make rapid territorial gains and negotiate peace. In addition to Pearl Harbor, over seven hours Japan launched coordinated attacks on the US-held Philippines, Guam, and Wake Island, as well as on the British Empire in Malaya, Singapore, and Hong Kong."
LOC,0.99982566,China,463,468,Attack on Pearl Harbor,1,"The attack on Pearl Harbor was preceded by months of negotiations between the US and Japan over the future of the Pacific. Japanese demands included that the US end its sanctions against Japan, cease aiding China in the Second Sino-Japanese War, and allow Japan access to the resources of the Dutch East Indies. Japan dispatched its naval attack group on November 26, 1941, just before receiving the Hull note, which stated the US desire that Japan withdraw from China and French Indochina. Isoroku Yamamoto, commander of the Japanese Combined Fleet, planned the attack as a pre-emptive strike on the Pacific Fleet, which had been based at Pearl Harbor since 1940 in order to prevent it from interfering with Japan's planned actions in Southeast Asia. Yamamoto hoped that the strike would enable Japan to make rapid territorial gains and negotiate peace. In addition to Pearl Harbor, over seven hours Japan launched coordinated attacks on the US-held Philippines, Guam, and Wake Island, as well as on the British Empire in Malaya, Singapore, and Hong Kong."
LOC,0.9989833,French Indochina,473,489,Attack on Pearl Harbor,1,"The attack on Pearl Harbor was preceded by months of negotiations between the US and Japan over the future of the Pacific. Japanese demands included that the US end its sanctions against Japan, cease aiding China in the Second Sino-Japanese War, and allow Japan access to the resources of the Dutch East Indies. Japan dispatched its naval attack group on November 26, 1941, just before receiving the Hull note, which stated the US desire that Japan withdraw from China and French Indochina. Isoroku Yamamoto, commander of the Japanese Combined Fleet, planned the attack as a pre-emptive strike on the Pacific Fleet, which had been based at Pearl Harbor since 1940 in order to prevent it from interfering with Japan's planned actions in Southeast Asia. Yamamoto hoped that the strike would enable Japan to make rapid territorial gains and negotiate peace. In addition to Pearl Harbor, over seven hours Japan launched coordinated attacks on the US-held Philippines, Guam, and Wake Island, as well as on the British Empire in Malaya, Singapore, and Hong Kong."
PER,0.8395653,Isoroku Yamamoto,491,507,Attack on Pearl Harbor,1,"The attack on Pearl Harbor was preceded by months of negotiations between the US and Japan over the future of the Pacific. Japanese demands included that the US end its sanctions against Japan, cease aiding China in the Second Sino-Japanese War, and allow Japan access to the resources of the Dutch East Indies. Japan dispatched its naval attack group on November 26, 1941, just before receiving the Hull note, which stated the US desire that Japan withdraw from China and French Indochina. Isoroku Yamamoto, commander of the Japanese Combined Fleet, planned the attack as a pre-emptive strike on the Pacific Fleet, which had been based at Pearl Harbor since 1940 in order to prevent it from interfering with Japan's planned actions in Southeast Asia. Yamamoto hoped that the strike would enable Japan to make rapid territorial gains and negotiate peace. In addition to Pearl Harbor, over seven hours Japan launched coordinated attacks on the US-held Philippines, Guam, and Wake Island, as well as on the British Empire in Malaya, Singapore, and Hong Kong."
MISC,0.98692095,Japanese,526,534,Attack on Pearl Harbor,1,"The attack on Pearl Harbor was preceded by months of negotiations between the US and Japan over the future of the Pacific. Japanese demands included that the US end its sanctions against Japan, cease aiding China in the Second Sino-Japanese War, and allow Japan access to the resources of the Dutch East Indies. Japan dispatched its naval attack group on November 26, 1941, just before receiving the Hull note, which stated the US desire that Japan withdraw from China and French Indochina. Isoroku Yamamoto, commander of the Japanese Combined Fleet, planned the attack as a pre-emptive strike on the Pacific Fleet, which had been based at Pearl Harbor since 1940 in order to prevent it from interfering with Japan's planned actions in Southeast Asia. Yamamoto hoped that the strike would enable Japan to make rapid territorial gains and negotiate peace. In addition to Pearl Harbor, over seven hours Japan launched coordinated attacks on the US-held Philippines, Guam, and Wake Island, as well as on the British Empire in Malaya, Singapore, and Hong Kong."
ORG,0.6728309,Combined Fleet,535,549,Attack on Pearl Harbor,1,"The attack on Pearl Harbor was preceded by months of negotiations between the US and Japan over the future of the Pacific. Japanese demands included that the US end its sanctions against Japan, cease aiding China in the Second Sino-Japanese War, and allow Japan access to the resources of the Dutch East Indies. Japan dispatched its naval attack group on November 26, 1941, just before receiving the Hull note, which stated the US desire that Japan withdraw from China and French Indochina. Isoroku Yamamoto, commander of the Japanese Combined Fleet, planned the attack as a pre-emptive strike on the Pacific Fleet, which had been based at Pearl Harbor since 1940 in order to prevent it from interfering with Japan's planned actions in Southeast Asia. Yamamoto hoped that the strike would enable Japan to make rapid territorial gains and negotiate peace. In addition to Pearl Harbor, over seven hours Japan launched coordinated attacks on the US-held Philippines, Guam, and Wake Island, as well as on the British Empire in Malaya, Singapore, and Hong Kong."
LOC,0.5626663,Pacific Fleet,601,614,Attack on Pearl Harbor,1,"The attack on Pearl Harbor was preceded by months of negotiations between the US and Japan over the future of the Pacific. Japanese demands included that the US end its sanctions against Japan, cease aiding China in the Second Sino-Japanese War, and allow Japan access to the resources of the Dutch East Indies. Japan dispatched its naval attack group on November 26, 1941, just before receiving the Hull note, which stated the US desire that Japan withdraw from China and French Indochina. Isoroku Yamamoto, commander of the Japanese Combined Fleet, planned the attack as a pre-emptive strike on the Pacific Fleet, which had been based at Pearl Harbor since 1940 in order to prevent it from interfering with Japan's planned actions in Southeast Asia. Yamamoto hoped that the strike would enable Japan to make rapid territorial gains and negotiate peace. In addition to Pearl Harbor, over seven hours Japan launched coordinated attacks on the US-held Philippines, Guam, and Wake Island, as well as on the British Empire in Malaya, Singapore, and Hong Kong."
LOC,0.99958307,Pearl Harbor,640,652,Attack on Pearl Harbor,1,"The attack on Pearl Harbor was preceded by months of negotiations between the US and Japan over the future of the Pacific. Japanese demands included that the US end its sanctions against Japan, cease aiding China in the Second Sino-Japanese War, and allow Japan access to the resources of the Dutch East Indies. Japan dispatched its naval attack group on November 26, 1941, just before receiving the Hull note, which stated the US desire that Japan withdraw from China and French Indochina. Isoroku Yamamoto, commander of the Japanese Combined Fleet, planned the attack as a pre-emptive strike on the Pacific Fleet, which had been based at Pearl Harbor since 1940 in order to prevent it from interfering with Japan's planned actions in Southeast Asia. Yamamoto hoped that the strike would enable Japan to make rapid territorial gains and negotiate peace. In addition to Pearl Harbor, over seven hours Japan launched coordinated attacks on the US-held Philippines, Guam, and Wake Island, as well as on the British Empire in Malaya, Singapore, and Hong Kong."
LOC,0.9996251,Japan,709,714,Attack on Pearl Harbor,1,"The attack on Pearl Harbor was preceded by months of negotiations between the US and Japan over the future of the Pacific. Japanese demands included that the US end its sanctions against Japan, cease aiding China in the Second Sino-Japanese War, and allow Japan access to the resources of the Dutch East Indies. Japan dispatched its naval attack group on November 26, 1941, just before receiving the Hull note, which stated the US desire that Japan withdraw from China and French Indochina. Isoroku Yamamoto, commander of the Japanese Combined Fleet, planned the attack as a pre-emptive strike on the Pacific Fleet, which had been based at Pearl Harbor since 1940 in order to prevent it from interfering with Japan's planned actions in Southeast Asia. Yamamoto hoped that the strike would enable Japan to make rapid territorial gains and negotiate peace. In addition to Pearl Harbor, over seven hours Japan launched coordinated attacks on the US-held Philippines, Guam, and Wake Island, as well as on the British Empire in Malaya, Singapore, and Hong Kong."
LOC,0.9988334,Southeast Asia,736,750,Attack on Pearl Harbor,1,"The attack on Pearl Harbor was preceded by months of negotiations between the US and Japan over the future of the Pacific. Japanese demands included that the US end its sanctions against Japan, cease aiding China in the Second Sino-Japanese War, and allow Japan access to the resources of the Dutch East Indies. Japan dispatched its naval attack group on November 26, 1941, just before receiving the Hull note, which stated the US desire that Japan withdraw from China and French Indochina. Isoroku Yamamoto, commander of the Japanese Combined Fleet, planned the attack as a pre-emptive strike on the Pacific Fleet, which had been based at Pearl Harbor since 1940 in order to prevent it from interfering with Japan's planned actions in Southeast Asia. Yamamoto hoped that the strike would enable Japan to make rapid territorial gains and negotiate peace. In addition to Pearl Harbor, over seven hours Japan launched coordinated attacks on the US-held Philippines, Guam, and Wake Island, as well as on the British Empire in Malaya, Singapore, and Hong Kong."
PER,0.5063977,Yamamoto,752,760,Attack on Pearl Harbor,1,"The attack on Pearl Harbor was preceded by months of negotiations between the US and Japan over the future of the Pacific. Japanese demands included that the US end its sanctions against Japan, cease aiding China in the Second Sino-Japanese War, and allow Japan access to the resources of the Dutch East Indies. Japan dispatched its naval attack group on November 26, 1941, just before receiving the Hull note, which stated the US desire that Japan withdraw from China and French Indochina. Isoroku Yamamoto, commander of the Japanese Combined Fleet, planned the attack as a pre-emptive strike on the Pacific Fleet, which had been based at Pearl Harbor since 1940 in order to prevent it from interfering with Japan's planned actions in Southeast Asia. Yamamoto hoped that the strike would enable Japan to make rapid territorial gains and negotiate peace. In addition to Pearl Harbor, over seven hours Japan launched coordinated attacks on the US-held Philippines, Guam, and Wake Island, as well as on the British Empire in Malaya, Singapore, and Hong Kong."
LOC,0.9997534,Japan,796,801,Attack on Pearl Harbor,1,"The attack on Pearl Harbor was preceded by months of negotiations between the US and Japan over the future of the Pacific. Japanese demands included that the US end its sanctions against Japan, cease aiding China in the Second Sino-Japanese War, and allow Japan access to the resources of the Dutch East Indies. Japan dispatched its naval attack group on November 26, 1941, just before receiving the Hull note, which stated the US desire that Japan withdraw from China and French Indochina. Isoroku Yamamoto, commander of the Japanese Combined Fleet, planned the attack as a pre-emptive strike on the Pacific Fleet, which had been based at Pearl Harbor since 1940 in order to prevent it from interfering with Japan's planned actions in Southeast Asia. Yamamoto hoped that the strike would enable Japan to make rapid territorial gains and negotiate peace. In addition to Pearl Harbor, over seven hours Japan launched coordinated attacks on the US-held Philippines, Guam, and Wake Island, as well as on the British Empire in Malaya, Singapore, and Hong Kong."
LOC,0.999562,Pearl Harbor,870,882,Attack on Pearl Harbor,1,"The attack on Pearl Harbor was preceded by months of negotiations between the US and Japan over the future of the Pacific. Japanese demands included that the US end its sanctions against Japan, cease aiding China in the Second Sino-Japanese War, and allow Japan access to the resources of the Dutch East Indies. Japan dispatched its naval attack group on November 26, 1941, just before receiving the Hull note, which stated the US desire that Japan withdraw from China and French Indochina. Isoroku Yamamoto, commander of the Japanese Combined Fleet, planned the attack as a pre-emptive strike on the Pacific Fleet, which had been based at Pearl Harbor since 1940 in order to prevent it from interfering with Japan's planned actions in Southeast Asia. Yamamoto hoped that the strike would enable Japan to make rapid territorial gains and negotiate peace. In addition to Pearl Harbor, over seven hours Japan launched coordinated attacks on the US-held Philippines, Guam, and Wake Island, as well as on the British Empire in Malaya, Singapore, and Hong Kong."
LOC,0.9997242,Japan,901,906,Attack on Pearl Harbor,1,"The attack on Pearl Harbor was preceded by months of negotiations between the US and Japan over the future of the Pacific. Japanese demands included that the US end its sanctions against Japan, cease aiding China in the Second Sino-Japanese War, and allow Japan access to the resources of the Dutch East Indies. Japan dispatched its naval attack group on November 26, 1941, just before receiving the Hull note, which stated the US desire that Japan withdraw from China and French Indochina. Isoroku Yamamoto, commander of the Japanese Combined Fleet, planned the attack as a pre-emptive strike on the Pacific Fleet, which had been based at Pearl Harbor since 1940 in order to prevent it from interfering with Japan's planned actions in Southeast Asia. Yamamoto hoped that the strike would enable Japan to make rapid territorial gains and negotiate peace. In addition to Pearl Harbor, over seven hours Japan launched coordinated attacks on the US-held Philippines, Guam, and Wake Island, as well as on the British Empire in Malaya, Singapore, and Hong Kong."
MISC,0.99930704,US,943,945,Attack on Pearl Harbor,1,"The attack on Pearl Harbor was preceded by months of negotiations between the US and Japan over the future of the Pacific. Japanese demands included that the US end its sanctions against Japan, cease aiding China in the Second Sino-Japanese War, and allow Japan access to the resources of the Dutch East Indies. Japan dispatched its naval attack group on November 26, 1941, just before receiving the Hull note, which stated the US desire that Japan withdraw from China and French Indochina. Isoroku Yamamoto, commander of the Japanese Combined Fleet, planned the attack as a pre-emptive strike on the Pacific Fleet, which had been based at Pearl Harbor since 1940 in order to prevent it from interfering with Japan's planned actions in Southeast Asia. Yamamoto hoped that the strike would enable Japan to make rapid territorial gains and negotiate peace. In addition to Pearl Harbor, over seven hours Japan launched coordinated attacks on the US-held Philippines, Guam, and Wake Island, as well as on the British Empire in Malaya, Singapore, and Hong Kong."
LOC,0.9997782,Philippines,951,962,Attack on Pearl Harbor,1,"The attack on Pearl Harbor was preceded by months of negotiations between the US and Japan over the future of the Pacific. Japanese demands included that the US end its sanctions against Japan, cease aiding China in the Second Sino-Japanese War, and allow Japan access to the resources of the Dutch East Indies. Japan dispatched its naval attack group on November 26, 1941, just before receiving the Hull note, which stated the US desire that Japan withdraw from China and French Indochina. Isoroku Yamamoto, commander of the Japanese Combined Fleet, planned the attack as a pre-emptive strike on the Pacific Fleet, which had been based at Pearl Harbor since 1940 in order to prevent it from interfering with Japan's planned actions in Southeast Asia. Yamamoto hoped that the strike would enable Japan to make rapid territorial gains and negotiate peace. In addition to Pearl Harbor, over seven hours Japan launched coordinated attacks on the US-held Philippines, Guam, and Wake Island, as well as on the British Empire in Malaya, Singapore, and Hong Kong."
LOC,0.999742,Guam,964,968,Attack on Pearl Harbor,1,"The attack on Pearl Harbor was preceded by months of negotiations between the US and Japan over the future of the Pacific. Japanese demands included that the US end its sanctions against Japan, cease aiding China in the Second Sino-Japanese War, and allow Japan access to the resources of the Dutch East Indies. Japan dispatched its naval attack group on November 26, 1941, just before receiving the Hull note, which stated the US desire that Japan withdraw from China and French Indochina. Isoroku Yamamoto, commander of the Japanese Combined Fleet, planned the attack as a pre-emptive strike on the Pacific Fleet, which had been based at Pearl Harbor since 1940 in order to prevent it from interfering with Japan's planned actions in Southeast Asia. Yamamoto hoped that the strike would enable Japan to make rapid territorial gains and negotiate peace. In addition to Pearl Harbor, over seven hours Japan launched coordinated attacks on the US-held Philippines, Guam, and Wake Island, as well as on the British Empire in Malaya, Singapore, and Hong Kong."
LOC,0.9994836,Wake Island,974,985,Attack on Pearl Harbor,1,"The attack on Pearl Harbor was preceded by months of negotiations between the US and Japan over the future of the Pacific. Japanese demands included that the US end its sanctions against Japan, cease aiding China in the Second Sino-Japanese War, and allow Japan access to the resources of the Dutch East Indies. Japan dispatched its naval attack group on November 26, 1941, just before receiving the Hull note, which stated the US desire that Japan withdraw from China and French Indochina. Isoroku Yamamoto, commander of the Japanese Combined Fleet, planned the attack as a pre-emptive strike on the Pacific Fleet, which had been based at Pearl Harbor since 1940 in order to prevent it from interfering with Japan's planned actions in Southeast Asia. Yamamoto hoped that the strike would enable Japan to make rapid territorial gains and negotiate peace. In addition to Pearl Harbor, over seven hours Japan launched coordinated attacks on the US-held Philippines, Guam, and Wake Island, as well as on the British Empire in Malaya, Singapore, and Hong Kong."
MISC,0.5995895,British,1005,1012,Attack on Pearl Harbor,1,"The attack on Pearl Harbor was preceded by months of negotiations between the US and Japan over the future of the Pacific. Japanese demands included that the US end its sanctions against Japan, cease aiding China in the Second Sino-Japanese War, and allow Japan access to the resources of the Dutch East Indies. Japan dispatched its naval attack group on November 26, 1941, just before receiving the Hull note, which stated the US desire that Japan withdraw from China and French Indochina. Isoroku Yamamoto, commander of the Japanese Combined Fleet, planned the attack as a pre-emptive strike on the Pacific Fleet, which had been based at Pearl Harbor since 1940 in order to prevent it from interfering with Japan's planned actions in Southeast Asia. Yamamoto hoped that the strike would enable Japan to make rapid territorial gains and negotiate peace. In addition to Pearl Harbor, over seven hours Japan launched coordinated attacks on the US-held Philippines, Guam, and Wake Island, as well as on the British Empire in Malaya, Singapore, and Hong Kong."
LOC,0.42192125,Empire,1013,1019,Attack on Pearl Harbor,1,"The attack on Pearl Harbor was preceded by months of negotiations between the US and Japan over the future of the Pacific. Japanese demands included that the US end its sanctions against Japan, cease aiding China in the Second Sino-Japanese War, and allow Japan access to the resources of the Dutch East Indies. Japan dispatched its naval attack group on November 26, 1941, just before receiving the Hull note, which stated the US desire that Japan withdraw from China and French Indochina. Isoroku Yamamoto, commander of the Japanese Combined Fleet, planned the attack as a pre-emptive strike on the Pacific Fleet, which had been based at Pearl Harbor since 1940 in order to prevent it from interfering with Japan's planned actions in Southeast Asia. Yamamoto hoped that the strike would enable Japan to make rapid territorial gains and negotiate peace. In addition to Pearl Harbor, over seven hours Japan launched coordinated attacks on the US-held Philippines, Guam, and Wake Island, as well as on the British Empire in Malaya, Singapore, and Hong Kong."
LOC,0.9997353,Malaya,1023,1029,Attack on Pearl Harbor,1,"The attack on Pearl Harbor was preceded by months of negotiations between the US and Japan over the future of the Pacific. Japanese demands included that the US end its sanctions against Japan, cease aiding China in the Second Sino-Japanese War, and allow Japan access to the resources of the Dutch East Indies. Japan dispatched its naval attack group on November 26, 1941, just before receiving the Hull note, which stated the US desire that Japan withdraw from China and French Indochina. Isoroku Yamamoto, commander of the Japanese Combined Fleet, planned the attack as a pre-emptive strike on the Pacific Fleet, which had been based at Pearl Harbor since 1940 in order to prevent it from interfering with Japan's planned actions in Southeast Asia. Yamamoto hoped that the strike would enable Japan to make rapid territorial gains and negotiate peace. In addition to Pearl Harbor, over seven hours Japan launched coordinated attacks on the US-held Philippines, Guam, and Wake Island, as well as on the British Empire in Malaya, Singapore, and Hong Kong."
LOC,0.9997727,Singapore,1031,1040,Attack on Pearl Harbor,1,"The attack on Pearl Harbor was preceded by months of negotiations between the US and Japan over the future of the Pacific. Japanese demands included that the US end its sanctions against Japan, cease aiding China in the Second Sino-Japanese War, and allow Japan access to the resources of the Dutch East Indies. Japan dispatched its naval attack group on November 26, 1941, just before receiving the Hull note, which stated the US desire that Japan withdraw from China and French Indochina. Isoroku Yamamoto, commander of the Japanese Combined Fleet, planned the attack as a pre-emptive strike on the Pacific Fleet, which had been based at Pearl Harbor since 1940 in order to prevent it from interfering with Japan's planned actions in Southeast Asia. Yamamoto hoped that the strike would enable Japan to make rapid territorial gains and negotiate peace. In addition to Pearl Harbor, over seven hours Japan launched coordinated attacks on the US-held Philippines, Guam, and Wake Island, as well as on the British Empire in Malaya, Singapore, and Hong Kong."
LOC,0.99958783,Hong Kong,1046,1055,Attack on Pearl Harbor,1,"The attack on Pearl Harbor was preceded by months of negotiations between the US and Japan over the future of the Pacific. Japanese demands included that the US end its sanctions against Japan, cease aiding China in the Second Sino-Japanese War, and allow Japan access to the resources of the Dutch East Indies. Japan dispatched its naval attack group on November 26, 1941, just before receiving the Hull note, which stated the US desire that Japan withdraw from China and French Indochina. Isoroku Yamamoto, commander of the Japanese Combined Fleet, planned the attack as a pre-emptive strike on the Pacific Fleet, which had been based at Pearl Harbor since 1940 in order to prevent it from interfering with Japan's planned actions in Southeast Asia. Yamamoto hoped that the strike would enable Japan to make rapid territorial gains and negotiate peace. In addition to Pearl Harbor, over seven hours Japan launched coordinated attacks on the US-held Philippines, Guam, and Wake Island, as well as on the British Empire in Malaya, Singapore, and Hong Kong."
PER,0.864282,Chūichi Nagumo,34,48,Attack on Pearl Harbor,2,"The attacking force, commanded by Chūichi Nagumo, launched its attack at 7:48 a.m. Hawaiian time (6:18 p.m. GMT) on December 7, 1941. The base was struck by 353 fighters, level and dive bombers, and torpedo bombers in two waves launched from six aircraft carriers. Of the eight US battleships present, all were damaged and four were sunk. All but the USS Arizona and the USS Utah were later refloated, and six were returned to service during the war. The Japanese also sank or damaged three cruisers, three destroyers, an anti-aircraft training ship, and a minelayer. More than 180 US aircraft were destroyed. A total of 2,403 Americans were killed and 1,178 others were wounded. Japanese losses totaled 29 aircraft, five midget submarines, and 130 personnel. The three US carriers assigned to Pearl Harbor were at sea at the time, and important base installations, including its oil storage and naval repair facilities, were not attacked."
MISC,0.99642557,Hawaiian,83,91,Attack on Pearl Harbor,2,"The attacking force, commanded by Chūichi Nagumo, launched its attack at 7:48 a.m. Hawaiian time (6:18 p.m. GMT) on December 7, 1941. The base was struck by 353 fighters, level and dive bombers, and torpedo bombers in two waves launched from six aircraft carriers. Of the eight US battleships present, all were damaged and four were sunk. All but the USS Arizona and the USS Utah were later refloated, and six were returned to service during the war. The Japanese also sank or damaged three cruisers, three destroyers, an anti-aircraft training ship, and a minelayer. More than 180 US aircraft were destroyed. A total of 2,403 Americans were killed and 1,178 others were wounded. Japanese losses totaled 29 aircraft, five midget submarines, and 130 personnel. The three US carriers assigned to Pearl Harbor were at sea at the time, and important base installations, including its oil storage and naval repair facilities, were not attacked."
MISC,0.99877363,US,278,280,Attack on Pearl Harbor,2,"The attacking force, commanded by Chūichi Nagumo, launched its attack at 7:48 a.m. Hawaiian time (6:18 p.m. GMT) on December 7, 1941. The base was struck by 353 fighters, level and dive bombers, and torpedo bombers in two waves launched from six aircraft carriers. Of the eight US battleships present, all were damaged and four were sunk. All but the USS Arizona and the USS Utah were later refloated, and six were returned to service during the war. The Japanese also sank or damaged three cruisers, three destroyers, an anti-aircraft training ship, and a minelayer. More than 180 US aircraft were destroyed. A total of 2,403 Americans were killed and 1,178 others were wounded. Japanese losses totaled 29 aircraft, five midget submarines, and 130 personnel. The three US carriers assigned to Pearl Harbor were at sea at the time, and important base installations, including its oil storage and naval repair facilities, were not attacked."
MISC,0.57826763,USS,351,354,Attack on Pearl Harbor,2,"The attacking force, commanded by Chūichi Nagumo, launched its attack at 7:48 a.m. Hawaiian time (6:18 p.m. GMT) on December 7, 1941. The base was struck by 353 fighters, level and dive bombers, and torpedo bombers in two waves launched from six aircraft carriers. Of the eight US battleships present, all were damaged and four were sunk. All but the USS Arizona and the USS Utah were later refloated, and six were returned to service during the war. The Japanese also sank or damaged three cruisers, three destroyers, an anti-aircraft training ship, and a minelayer. More than 180 US aircraft were destroyed. A total of 2,403 Americans were killed and 1,178 others were wounded. Japanese losses totaled 29 aircraft, five midget submarines, and 130 personnel. The three US carriers assigned to Pearl Harbor were at sea at the time, and important base installations, including its oil storage and naval repair facilities, were not attacked."
ORG,0.3817265,Arizona,355,362,Attack on Pearl Harbor,2,"The attacking force, commanded by Chūichi Nagumo, launched its attack at 7:48 a.m. Hawaiian time (6:18 p.m. GMT) on December 7, 1941. The base was struck by 353 fighters, level and dive bombers, and torpedo bombers in two waves launched from six aircraft carriers. Of the eight US battleships present, all were damaged and four were sunk. All but the USS Arizona and the USS Utah were later refloated, and six were returned to service during the war. The Japanese also sank or damaged three cruisers, three destroyers, an anti-aircraft training ship, and a minelayer. More than 180 US aircraft were destroyed. A total of 2,403 Americans were killed and 1,178 others were wounded. Japanese losses totaled 29 aircraft, five midget submarines, and 130 personnel. The three US carriers assigned to Pearl Harbor were at sea at the time, and important base installations, including its oil storage and naval repair facilities, were not attacked."
MISC,0.51484877,USS Utah,371,379,Attack on Pearl Harbor,2,"The attacking force, commanded by Chūichi Nagumo, launched its attack at 7:48 a.m. Hawaiian time (6:18 p.m. GMT) on December 7, 1941. The base was struck by 353 fighters, level and dive bombers, and torpedo bombers in two waves launched from six aircraft carriers. Of the eight US battleships present, all were damaged and four were sunk. All but the USS Arizona and the USS Utah were later refloated, and six were returned to service during the war. The Japanese also sank or damaged three cruisers, three destroyers, an anti-aircraft training ship, and a minelayer. More than 180 US aircraft were destroyed. A total of 2,403 Americans were killed and 1,178 others were wounded. Japanese losses totaled 29 aircraft, five midget submarines, and 130 personnel. The three US carriers assigned to Pearl Harbor were at sea at the time, and important base installations, including its oil storage and naval repair facilities, were not attacked."
MISC,0.99958426,Japanese,455,463,Attack on Pearl Harbor,2,"The attacking force, commanded by Chūichi Nagumo, launched its attack at 7:48 a.m. Hawaiian time (6:18 p.m. GMT) on December 7, 1941. The base was struck by 353 fighters, level and dive bombers, and torpedo bombers in two waves launched from six aircraft carriers. Of the eight US battleships present, all were damaged and four were sunk. All but the USS Arizona and the USS Utah were later refloated, and six were returned to service during the war. The Japanese also sank or damaged three cruisers, three destroyers, an anti-aircraft training ship, and a minelayer. More than 180 US aircraft were destroyed. A total of 2,403 Americans were killed and 1,178 others were wounded. Japanese losses totaled 29 aircraft, five midget submarines, and 130 personnel. The three US carriers assigned to Pearl Harbor were at sea at the time, and important base installations, including its oil storage and naval repair facilities, were not attacked."
MISC,0.9984433,US,582,584,Attack on Pearl Harbor,2,"The attacking force, commanded by Chūichi Nagumo, launched its attack at 7:48 a.m. Hawaiian time (6:18 p.m. GMT) on December 7, 1941. The base was struck by 353 fighters, level and dive bombers, and torpedo bombers in two waves launched from six aircraft carriers. Of the eight US battleships present, all were damaged and four were sunk. All but the USS Arizona and the USS Utah were later refloated, and six were returned to service during the war. The Japanese also sank or damaged three cruisers, three destroyers, an anti-aircraft training ship, and a minelayer. More than 180 US aircraft were destroyed. A total of 2,403 Americans were killed and 1,178 others were wounded. Japanese losses totaled 29 aircraft, five midget submarines, and 130 personnel. The three US carriers assigned to Pearl Harbor were at sea at the time, and important base installations, including its oil storage and naval repair facilities, were not attacked."
MISC,0.99970764,Americans,627,636,Attack on Pearl Harbor,2,"The attacking force, commanded by Chūichi Nagumo, launched its attack at 7:48 a.m. Hawaiian time (6:18 p.m. GMT) on December 7, 1941. The base was struck by 353 fighters, level and dive bombers, and torpedo bombers in two waves launched from six aircraft carriers. Of the eight US battleships present, all were damaged and four were sunk. All but the USS Arizona and the USS Utah were later refloated, and six were returned to service during the war. The Japanese also sank or damaged three cruisers, three destroyers, an anti-aircraft training ship, and a minelayer. More than 180 US aircraft were destroyed. A total of 2,403 Americans were killed and 1,178 others were wounded. Japanese losses totaled 29 aircraft, five midget submarines, and 130 personnel. The three US carriers assigned to Pearl Harbor were at sea at the time, and important base installations, including its oil storage and naval repair facilities, were not attacked."
MISC,0.9997347,Japanese,680,688,Attack on Pearl Harbor,2,"The attacking force, commanded by Chūichi Nagumo, launched its attack at 7:48 a.m. Hawaiian time (6:18 p.m. GMT) on December 7, 1941. The base was struck by 353 fighters, level and dive bombers, and torpedo bombers in two waves launched from six aircraft carriers. Of the eight US battleships present, all were damaged and four were sunk. All but the USS Arizona and the USS Utah were later refloated, and six were returned to service during the war. The Japanese also sank or damaged three cruisers, three destroyers, an anti-aircraft training ship, and a minelayer. More than 180 US aircraft were destroyed. A total of 2,403 Americans were killed and 1,178 others were wounded. Japanese losses totaled 29 aircraft, five midget submarines, and 130 personnel. The three US carriers assigned to Pearl Harbor were at sea at the time, and important base installations, including its oil storage and naval repair facilities, were not attacked."
MISC,0.9963799,US,770,772,Attack on Pearl Harbor,2,"The attacking force, commanded by Chūichi Nagumo, launched its attack at 7:48 a.m. Hawaiian time (6:18 p.m. GMT) on December 7, 1941. The base was struck by 353 fighters, level and dive bombers, and torpedo bombers in two waves launched from six aircraft carriers. Of the eight US battleships present, all were damaged and four were sunk. All but the USS Arizona and the USS Utah were later refloated, and six were returned to service during the war. The Japanese also sank or damaged three cruisers, three destroyers, an anti-aircraft training ship, and a minelayer. More than 180 US aircraft were destroyed. A total of 2,403 Americans were killed and 1,178 others were wounded. Japanese losses totaled 29 aircraft, five midget submarines, and 130 personnel. The three US carriers assigned to Pearl Harbor were at sea at the time, and important base installations, including its oil storage and naval repair facilities, were not attacked."
LOC,0.9992964,Pearl Harbor,794,806,Attack on Pearl Harbor,2,"The attacking force, commanded by Chūichi Nagumo, launched its attack at 7:48 a.m. Hawaiian time (6:18 p.m. GMT) on December 7, 1941. The base was struck by 353 fighters, level and dive bombers, and torpedo bombers in two waves launched from six aircraft carriers. Of the eight US battleships present, all were damaged and four were sunk. All but the USS Arizona and the USS Utah were later refloated, and six were returned to service during the war. The Japanese also sank or damaged three cruisers, three destroyers, an anti-aircraft training ship, and a minelayer. More than 180 US aircraft were destroyed. A total of 2,403 Americans were killed and 1,178 others were wounded. Japanese losses totaled 29 aircraft, five midget submarines, and 130 personnel. The three US carriers assigned to Pearl Harbor were at sea at the time, and important base installations, including its oil storage and naval repair facilities, were not attacked."
LOC,0.99977833,Japan,0,5,Attack on Pearl Harbor,3,"Japan declared war on the US and the British Empire later that day (December 8 in Tokyo), but the declarations were not delivered until the next day. On December 8, both the United Kingdom and the US declared war on Japan. On December 11, though they had no formal obligation to do so under the Tripartite Pact with Japan, Germany and Italy each declared war on the United States, which responded by declaring war on Germany and Italy. While there were historical precedents for unannounced military action by Japan, the lack of a formal warning and perception that the attack had been unprovoked led US president Franklin D. Roosevelt to famously label December 7, 1941, ""a date which will live in infamy"". The attack remains the deadliest non-pathological disaster to ever happen in Hawaii, and for nearly 60 years, was the deadliest foreign attack on the US until the September 11 attacks in 2001."
LOC,0.99791664,US,26,28,Attack on Pearl Harbor,3,"Japan declared war on the US and the British Empire later that day (December 8 in Tokyo), but the declarations were not delivered until the next day. On December 8, both the United Kingdom and the US declared war on Japan. On December 11, though they had no formal obligation to do so under the Tripartite Pact with Japan, Germany and Italy each declared war on the United States, which responded by declaring war on Germany and Italy. While there were historical precedents for unannounced military action by Japan, the lack of a formal warning and perception that the attack had been unprovoked led US president Franklin D. Roosevelt to famously label December 7, 1941, ""a date which will live in infamy"". The attack remains the deadliest non-pathological disaster to ever happen in Hawaii, and for nearly 60 years, was the deadliest foreign attack on the US until the September 11 attacks in 2001."
MISC,0.96424973,British,37,44,Attack on Pearl Harbor,3,"Japan declared war on the US and the British Empire later that day (December 8 in Tokyo), but the declarations were not delivered until the next day. On December 8, both the United Kingdom and the US declared war on Japan. On December 11, though they had no formal obligation to do so under the Tripartite Pact with Japan, Germany and Italy each declared war on the United States, which responded by declaring war on Germany and Italy. While there were historical precedents for unannounced military action by Japan, the lack of a formal warning and perception that the attack had been unprovoked led US president Franklin D. Roosevelt to famously label December 7, 1941, ""a date which will live in infamy"". The attack remains the deadliest non-pathological disaster to ever happen in Hawaii, and for nearly 60 years, was the deadliest foreign attack on the US until the September 11 attacks in 2001."
LOC,0.804944,Empire,45,51,Attack on Pearl Harbor,3,"Japan declared war on the US and the British Empire later that day (December 8 in Tokyo), but the declarations were not delivered until the next day. On December 8, both the United Kingdom and the US declared war on Japan. On December 11, though they had no formal obligation to do so under the Tripartite Pact with Japan, Germany and Italy each declared war on the United States, which responded by declaring war on Germany and Italy. While there were historical precedents for unannounced military action by Japan, the lack of a formal warning and perception that the attack had been unprovoked led US president Franklin D. Roosevelt to famously label December 7, 1941, ""a date which will live in infamy"". The attack remains the deadliest non-pathological disaster to ever happen in Hawaii, and for nearly 60 years, was the deadliest foreign attack on the US until the September 11 attacks in 2001."
LOC,0.9997254,Tokyo,82,87,Attack on Pearl Harbor,3,"Japan declared war on the US and the British Empire later that day (December 8 in Tokyo), but the declarations were not delivered until the next day. On December 8, both the United Kingdom and the US declared war on Japan. On December 11, though they had no formal obligation to do so under the Tripartite Pact with Japan, Germany and Italy each declared war on the United States, which responded by declaring war on Germany and Italy. While there were historical precedents for unannounced military action by Japan, the lack of a formal warning and perception that the attack had been unprovoked led US president Franklin D. Roosevelt to famously label December 7, 1941, ""a date which will live in infamy"". The attack remains the deadliest non-pathological disaster to ever happen in Hawaii, and for nearly 60 years, was the deadliest foreign attack on the US until the September 11 attacks in 2001."
LOC,0.9993999,United Kingdom,174,188,Attack on Pearl Harbor,3,"Japan declared war on the US and the British Empire later that day (December 8 in Tokyo), but the declarations were not delivered until the next day. On December 8, both the United Kingdom and the US declared war on Japan. On December 11, though they had no formal obligation to do so under the Tripartite Pact with Japan, Germany and Italy each declared war on the United States, which responded by declaring war on Germany and Italy. While there were historical precedents for unannounced military action by Japan, the lack of a formal warning and perception that the attack had been unprovoked led US president Franklin D. Roosevelt to famously label December 7, 1941, ""a date which will live in infamy"". The attack remains the deadliest non-pathological disaster to ever happen in Hawaii, and for nearly 60 years, was the deadliest foreign attack on the US until the September 11 attacks in 2001."
LOC,0.99929154,US,197,199,Attack on Pearl Harbor,3,"Japan declared war on the US and the British Empire later that day (December 8 in Tokyo), but the declarations were not delivered until the next day. On December 8, both the United Kingdom and the US declared war on Japan. On December 11, though they had no formal obligation to do so under the Tripartite Pact with Japan, Germany and Italy each declared war on the United States, which responded by declaring war on Germany and Italy. While there were historical precedents for unannounced military action by Japan, the lack of a formal warning and perception that the attack had been unprovoked led US president Franklin D. Roosevelt to famously label December 7, 1941, ""a date which will live in infamy"". The attack remains the deadliest non-pathological disaster to ever happen in Hawaii, and for nearly 60 years, was the deadliest foreign attack on the US until the September 11 attacks in 2001."
LOC,0.9998042,Japan,216,221,Attack on Pearl Harbor,3,"Japan declared war on the US and the British Empire later that day (December 8 in Tokyo), but the declarations were not delivered until the next day. On December 8, both the United Kingdom and the US declared war on Japan. On December 11, though they had no formal obligation to do so under the Tripartite Pact with Japan, Germany and Italy each declared war on the United States, which responded by declaring war on Germany and Italy. While there were historical precedents for unannounced military action by Japan, the lack of a formal warning and perception that the attack had been unprovoked led US president Franklin D. Roosevelt to famously label December 7, 1941, ""a date which will live in infamy"". The attack remains the deadliest non-pathological disaster to ever happen in Hawaii, and for nearly 60 years, was the deadliest foreign attack on the US until the September 11 attacks in 2001."
MISC,0.81527495,Tripartite Pact,295,310,Attack on Pearl Harbor,3,"Japan declared war on the US and the British Empire later that day (December 8 in Tokyo), but the declarations were not delivered until the next day. On December 8, both the United Kingdom and the US declared war on Japan. On December 11, though they had no formal obligation to do so under the Tripartite Pact with Japan, Germany and Italy each declared war on the United States, which responded by declaring war on Germany and Italy. While there were historical precedents for unannounced military action by Japan, the lack of a formal warning and perception that the attack had been unprovoked led US president Franklin D. Roosevelt to famously label December 7, 1941, ""a date which will live in infamy"". The attack remains the deadliest non-pathological disaster to ever happen in Hawaii, and for nearly 60 years, was the deadliest foreign attack on the US until the September 11 attacks in 2001."
LOC,0.99979585,Japan,316,321,Attack on Pearl Harbor,3,"Japan declared war on the US and the British Empire later that day (December 8 in Tokyo), but the declarations were not delivered until the next day. On December 8, both the United Kingdom and the US declared war on Japan. On December 11, though they had no formal obligation to do so under the Tripartite Pact with Japan, Germany and Italy each declared war on the United States, which responded by declaring war on Germany and Italy. While there were historical precedents for unannounced military action by Japan, the lack of a formal warning and perception that the attack had been unprovoked led US president Franklin D. Roosevelt to famously label December 7, 1941, ""a date which will live in infamy"". The attack remains the deadliest non-pathological disaster to ever happen in Hawaii, and for nearly 60 years, was the deadliest foreign attack on the US until the September 11 attacks in 2001."
LOC,0.99979013,Germany,323,330,Attack on Pearl Harbor,3,"Japan declared war on the US and the British Empire later that day (December 8 in Tokyo), but the declarations were not delivered until the next day. On December 8, both the United Kingdom and the US declared war on Japan. On December 11, though they had no formal obligation to do so under the Tripartite Pact with Japan, Germany and Italy each declared war on the United States, which responded by declaring war on Germany and Italy. While there were historical precedents for unannounced military action by Japan, the lack of a formal warning and perception that the attack had been unprovoked led US president Franklin D. Roosevelt to famously label December 7, 1941, ""a date which will live in infamy"". The attack remains the deadliest non-pathological disaster to ever happen in Hawaii, and for nearly 60 years, was the deadliest foreign attack on the US until the September 11 attacks in 2001."
LOC,0.999816,Italy,335,340,Attack on Pearl Harbor,3,"Japan declared war on the US and the British Empire later that day (December 8 in Tokyo), but the declarations were not delivered until the next day. On December 8, both the United Kingdom and the US declared war on Japan. On December 11, though they had no formal obligation to do so under the Tripartite Pact with Japan, Germany and Italy each declared war on the United States, which responded by declaring war on Germany and Italy. While there were historical precedents for unannounced military action by Japan, the lack of a formal warning and perception that the attack had been unprovoked led US president Franklin D. Roosevelt to famously label December 7, 1941, ""a date which will live in infamy"". The attack remains the deadliest non-pathological disaster to ever happen in Hawaii, and for nearly 60 years, was the deadliest foreign attack on the US until the September 11 attacks in 2001."
LOC,0.9995476,United States,366,379,Attack on Pearl Harbor,3,"Japan declared war on the US and the British Empire later that day (December 8 in Tokyo), but the declarations were not delivered until the next day. On December 8, both the United Kingdom and the US declared war on Japan. On December 11, though they had no formal obligation to do so under the Tripartite Pact with Japan, Germany and Italy each declared war on the United States, which responded by declaring war on Germany and Italy. While there were historical precedents for unannounced military action by Japan, the lack of a formal warning and perception that the attack had been unprovoked led US president Franklin D. Roosevelt to famously label December 7, 1941, ""a date which will live in infamy"". The attack remains the deadliest non-pathological disaster to ever happen in Hawaii, and for nearly 60 years, was the deadliest foreign attack on the US until the September 11 attacks in 2001."
LOC,0.99972826,Germany,417,424,Attack on Pearl Harbor,3,"Japan declared war on the US and the British Empire later that day (December 8 in Tokyo), but the declarations were not delivered until the next day. On December 8, both the United Kingdom and the US declared war on Japan. On December 11, though they had no formal obligation to do so under the Tripartite Pact with Japan, Germany and Italy each declared war on the United States, which responded by declaring war on Germany and Italy. While there were historical precedents for unannounced military action by Japan, the lack of a formal warning and perception that the attack had been unprovoked led US president Franklin D. Roosevelt to famously label December 7, 1941, ""a date which will live in infamy"". The attack remains the deadliest non-pathological disaster to ever happen in Hawaii, and for nearly 60 years, was the deadliest foreign attack on the US until the September 11 attacks in 2001."
LOC,0.9997992,Italy,429,434,Attack on Pearl Harbor,3,"Japan declared war on the US and the British Empire later that day (December 8 in Tokyo), but the declarations were not delivered until the next day. On December 8, both the United Kingdom and the US declared war on Japan. On December 11, though they had no formal obligation to do so under the Tripartite Pact with Japan, Germany and Italy each declared war on the United States, which responded by declaring war on Germany and Italy. While there were historical precedents for unannounced military action by Japan, the lack of a formal warning and perception that the attack had been unprovoked led US president Franklin D. Roosevelt to famously label December 7, 1941, ""a date which will live in infamy"". The attack remains the deadliest non-pathological disaster to ever happen in Hawaii, and for nearly 60 years, was the deadliest foreign attack on the US until the September 11 attacks in 2001."
LOC,0.99980277,Japan,510,515,Attack on Pearl Harbor,3,"Japan declared war on the US and the British Empire later that day (December 8 in Tokyo), but the declarations were not delivered until the next day. On December 8, both the United Kingdom and the US declared war on Japan. On December 11, though they had no formal obligation to do so under the Tripartite Pact with Japan, Germany and Italy each declared war on the United States, which responded by declaring war on Germany and Italy. While there were historical precedents for unannounced military action by Japan, the lack of a formal warning and perception that the attack had been unprovoked led US president Franklin D. Roosevelt to famously label December 7, 1941, ""a date which will live in infamy"". The attack remains the deadliest non-pathological disaster to ever happen in Hawaii, and for nearly 60 years, was the deadliest foreign attack on the US until the September 11 attacks in 2001."
LOC,0.9581512,US,601,603,Attack on Pearl Harbor,3,"Japan declared war on the US and the British Empire later that day (December 8 in Tokyo), but the declarations were not delivered until the next day. On December 8, both the United Kingdom and the US declared war on Japan. On December 11, though they had no formal obligation to do so under the Tripartite Pact with Japan, Germany and Italy each declared war on the United States, which responded by declaring war on Germany and Italy. While there were historical precedents for unannounced military action by Japan, the lack of a formal warning and perception that the attack had been unprovoked led US president Franklin D. Roosevelt to famously label December 7, 1941, ""a date which will live in infamy"". The attack remains the deadliest non-pathological disaster to ever happen in Hawaii, and for nearly 60 years, was the deadliest foreign attack on the US until the September 11 attacks in 2001."
PER,0.98550975,Franklin D. Roosevelt,614,635,Attack on Pearl Harbor,3,"Japan declared war on the US and the British Empire later that day (December 8 in Tokyo), but the declarations were not delivered until the next day. On December 8, both the United Kingdom and the US declared war on Japan. On December 11, though they had no formal obligation to do so under the Tripartite Pact with Japan, Germany and Italy each declared war on the United States, which responded by declaring war on Germany and Italy. While there were historical precedents for unannounced military action by Japan, the lack of a formal warning and perception that the attack had been unprovoked led US president Franklin D. Roosevelt to famously label December 7, 1941, ""a date which will live in infamy"". The attack remains the deadliest non-pathological disaster to ever happen in Hawaii, and for nearly 60 years, was the deadliest foreign attack on the US until the September 11 attacks in 2001."
LOC,0.9998197,Hawaii,785,791,Attack on Pearl Harbor,3,"Japan declared war on the US and the British Empire later that day (December 8 in Tokyo), but the declarations were not delivered until the next day. On December 8, both the United Kingdom and the US declared war on Japan. On December 11, though they had no formal obligation to do so under the Tripartite Pact with Japan, Germany and Italy each declared war on the United States, which responded by declaring war on Germany and Italy. While there were historical precedents for unannounced military action by Japan, the lack of a formal warning and perception that the attack had been unprovoked led US president Franklin D. Roosevelt to famously label December 7, 1941, ""a date which will live in infamy"". The attack remains the deadliest non-pathological disaster to ever happen in Hawaii, and for nearly 60 years, was the deadliest foreign attack on the US until the September 11 attacks in 2001."
LOC,0.9991868,US,858,860,Attack on Pearl Harbor,3,"Japan declared war on the US and the British Empire later that day (December 8 in Tokyo), but the declarations were not delivered until the next day. On December 8, both the United Kingdom and the US declared war on Japan. On December 11, though they had no formal obligation to do so under the Tripartite Pact with Japan, Germany and Italy each declared war on the United States, which responded by declaring war on Germany and Italy. While there were historical precedents for unannounced military action by Japan, the lack of a formal warning and perception that the attack had been unprovoked led US president Franklin D. Roosevelt to famously label December 7, 1941, ""a date which will live in infamy"". The attack remains the deadliest non-pathological disaster to ever happen in Hawaii, and for nearly 60 years, was the deadliest foreign attack on the US until the September 11 attacks in 2001."
MISC,0.60032594,11,881,883,Attack on Pearl Harbor,3,"Japan declared war on the US and the British Empire later that day (December 8 in Tokyo), but the declarations were not delivered until the next day. On December 8, both the United Kingdom and the US declared war on Japan. On December 11, though they had no formal obligation to do so under the Tripartite Pact with Japan, Germany and Italy each declared war on the United States, which responded by declaring war on Germany and Italy. While there were historical precedents for unannounced military action by Japan, the lack of a formal warning and perception that the attack had been unprovoked led US president Franklin D. Roosevelt to famously label December 7, 1941, ""a date which will live in infamy"". The attack remains the deadliest non-pathological disaster to ever happen in Hawaii, and for nearly 60 years, was the deadliest foreign attack on the US until the September 11 attacks in 2001."
MISC,0.37525114,Empire of Japan,16,31,Attack on Pearl Harbor,4,"War between the Empire of Japan and the United States was seen as a possibility since the 1920s. Japan had been wary of American territorial and military expansion in the Pacific and Asia since the late 1890s, followed by the annexation of islands, such as Hawaii and the Philippines, which were close to or within Japan's perceived sphere of influence."
LOC,0.9992728,United States,40,53,Attack on Pearl Harbor,4,"War between the Empire of Japan and the United States was seen as a possibility since the 1920s. Japan had been wary of American territorial and military expansion in the Pacific and Asia since the late 1890s, followed by the annexation of islands, such as Hawaii and the Philippines, which were close to or within Japan's perceived sphere of influence."
LOC,0.9997321,Japan,97,102,Attack on Pearl Harbor,4,"War between the Empire of Japan and the United States was seen as a possibility since the 1920s. Japan had been wary of American territorial and military expansion in the Pacific and Asia since the late 1890s, followed by the annexation of islands, such as Hawaii and the Philippines, which were close to or within Japan's perceived sphere of influence."
MISC,0.9996903,American,120,128,Attack on Pearl Harbor,4,"War between the Empire of Japan and the United States was seen as a possibility since the 1920s. Japan had been wary of American territorial and military expansion in the Pacific and Asia since the late 1890s, followed by the annexation of islands, such as Hawaii and the Philippines, which were close to or within Japan's perceived sphere of influence."
LOC,0.9995504,Pacific,171,178,Attack on Pearl Harbor,4,"War between the Empire of Japan and the United States was seen as a possibility since the 1920s. Japan had been wary of American territorial and military expansion in the Pacific and Asia since the late 1890s, followed by the annexation of islands, such as Hawaii and the Philippines, which were close to or within Japan's perceived sphere of influence."
LOC,0.99967,Asia,183,187,Attack on Pearl Harbor,4,"War between the Empire of Japan and the United States was seen as a possibility since the 1920s. Japan had been wary of American territorial and military expansion in the Pacific and Asia since the late 1890s, followed by the annexation of islands, such as Hawaii and the Philippines, which were close to or within Japan's perceived sphere of influence."
LOC,0.9997594,Hawaii,257,263,Attack on Pearl Harbor,4,"War between the Empire of Japan and the United States was seen as a possibility since the 1920s. Japan had been wary of American territorial and military expansion in the Pacific and Asia since the late 1890s, followed by the annexation of islands, such as Hawaii and the Philippines, which were close to or within Japan's perceived sphere of influence."
LOC,0.9997081,Philippines,272,283,Attack on Pearl Harbor,4,"War between the Empire of Japan and the United States was seen as a possibility since the 1920s. Japan had been wary of American territorial and military expansion in the Pacific and Asia since the late 1890s, followed by the annexation of islands, such as Hawaii and the Philippines, which were close to or within Japan's perceived sphere of influence."
LOC,0.9997956,Japan,315,320,Attack on Pearl Harbor,4,"War between the Empire of Japan and the United States was seen as a possibility since the 1920s. Japan had been wary of American territorial and military expansion in the Pacific and Asia since the late 1890s, followed by the annexation of islands, such as Hawaii and the Philippines, which were close to or within Japan's perceived sphere of influence."
MISC,0.9997969,Japanese,18,26,Attack on Pearl Harbor,5,"At the same time, Japanese strategic thinkers believed that Japan needed economic self-sufficiency in order to wage modern war. The experiences of World War I had taught the Japanese that modern wars would be protracted, require total mobilization, and create vulnerabilities for trade embargoes and encirclement. As a consequence, Japan needed access to strategically important resources (e.g., iron, oil) that could not be extracted at sufficient levels in the home islands."
LOC,0.99979204,Japan,60,65,Attack on Pearl Harbor,5,"At the same time, Japanese strategic thinkers believed that Japan needed economic self-sufficiency in order to wage modern war. The experiences of World War I had taught the Japanese that modern wars would be protracted, require total mobilization, and create vulnerabilities for trade embargoes and encirclement. As a consequence, Japan needed access to strategically important resources (e.g., iron, oil) that could not be extracted at sufficient levels in the home islands."
MISC,0.9977847,World War I,147,158,Attack on Pearl Harbor,5,"At the same time, Japanese strategic thinkers believed that Japan needed economic self-sufficiency in order to wage modern war. The experiences of World War I had taught the Japanese that modern wars would be protracted, require total mobilization, and create vulnerabilities for trade embargoes and encirclement. As a consequence, Japan needed access to strategically important resources (e.g., iron, oil) that could not be extracted at sufficient levels in the home islands."
MISC,0.99977165,Japanese,174,182,Attack on Pearl Harbor,5,"At the same time, Japanese strategic thinkers believed that Japan needed economic self-sufficiency in order to wage modern war. The experiences of World War I had taught the Japanese that modern wars would be protracted, require total mobilization, and create vulnerabilities for trade embargoes and encirclement. As a consequence, Japan needed access to strategically important resources (e.g., iron, oil) that could not be extracted at sufficient levels in the home islands."
LOC,0.99980897,Japan,332,337,Attack on Pearl Harbor,5,"At the same time, Japanese strategic thinkers believed that Japan needed economic self-sufficiency in order to wage modern war. The experiences of World War I had taught the Japanese that modern wars would be protracted, require total mobilization, and create vulnerabilities for trade embargoes and encirclement. As a consequence, Japan needed access to strategically important resources (e.g., iron, oil) that could not be extracted at sufficient levels in the home islands."
LOC,0.9997414,Japan,9,14,Attack on Pearl Harbor,6,"Although Japan had begun to take a hostile stance against the United States after the rejection of the Racial Equality Proposal, their relationship was cordial enough to remain trading partners. Tensions did not seriously grow until Japan's invasion of Manchuria in 1931. Over the next decade, Japan expanded into China, leading to the Second Sino-Japanese War in 1937. Japan spent considerable effort trying to isolate China and endeavored to secure enough independent resources to attain victory on the mainland. The ""Southern Operation"" was designed to assist these efforts. Nevertheless, Japan would still rely heavily on US oil imports, including to Japanese forces in Japan-occupied Manchuria."
LOC,0.99950767,United States,62,75,Attack on Pearl Harbor,6,"Although Japan had begun to take a hostile stance against the United States after the rejection of the Racial Equality Proposal, their relationship was cordial enough to remain trading partners. Tensions did not seriously grow until Japan's invasion of Manchuria in 1931. Over the next decade, Japan expanded into China, leading to the Second Sino-Japanese War in 1937. Japan spent considerable effort trying to isolate China and endeavored to secure enough independent resources to attain victory on the mainland. The ""Southern Operation"" was designed to assist these efforts. Nevertheless, Japan would still rely heavily on US oil imports, including to Japanese forces in Japan-occupied Manchuria."
MISC,0.97631234,Racial Equality Proposal,103,127,Attack on Pearl Harbor,6,"Although Japan had begun to take a hostile stance against the United States after the rejection of the Racial Equality Proposal, their relationship was cordial enough to remain trading partners. Tensions did not seriously grow until Japan's invasion of Manchuria in 1931. Over the next decade, Japan expanded into China, leading to the Second Sino-Japanese War in 1937. Japan spent considerable effort trying to isolate China and endeavored to secure enough independent resources to attain victory on the mainland. The ""Southern Operation"" was designed to assist these efforts. Nevertheless, Japan would still rely heavily on US oil imports, including to Japanese forces in Japan-occupied Manchuria."
LOC,0.99978346,Japan,233,238,Attack on Pearl Harbor,6,"Although Japan had begun to take a hostile stance against the United States after the rejection of the Racial Equality Proposal, their relationship was cordial enough to remain trading partners. Tensions did not seriously grow until Japan's invasion of Manchuria in 1931. Over the next decade, Japan expanded into China, leading to the Second Sino-Japanese War in 1937. Japan spent considerable effort trying to isolate China and endeavored to secure enough independent resources to attain victory on the mainland. The ""Southern Operation"" was designed to assist these efforts. Nevertheless, Japan would still rely heavily on US oil imports, including to Japanese forces in Japan-occupied Manchuria."
LOC,0.6555412,Manchuria,253,262,Attack on Pearl Harbor,6,"Although Japan had begun to take a hostile stance against the United States after the rejection of the Racial Equality Proposal, their relationship was cordial enough to remain trading partners. Tensions did not seriously grow until Japan's invasion of Manchuria in 1931. Over the next decade, Japan expanded into China, leading to the Second Sino-Japanese War in 1937. Japan spent considerable effort trying to isolate China and endeavored to secure enough independent resources to attain victory on the mainland. The ""Southern Operation"" was designed to assist these efforts. Nevertheless, Japan would still rely heavily on US oil imports, including to Japanese forces in Japan-occupied Manchuria."
LOC,0.99978787,Japan,294,299,Attack on Pearl Harbor,6,"Although Japan had begun to take a hostile stance against the United States after the rejection of the Racial Equality Proposal, their relationship was cordial enough to remain trading partners. Tensions did not seriously grow until Japan's invasion of Manchuria in 1931. Over the next decade, Japan expanded into China, leading to the Second Sino-Japanese War in 1937. Japan spent considerable effort trying to isolate China and endeavored to secure enough independent resources to attain victory on the mainland. The ""Southern Operation"" was designed to assist these efforts. Nevertheless, Japan would still rely heavily on US oil imports, including to Japanese forces in Japan-occupied Manchuria."
LOC,0.9998388,China,314,319,Attack on Pearl Harbor,6,"Although Japan had begun to take a hostile stance against the United States after the rejection of the Racial Equality Proposal, their relationship was cordial enough to remain trading partners. Tensions did not seriously grow until Japan's invasion of Manchuria in 1931. Over the next decade, Japan expanded into China, leading to the Second Sino-Japanese War in 1937. Japan spent considerable effort trying to isolate China and endeavored to secure enough independent resources to attain victory on the mainland. The ""Southern Operation"" was designed to assist these efforts. Nevertheless, Japan would still rely heavily on US oil imports, including to Japanese forces in Japan-occupied Manchuria."
MISC,0.99263954,Second Sino - Japanese War,336,360,Attack on Pearl Harbor,6,"Although Japan had begun to take a hostile stance against the United States after the rejection of the Racial Equality Proposal, their relationship was cordial enough to remain trading partners. Tensions did not seriously grow until Japan's invasion of Manchuria in 1931. Over the next decade, Japan expanded into China, leading to the Second Sino-Japanese War in 1937. Japan spent considerable effort trying to isolate China and endeavored to secure enough independent resources to attain victory on the mainland. The ""Southern Operation"" was designed to assist these efforts. Nevertheless, Japan would still rely heavily on US oil imports, including to Japanese forces in Japan-occupied Manchuria."
LOC,0.9997359,Japan,370,375,Attack on Pearl Harbor,6,"Although Japan had begun to take a hostile stance against the United States after the rejection of the Racial Equality Proposal, their relationship was cordial enough to remain trading partners. Tensions did not seriously grow until Japan's invasion of Manchuria in 1931. Over the next decade, Japan expanded into China, leading to the Second Sino-Japanese War in 1937. Japan spent considerable effort trying to isolate China and endeavored to secure enough independent resources to attain victory on the mainland. The ""Southern Operation"" was designed to assist these efforts. Nevertheless, Japan would still rely heavily on US oil imports, including to Japanese forces in Japan-occupied Manchuria."
LOC,0.999821,China,420,425,Attack on Pearl Harbor,6,"Although Japan had begun to take a hostile stance against the United States after the rejection of the Racial Equality Proposal, their relationship was cordial enough to remain trading partners. Tensions did not seriously grow until Japan's invasion of Manchuria in 1931. Over the next decade, Japan expanded into China, leading to the Second Sino-Japanese War in 1937. Japan spent considerable effort trying to isolate China and endeavored to secure enough independent resources to attain victory on the mainland. The ""Southern Operation"" was designed to assist these efforts. Nevertheless, Japan would still rely heavily on US oil imports, including to Japanese forces in Japan-occupied Manchuria."
MISC,0.9973041,Southern Operation,520,538,Attack on Pearl Harbor,6,"Although Japan had begun to take a hostile stance against the United States after the rejection of the Racial Equality Proposal, their relationship was cordial enough to remain trading partners. Tensions did not seriously grow until Japan's invasion of Manchuria in 1931. Over the next decade, Japan expanded into China, leading to the Second Sino-Japanese War in 1937. Japan spent considerable effort trying to isolate China and endeavored to secure enough independent resources to attain victory on the mainland. The ""Southern Operation"" was designed to assist these efforts. Nevertheless, Japan would still rely heavily on US oil imports, including to Japanese forces in Japan-occupied Manchuria."
LOC,0.9997714,Japan,592,597,Attack on Pearl Harbor,6,"Although Japan had begun to take a hostile stance against the United States after the rejection of the Racial Equality Proposal, their relationship was cordial enough to remain trading partners. Tensions did not seriously grow until Japan's invasion of Manchuria in 1931. Over the next decade, Japan expanded into China, leading to the Second Sino-Japanese War in 1937. Japan spent considerable effort trying to isolate China and endeavored to secure enough independent resources to attain victory on the mainland. The ""Southern Operation"" was designed to assist these efforts. Nevertheless, Japan would still rely heavily on US oil imports, including to Japanese forces in Japan-occupied Manchuria."
MISC,0.96135384,US,626,628,Attack on Pearl Harbor,6,"Although Japan had begun to take a hostile stance against the United States after the rejection of the Racial Equality Proposal, their relationship was cordial enough to remain trading partners. Tensions did not seriously grow until Japan's invasion of Manchuria in 1931. Over the next decade, Japan expanded into China, leading to the Second Sino-Japanese War in 1937. Japan spent considerable effort trying to isolate China and endeavored to secure enough independent resources to attain victory on the mainland. The ""Southern Operation"" was designed to assist these efforts. Nevertheless, Japan would still rely heavily on US oil imports, including to Japanese forces in Japan-occupied Manchuria."
MISC,0.9997608,Japanese,655,663,Attack on Pearl Harbor,6,"Although Japan had begun to take a hostile stance against the United States after the rejection of the Racial Equality Proposal, their relationship was cordial enough to remain trading partners. Tensions did not seriously grow until Japan's invasion of Manchuria in 1931. Over the next decade, Japan expanded into China, leading to the Second Sino-Japanese War in 1937. Japan spent considerable effort trying to isolate China and endeavored to secure enough independent resources to attain victory on the mainland. The ""Southern Operation"" was designed to assist these efforts. Nevertheless, Japan would still rely heavily on US oil imports, including to Japanese forces in Japan-occupied Manchuria."
MISC,0.9995628,Japan,674,679,Attack on Pearl Harbor,6,"Although Japan had begun to take a hostile stance against the United States after the rejection of the Racial Equality Proposal, their relationship was cordial enough to remain trading partners. Tensions did not seriously grow until Japan's invasion of Manchuria in 1931. Over the next decade, Japan expanded into China, leading to the Second Sino-Japanese War in 1937. Japan spent considerable effort trying to isolate China and endeavored to secure enough independent resources to attain victory on the mainland. The ""Southern Operation"" was designed to assist these efforts. Nevertheless, Japan would still rely heavily on US oil imports, including to Japanese forces in Japan-occupied Manchuria."
LOC,0.6592149,Manchuria,689,698,Attack on Pearl Harbor,6,"Although Japan had begun to take a hostile stance against the United States after the rejection of the Racial Equality Proposal, their relationship was cordial enough to remain trading partners. Tensions did not seriously grow until Japan's invasion of Manchuria in 1931. Over the next decade, Japan expanded into China, leading to the Second Sino-Japanese War in 1937. Japan spent considerable effort trying to isolate China and endeavored to secure enough independent resources to attain victory on the mainland. The ""Southern Operation"" was designed to assist these efforts. Nevertheless, Japan would still rely heavily on US oil imports, including to Japanese forces in Japan-occupied Manchuria."
ORG,0.77236557,Far Eastern,65,76,Attack on Pearl Harbor,7,"In a memorandum dated October 24, 1934, Chief of the Division of Far Eastern Affairs Stanley K. Hornbeck discussed his meeting with Standard Oil New Jersey head Walter C. Teagle to US president Franklin D. Roosevelt. The memo described Teagle as uncooperative with US recommendations, and said that Standard Oil was given special treatment by the Japanese government which made the company less subject to Japan's national business regulation policies than other companies. Hornbeck noted in the memorandum that as a result of Teagle's business dealings with Japan, ""the major portion of the petroleum and petroleum products now imported into Japan is of American origin."""
PER,0.999038,Stanley K. Hornbeck,85,104,Attack on Pearl Harbor,7,"In a memorandum dated October 24, 1934, Chief of the Division of Far Eastern Affairs Stanley K. Hornbeck discussed his meeting with Standard Oil New Jersey head Walter C. Teagle to US president Franklin D. Roosevelt. The memo described Teagle as uncooperative with US recommendations, and said that Standard Oil was given special treatment by the Japanese government which made the company less subject to Japan's national business regulation policies than other companies. Hornbeck noted in the memorandum that as a result of Teagle's business dealings with Japan, ""the major portion of the petroleum and petroleum products now imported into Japan is of American origin."""
ORG,0.99866545,Standard Oil New Jersey,132,155,Attack on Pearl Harbor,7,"In a memorandum dated October 24, 1934, Chief of the Division of Far Eastern Affairs Stanley K. Hornbeck discussed his meeting with Standard Oil New Jersey head Walter C. Teagle to US president Franklin D. Roosevelt. The memo described Teagle as uncooperative with US recommendations, and said that Standard Oil was given special treatment by the Japanese government which made the company less subject to Japan's national business regulation policies than other companies. Hornbeck noted in the memorandum that as a result of Teagle's business dealings with Japan, ""the major portion of the petroleum and petroleum products now imported into Japan is of American origin."""
PER,0.9985713,Walter C. Teagle,161,177,Attack on Pearl Harbor,7,"In a memorandum dated October 24, 1934, Chief of the Division of Far Eastern Affairs Stanley K. Hornbeck discussed his meeting with Standard Oil New Jersey head Walter C. Teagle to US president Franklin D. Roosevelt. The memo described Teagle as uncooperative with US recommendations, and said that Standard Oil was given special treatment by the Japanese government which made the company less subject to Japan's national business regulation policies than other companies. Hornbeck noted in the memorandum that as a result of Teagle's business dealings with Japan, ""the major portion of the petroleum and petroleum products now imported into Japan is of American origin."""
LOC,0.9805402,US,181,183,Attack on Pearl Harbor,7,"In a memorandum dated October 24, 1934, Chief of the Division of Far Eastern Affairs Stanley K. Hornbeck discussed his meeting with Standard Oil New Jersey head Walter C. Teagle to US president Franklin D. Roosevelt. The memo described Teagle as uncooperative with US recommendations, and said that Standard Oil was given special treatment by the Japanese government which made the company less subject to Japan's national business regulation policies than other companies. Hornbeck noted in the memorandum that as a result of Teagle's business dealings with Japan, ""the major portion of the petroleum and petroleum products now imported into Japan is of American origin."""
PER,0.953915,Franklin D. Roosevelt,194,215,Attack on Pearl Harbor,7,"In a memorandum dated October 24, 1934, Chief of the Division of Far Eastern Affairs Stanley K. Hornbeck discussed his meeting with Standard Oil New Jersey head Walter C. Teagle to US president Franklin D. Roosevelt. The memo described Teagle as uncooperative with US recommendations, and said that Standard Oil was given special treatment by the Japanese government which made the company less subject to Japan's national business regulation policies than other companies. Hornbeck noted in the memorandum that as a result of Teagle's business dealings with Japan, ""the major portion of the petroleum and petroleum products now imported into Japan is of American origin."""
PER,0.49878365,Teagle,236,242,Attack on Pearl Harbor,7,"In a memorandum dated October 24, 1934, Chief of the Division of Far Eastern Affairs Stanley K. Hornbeck discussed his meeting with Standard Oil New Jersey head Walter C. Teagle to US president Franklin D. Roosevelt. The memo described Teagle as uncooperative with US recommendations, and said that Standard Oil was given special treatment by the Japanese government which made the company less subject to Japan's national business regulation policies than other companies. Hornbeck noted in the memorandum that as a result of Teagle's business dealings with Japan, ""the major portion of the petroleum and petroleum products now imported into Japan is of American origin."""
LOC,0.932199,US,265,267,Attack on Pearl Harbor,7,"In a memorandum dated October 24, 1934, Chief of the Division of Far Eastern Affairs Stanley K. Hornbeck discussed his meeting with Standard Oil New Jersey head Walter C. Teagle to US president Franklin D. Roosevelt. The memo described Teagle as uncooperative with US recommendations, and said that Standard Oil was given special treatment by the Japanese government which made the company less subject to Japan's national business regulation policies than other companies. Hornbeck noted in the memorandum that as a result of Teagle's business dealings with Japan, ""the major portion of the petroleum and petroleum products now imported into Japan is of American origin."""
ORG,0.9991462,Standard Oil,299,311,Attack on Pearl Harbor,7,"In a memorandum dated October 24, 1934, Chief of the Division of Far Eastern Affairs Stanley K. Hornbeck discussed his meeting with Standard Oil New Jersey head Walter C. Teagle to US president Franklin D. Roosevelt. The memo described Teagle as uncooperative with US recommendations, and said that Standard Oil was given special treatment by the Japanese government which made the company less subject to Japan's national business regulation policies than other companies. Hornbeck noted in the memorandum that as a result of Teagle's business dealings with Japan, ""the major portion of the petroleum and petroleum products now imported into Japan is of American origin."""
MISC,0.99977416,Japanese,347,355,Attack on Pearl Harbor,7,"In a memorandum dated October 24, 1934, Chief of the Division of Far Eastern Affairs Stanley K. Hornbeck discussed his meeting with Standard Oil New Jersey head Walter C. Teagle to US president Franklin D. Roosevelt. The memo described Teagle as uncooperative with US recommendations, and said that Standard Oil was given special treatment by the Japanese government which made the company less subject to Japan's national business regulation policies than other companies. Hornbeck noted in the memorandum that as a result of Teagle's business dealings with Japan, ""the major portion of the petroleum and petroleum products now imported into Japan is of American origin."""
LOC,0.9997931,Japan,406,411,Attack on Pearl Harbor,7,"In a memorandum dated October 24, 1934, Chief of the Division of Far Eastern Affairs Stanley K. Hornbeck discussed his meeting with Standard Oil New Jersey head Walter C. Teagle to US president Franklin D. Roosevelt. The memo described Teagle as uncooperative with US recommendations, and said that Standard Oil was given special treatment by the Japanese government which made the company less subject to Japan's national business regulation policies than other companies. Hornbeck noted in the memorandum that as a result of Teagle's business dealings with Japan, ""the major portion of the petroleum and petroleum products now imported into Japan is of American origin."""
PER,0.49976984,Hornbeck,474,482,Attack on Pearl Harbor,7,"In a memorandum dated October 24, 1934, Chief of the Division of Far Eastern Affairs Stanley K. Hornbeck discussed his meeting with Standard Oil New Jersey head Walter C. Teagle to US president Franklin D. Roosevelt. The memo described Teagle as uncooperative with US recommendations, and said that Standard Oil was given special treatment by the Japanese government which made the company less subject to Japan's national business regulation policies than other companies. Hornbeck noted in the memorandum that as a result of Teagle's business dealings with Japan, ""the major portion of the petroleum and petroleum products now imported into Japan is of American origin."""
ORG,0.49262577,Teagle,527,533,Attack on Pearl Harbor,7,"In a memorandum dated October 24, 1934, Chief of the Division of Far Eastern Affairs Stanley K. Hornbeck discussed his meeting with Standard Oil New Jersey head Walter C. Teagle to US president Franklin D. Roosevelt. The memo described Teagle as uncooperative with US recommendations, and said that Standard Oil was given special treatment by the Japanese government which made the company less subject to Japan's national business regulation policies than other companies. Hornbeck noted in the memorandum that as a result of Teagle's business dealings with Japan, ""the major portion of the petroleum and petroleum products now imported into Japan is of American origin."""
LOC,0.99979717,Japan,559,564,Attack on Pearl Harbor,7,"In a memorandum dated October 24, 1934, Chief of the Division of Far Eastern Affairs Stanley K. Hornbeck discussed his meeting with Standard Oil New Jersey head Walter C. Teagle to US president Franklin D. Roosevelt. The memo described Teagle as uncooperative with US recommendations, and said that Standard Oil was given special treatment by the Japanese government which made the company less subject to Japan's national business regulation policies than other companies. Hornbeck noted in the memorandum that as a result of Teagle's business dealings with Japan, ""the major portion of the petroleum and petroleum products now imported into Japan is of American origin."""
LOC,0.9997695,Japan,643,648,Attack on Pearl Harbor,7,"In a memorandum dated October 24, 1934, Chief of the Division of Far Eastern Affairs Stanley K. Hornbeck discussed his meeting with Standard Oil New Jersey head Walter C. Teagle to US president Franklin D. Roosevelt. The memo described Teagle as uncooperative with US recommendations, and said that Standard Oil was given special treatment by the Japanese government which made the company less subject to Japan's national business regulation policies than other companies. Hornbeck noted in the memorandum that as a result of Teagle's business dealings with Japan, ""the major portion of the petroleum and petroleum products now imported into Japan is of American origin."""
MISC,0.99973327,American,655,663,Attack on Pearl Harbor,7,"In a memorandum dated October 24, 1934, Chief of the Division of Far Eastern Affairs Stanley K. Hornbeck discussed his meeting with Standard Oil New Jersey head Walter C. Teagle to US president Franklin D. Roosevelt. The memo described Teagle as uncooperative with US recommendations, and said that Standard Oil was given special treatment by the Japanese government which made the company less subject to Japan's national business regulation policies than other companies. Hornbeck noted in the memorandum that as a result of Teagle's business dealings with Japan, ""the major portion of the petroleum and petroleum products now imported into Japan is of American origin."""
MISC,0.99977547,Japanese,46,54,Attack on Pearl Harbor,8,"Starting in December 1937, events such as the Japanese attack on USS Panay, the Allison incident, and the Rape of Nanjing swung Western public opinion sharply against Japan. The United States unsuccessfully proposed a joint action with the United Kingdom to blockade Japan. In 1938, following an appeal by President Roosevelt, American companies stopped providing Japan with implements of war."
LOC,0.3971723,USS,65,68,Attack on Pearl Harbor,8,"Starting in December 1937, events such as the Japanese attack on USS Panay, the Allison incident, and the Rape of Nanjing swung Western public opinion sharply against Japan. The United States unsuccessfully proposed a joint action with the United Kingdom to blockade Japan. In 1938, following an appeal by President Roosevelt, American companies stopped providing Japan with implements of war."
MISC,0.745619,Panay,69,74,Attack on Pearl Harbor,8,"Starting in December 1937, events such as the Japanese attack on USS Panay, the Allison incident, and the Rape of Nanjing swung Western public opinion sharply against Japan. The United States unsuccessfully proposed a joint action with the United Kingdom to blockade Japan. In 1938, following an appeal by President Roosevelt, American companies stopped providing Japan with implements of war."
PER,0.9648386,Allison,80,87,Attack on Pearl Harbor,8,"Starting in December 1937, events such as the Japanese attack on USS Panay, the Allison incident, and the Rape of Nanjing swung Western public opinion sharply against Japan. The United States unsuccessfully proposed a joint action with the United Kingdom to blockade Japan. In 1938, following an appeal by President Roosevelt, American companies stopped providing Japan with implements of war."
MISC,0.8215375,Rape of Nanjing,106,121,Attack on Pearl Harbor,8,"Starting in December 1937, events such as the Japanese attack on USS Panay, the Allison incident, and the Rape of Nanjing swung Western public opinion sharply against Japan. The United States unsuccessfully proposed a joint action with the United Kingdom to blockade Japan. In 1938, following an appeal by President Roosevelt, American companies stopped providing Japan with implements of war."
MISC,0.9996437,Western,128,135,Attack on Pearl Harbor,8,"Starting in December 1937, events such as the Japanese attack on USS Panay, the Allison incident, and the Rape of Nanjing swung Western public opinion sharply against Japan. The United States unsuccessfully proposed a joint action with the United Kingdom to blockade Japan. In 1938, following an appeal by President Roosevelt, American companies stopped providing Japan with implements of war."
LOC,0.99979323,Japan,167,172,Attack on Pearl Harbor,8,"Starting in December 1937, events such as the Japanese attack on USS Panay, the Allison incident, and the Rape of Nanjing swung Western public opinion sharply against Japan. The United States unsuccessfully proposed a joint action with the United Kingdom to blockade Japan. In 1938, following an appeal by President Roosevelt, American companies stopped providing Japan with implements of war."
LOC,0.9995528,United States,178,191,Attack on Pearl Harbor,8,"Starting in December 1937, events such as the Japanese attack on USS Panay, the Allison incident, and the Rape of Nanjing swung Western public opinion sharply against Japan. The United States unsuccessfully proposed a joint action with the United Kingdom to blockade Japan. In 1938, following an appeal by President Roosevelt, American companies stopped providing Japan with implements of war."
LOC,0.99956846,United Kingdom,240,254,Attack on Pearl Harbor,8,"Starting in December 1937, events such as the Japanese attack on USS Panay, the Allison incident, and the Rape of Nanjing swung Western public opinion sharply against Japan. The United States unsuccessfully proposed a joint action with the United Kingdom to blockade Japan. In 1938, following an appeal by President Roosevelt, American companies stopped providing Japan with implements of war."
LOC,0.99981445,Japan,267,272,Attack on Pearl Harbor,8,"Starting in December 1937, events such as the Japanese attack on USS Panay, the Allison incident, and the Rape of Nanjing swung Western public opinion sharply against Japan. The United States unsuccessfully proposed a joint action with the United Kingdom to blockade Japan. In 1938, following an appeal by President Roosevelt, American companies stopped providing Japan with implements of war."
PER,0.9938232,Roosevelt,316,325,Attack on Pearl Harbor,8,"Starting in December 1937, events such as the Japanese attack on USS Panay, the Allison incident, and the Rape of Nanjing swung Western public opinion sharply against Japan. The United States unsuccessfully proposed a joint action with the United Kingdom to blockade Japan. In 1938, following an appeal by President Roosevelt, American companies stopped providing Japan with implements of war."
MISC,0.99970764,American,327,335,Attack on Pearl Harbor,8,"Starting in December 1937, events such as the Japanese attack on USS Panay, the Allison incident, and the Rape of Nanjing swung Western public opinion sharply against Japan. The United States unsuccessfully proposed a joint action with the United Kingdom to blockade Japan. In 1938, following an appeal by President Roosevelt, American companies stopped providing Japan with implements of war."
LOC,0.99978215,Japan,364,369,Attack on Pearl Harbor,8,"Starting in December 1937, events such as the Japanese attack on USS Panay, the Allison incident, and the Rape of Nanjing swung Western public opinion sharply against Japan. The United States unsuccessfully proposed a joint action with the United Kingdom to blockade Japan. In 1938, following an appeal by President Roosevelt, American companies stopped providing Japan with implements of war."
LOC,0.99969625,Japan,9,14,Attack on Pearl Harbor,9,"In 1940, Japan invaded French Indochina, attempting to stymie the flow of supplies reaching China. The United States halted shipments of airplanes, parts, machine tools, and aviation gasoline to Japan, which Japan perceived as an unfriendly act. The United States did not stop oil exports, however, partly because of the prevailing sentiment in Washington that given Japanese dependence on American oil, such an action was likely to be considered an extreme provocation."
LOC,0.99882627,French Indochina,23,39,Attack on Pearl Harbor,9,"In 1940, Japan invaded French Indochina, attempting to stymie the flow of supplies reaching China. The United States halted shipments of airplanes, parts, machine tools, and aviation gasoline to Japan, which Japan perceived as an unfriendly act. The United States did not stop oil exports, however, partly because of the prevailing sentiment in Washington that given Japanese dependence on American oil, such an action was likely to be considered an extreme provocation."
LOC,0.9998512,China,92,97,Attack on Pearl Harbor,9,"In 1940, Japan invaded French Indochina, attempting to stymie the flow of supplies reaching China. The United States halted shipments of airplanes, parts, machine tools, and aviation gasoline to Japan, which Japan perceived as an unfriendly act. The United States did not stop oil exports, however, partly because of the prevailing sentiment in Washington that given Japanese dependence on American oil, such an action was likely to be considered an extreme provocation."
LOC,0.99955016,United States,103,116,Attack on Pearl Harbor,9,"In 1940, Japan invaded French Indochina, attempting to stymie the flow of supplies reaching China. The United States halted shipments of airplanes, parts, machine tools, and aviation gasoline to Japan, which Japan perceived as an unfriendly act. The United States did not stop oil exports, however, partly because of the prevailing sentiment in Washington that given Japanese dependence on American oil, such an action was likely to be considered an extreme provocation."
LOC,0.9998282,Japan,195,200,Attack on Pearl Harbor,9,"In 1940, Japan invaded French Indochina, attempting to stymie the flow of supplies reaching China. The United States halted shipments of airplanes, parts, machine tools, and aviation gasoline to Japan, which Japan perceived as an unfriendly act. The United States did not stop oil exports, however, partly because of the prevailing sentiment in Washington that given Japanese dependence on American oil, such an action was likely to be considered an extreme provocation."
LOC,0.9997775,Japan,208,213,Attack on Pearl Harbor,9,"In 1940, Japan invaded French Indochina, attempting to stymie the flow of supplies reaching China. The United States halted shipments of airplanes, parts, machine tools, and aviation gasoline to Japan, which Japan perceived as an unfriendly act. The United States did not stop oil exports, however, partly because of the prevailing sentiment in Washington that given Japanese dependence on American oil, such an action was likely to be considered an extreme provocation."
LOC,0.99961674,United States,250,263,Attack on Pearl Harbor,9,"In 1940, Japan invaded French Indochina, attempting to stymie the flow of supplies reaching China. The United States halted shipments of airplanes, parts, machine tools, and aviation gasoline to Japan, which Japan perceived as an unfriendly act. The United States did not stop oil exports, however, partly because of the prevailing sentiment in Washington that given Japanese dependence on American oil, such an action was likely to be considered an extreme provocation."
LOC,0.99974793,Washington,345,355,Attack on Pearl Harbor,9,"In 1940, Japan invaded French Indochina, attempting to stymie the flow of supplies reaching China. The United States halted shipments of airplanes, parts, machine tools, and aviation gasoline to Japan, which Japan perceived as an unfriendly act. The United States did not stop oil exports, however, partly because of the prevailing sentiment in Washington that given Japanese dependence on American oil, such an action was likely to be considered an extreme provocation."
MISC,0.999782,Japanese,367,375,Attack on Pearl Harbor,9,"In 1940, Japan invaded French Indochina, attempting to stymie the flow of supplies reaching China. The United States halted shipments of airplanes, parts, machine tools, and aviation gasoline to Japan, which Japan perceived as an unfriendly act. The United States did not stop oil exports, however, partly because of the prevailing sentiment in Washington that given Japanese dependence on American oil, such an action was likely to be considered an extreme provocation."
MISC,0.99977916,American,390,398,Attack on Pearl Harbor,9,"In 1940, Japan invaded French Indochina, attempting to stymie the flow of supplies reaching China. The United States halted shipments of airplanes, parts, machine tools, and aviation gasoline to Japan, which Japan perceived as an unfriendly act. The United States did not stop oil exports, however, partly because of the prevailing sentiment in Washington that given Japanese dependence on American oil, such an action was likely to be considered an extreme provocation."
PER,0.984823,Franklin D. Roosevelt,23,44,Attack on Pearl Harbor,10,"In mid-1940, President Franklin D. Roosevelt moved the Pacific Fleet from San Diego to Hawaii. He also ordered a military buildup in the Philippines, taking both actions in the hope of discouraging Japanese aggression in the Far East. Because the Japanese high command was mistakenly certain any attack on the United Kingdom's Southeast Asian colonies, including Singapore, would bring the United States into the war, a devastating preventive strike appeared to be the only way to prevent American naval interference. An invasion of the Philippines was also considered necessary by Japanese war planners. The American War Plan Orange had envisioned defending the Philippines with an elite force of 40,000 men; this option was never implemented due to opposition from Douglas MacArthur, who felt he would need a force ten times that size. By 1941, American planners expected to have to abandon the Philippines at the outbreak of war. Late that year, Admiral Thomas C. Hart, commander of the United States Asiatic Fleet, was given orders to that effect."
ORG,0.43856287,Pacific,55,62,Attack on Pearl Harbor,10,"In mid-1940, President Franklin D. Roosevelt moved the Pacific Fleet from San Diego to Hawaii. He also ordered a military buildup in the Philippines, taking both actions in the hope of discouraging Japanese aggression in the Far East. Because the Japanese high command was mistakenly certain any attack on the United Kingdom's Southeast Asian colonies, including Singapore, would bring the United States into the war, a devastating preventive strike appeared to be the only way to prevent American naval interference. An invasion of the Philippines was also considered necessary by Japanese war planners. The American War Plan Orange had envisioned defending the Philippines with an elite force of 40,000 men; this option was never implemented due to opposition from Douglas MacArthur, who felt he would need a force ten times that size. By 1941, American planners expected to have to abandon the Philippines at the outbreak of war. Late that year, Admiral Thomas C. Hart, commander of the United States Asiatic Fleet, was given orders to that effect."
LOC,0.5404036,Fleet,63,68,Attack on Pearl Harbor,10,"In mid-1940, President Franklin D. Roosevelt moved the Pacific Fleet from San Diego to Hawaii. He also ordered a military buildup in the Philippines, taking both actions in the hope of discouraging Japanese aggression in the Far East. Because the Japanese high command was mistakenly certain any attack on the United Kingdom's Southeast Asian colonies, including Singapore, would bring the United States into the war, a devastating preventive strike appeared to be the only way to prevent American naval interference. An invasion of the Philippines was also considered necessary by Japanese war planners. The American War Plan Orange had envisioned defending the Philippines with an elite force of 40,000 men; this option was never implemented due to opposition from Douglas MacArthur, who felt he would need a force ten times that size. By 1941, American planners expected to have to abandon the Philippines at the outbreak of war. Late that year, Admiral Thomas C. Hart, commander of the United States Asiatic Fleet, was given orders to that effect."
LOC,0.99959517,San Diego,74,83,Attack on Pearl Harbor,10,"In mid-1940, President Franklin D. Roosevelt moved the Pacific Fleet from San Diego to Hawaii. He also ordered a military buildup in the Philippines, taking both actions in the hope of discouraging Japanese aggression in the Far East. Because the Japanese high command was mistakenly certain any attack on the United Kingdom's Southeast Asian colonies, including Singapore, would bring the United States into the war, a devastating preventive strike appeared to be the only way to prevent American naval interference. An invasion of the Philippines was also considered necessary by Japanese war planners. The American War Plan Orange had envisioned defending the Philippines with an elite force of 40,000 men; this option was never implemented due to opposition from Douglas MacArthur, who felt he would need a force ten times that size. By 1941, American planners expected to have to abandon the Philippines at the outbreak of war. Late that year, Admiral Thomas C. Hart, commander of the United States Asiatic Fleet, was given orders to that effect."
LOC,0.99976796,Hawaii,87,93,Attack on Pearl Harbor,10,"In mid-1940, President Franklin D. Roosevelt moved the Pacific Fleet from San Diego to Hawaii. He also ordered a military buildup in the Philippines, taking both actions in the hope of discouraging Japanese aggression in the Far East. Because the Japanese high command was mistakenly certain any attack on the United Kingdom's Southeast Asian colonies, including Singapore, would bring the United States into the war, a devastating preventive strike appeared to be the only way to prevent American naval interference. An invasion of the Philippines was also considered necessary by Japanese war planners. The American War Plan Orange had envisioned defending the Philippines with an elite force of 40,000 men; this option was never implemented due to opposition from Douglas MacArthur, who felt he would need a force ten times that size. By 1941, American planners expected to have to abandon the Philippines at the outbreak of war. Late that year, Admiral Thomas C. Hart, commander of the United States Asiatic Fleet, was given orders to that effect."
LOC,0.9997422,Philippines,137,148,Attack on Pearl Harbor,10,"In mid-1940, President Franklin D. Roosevelt moved the Pacific Fleet from San Diego to Hawaii. He also ordered a military buildup in the Philippines, taking both actions in the hope of discouraging Japanese aggression in the Far East. Because the Japanese high command was mistakenly certain any attack on the United Kingdom's Southeast Asian colonies, including Singapore, would bring the United States into the war, a devastating preventive strike appeared to be the only way to prevent American naval interference. An invasion of the Philippines was also considered necessary by Japanese war planners. The American War Plan Orange had envisioned defending the Philippines with an elite force of 40,000 men; this option was never implemented due to opposition from Douglas MacArthur, who felt he would need a force ten times that size. By 1941, American planners expected to have to abandon the Philippines at the outbreak of war. Late that year, Admiral Thomas C. Hart, commander of the United States Asiatic Fleet, was given orders to that effect."
MISC,0.9997644,Japanese,198,206,Attack on Pearl Harbor,10,"In mid-1940, President Franklin D. Roosevelt moved the Pacific Fleet from San Diego to Hawaii. He also ordered a military buildup in the Philippines, taking both actions in the hope of discouraging Japanese aggression in the Far East. Because the Japanese high command was mistakenly certain any attack on the United Kingdom's Southeast Asian colonies, including Singapore, would bring the United States into the war, a devastating preventive strike appeared to be the only way to prevent American naval interference. An invasion of the Philippines was also considered necessary by Japanese war planners. The American War Plan Orange had envisioned defending the Philippines with an elite force of 40,000 men; this option was never implemented due to opposition from Douglas MacArthur, who felt he would need a force ten times that size. By 1941, American planners expected to have to abandon the Philippines at the outbreak of war. Late that year, Admiral Thomas C. Hart, commander of the United States Asiatic Fleet, was given orders to that effect."
LOC,0.9990609,Far East,225,233,Attack on Pearl Harbor,10,"In mid-1940, President Franklin D. Roosevelt moved the Pacific Fleet from San Diego to Hawaii. He also ordered a military buildup in the Philippines, taking both actions in the hope of discouraging Japanese aggression in the Far East. Because the Japanese high command was mistakenly certain any attack on the United Kingdom's Southeast Asian colonies, including Singapore, would bring the United States into the war, a devastating preventive strike appeared to be the only way to prevent American naval interference. An invasion of the Philippines was also considered necessary by Japanese war planners. The American War Plan Orange had envisioned defending the Philippines with an elite force of 40,000 men; this option was never implemented due to opposition from Douglas MacArthur, who felt he would need a force ten times that size. By 1941, American planners expected to have to abandon the Philippines at the outbreak of war. Late that year, Admiral Thomas C. Hart, commander of the United States Asiatic Fleet, was given orders to that effect."
MISC,0.99976283,Japanese,247,255,Attack on Pearl Harbor,10,"In mid-1940, President Franklin D. Roosevelt moved the Pacific Fleet from San Diego to Hawaii. He also ordered a military buildup in the Philippines, taking both actions in the hope of discouraging Japanese aggression in the Far East. Because the Japanese high command was mistakenly certain any attack on the United Kingdom's Southeast Asian colonies, including Singapore, would bring the United States into the war, a devastating preventive strike appeared to be the only way to prevent American naval interference. An invasion of the Philippines was also considered necessary by Japanese war planners. The American War Plan Orange had envisioned defending the Philippines with an elite force of 40,000 men; this option was never implemented due to opposition from Douglas MacArthur, who felt he would need a force ten times that size. By 1941, American planners expected to have to abandon the Philippines at the outbreak of war. Late that year, Admiral Thomas C. Hart, commander of the United States Asiatic Fleet, was given orders to that effect."
LOC,0.9991959,United Kingdom,310,324,Attack on Pearl Harbor,10,"In mid-1940, President Franklin D. Roosevelt moved the Pacific Fleet from San Diego to Hawaii. He also ordered a military buildup in the Philippines, taking both actions in the hope of discouraging Japanese aggression in the Far East. Because the Japanese high command was mistakenly certain any attack on the United Kingdom's Southeast Asian colonies, including Singapore, would bring the United States into the war, a devastating preventive strike appeared to be the only way to prevent American naval interference. An invasion of the Philippines was also considered necessary by Japanese war planners. The American War Plan Orange had envisioned defending the Philippines with an elite force of 40,000 men; this option was never implemented due to opposition from Douglas MacArthur, who felt he would need a force ten times that size. By 1941, American planners expected to have to abandon the Philippines at the outbreak of war. Late that year, Admiral Thomas C. Hart, commander of the United States Asiatic Fleet, was given orders to that effect."
MISC,0.9955622,Southeast Asian,327,342,Attack on Pearl Harbor,10,"In mid-1940, President Franklin D. Roosevelt moved the Pacific Fleet from San Diego to Hawaii. He also ordered a military buildup in the Philippines, taking both actions in the hope of discouraging Japanese aggression in the Far East. Because the Japanese high command was mistakenly certain any attack on the United Kingdom's Southeast Asian colonies, including Singapore, would bring the United States into the war, a devastating preventive strike appeared to be the only way to prevent American naval interference. An invasion of the Philippines was also considered necessary by Japanese war planners. The American War Plan Orange had envisioned defending the Philippines with an elite force of 40,000 men; this option was never implemented due to opposition from Douglas MacArthur, who felt he would need a force ten times that size. By 1941, American planners expected to have to abandon the Philippines at the outbreak of war. Late that year, Admiral Thomas C. Hart, commander of the United States Asiatic Fleet, was given orders to that effect."
LOC,0.99976915,Singapore,363,372,Attack on Pearl Harbor,10,"In mid-1940, President Franklin D. Roosevelt moved the Pacific Fleet from San Diego to Hawaii. He also ordered a military buildup in the Philippines, taking both actions in the hope of discouraging Japanese aggression in the Far East. Because the Japanese high command was mistakenly certain any attack on the United Kingdom's Southeast Asian colonies, including Singapore, would bring the United States into the war, a devastating preventive strike appeared to be the only way to prevent American naval interference. An invasion of the Philippines was also considered necessary by Japanese war planners. The American War Plan Orange had envisioned defending the Philippines with an elite force of 40,000 men; this option was never implemented due to opposition from Douglas MacArthur, who felt he would need a force ten times that size. By 1941, American planners expected to have to abandon the Philippines at the outbreak of war. Late that year, Admiral Thomas C. Hart, commander of the United States Asiatic Fleet, was given orders to that effect."
LOC,0.99943227,United States,390,403,Attack on Pearl Harbor,10,"In mid-1940, President Franklin D. Roosevelt moved the Pacific Fleet from San Diego to Hawaii. He also ordered a military buildup in the Philippines, taking both actions in the hope of discouraging Japanese aggression in the Far East. Because the Japanese high command was mistakenly certain any attack on the United Kingdom's Southeast Asian colonies, including Singapore, would bring the United States into the war, a devastating preventive strike appeared to be the only way to prevent American naval interference. An invasion of the Philippines was also considered necessary by Japanese war planners. The American War Plan Orange had envisioned defending the Philippines with an elite force of 40,000 men; this option was never implemented due to opposition from Douglas MacArthur, who felt he would need a force ten times that size. By 1941, American planners expected to have to abandon the Philippines at the outbreak of war. Late that year, Admiral Thomas C. Hart, commander of the United States Asiatic Fleet, was given orders to that effect."
MISC,0.9997749,American,489,497,Attack on Pearl Harbor,10,"In mid-1940, President Franklin D. Roosevelt moved the Pacific Fleet from San Diego to Hawaii. He also ordered a military buildup in the Philippines, taking both actions in the hope of discouraging Japanese aggression in the Far East. Because the Japanese high command was mistakenly certain any attack on the United Kingdom's Southeast Asian colonies, including Singapore, would bring the United States into the war, a devastating preventive strike appeared to be the only way to prevent American naval interference. An invasion of the Philippines was also considered necessary by Japanese war planners. The American War Plan Orange had envisioned defending the Philippines with an elite force of 40,000 men; this option was never implemented due to opposition from Douglas MacArthur, who felt he would need a force ten times that size. By 1941, American planners expected to have to abandon the Philippines at the outbreak of war. Late that year, Admiral Thomas C. Hart, commander of the United States Asiatic Fleet, was given orders to that effect."
LOC,0.9996265,Philippines,537,548,Attack on Pearl Harbor,10,"In mid-1940, President Franklin D. Roosevelt moved the Pacific Fleet from San Diego to Hawaii. He also ordered a military buildup in the Philippines, taking both actions in the hope of discouraging Japanese aggression in the Far East. Because the Japanese high command was mistakenly certain any attack on the United Kingdom's Southeast Asian colonies, including Singapore, would bring the United States into the war, a devastating preventive strike appeared to be the only way to prevent American naval interference. An invasion of the Philippines was also considered necessary by Japanese war planners. The American War Plan Orange had envisioned defending the Philippines with an elite force of 40,000 men; this option was never implemented due to opposition from Douglas MacArthur, who felt he would need a force ten times that size. By 1941, American planners expected to have to abandon the Philippines at the outbreak of war. Late that year, Admiral Thomas C. Hart, commander of the United States Asiatic Fleet, was given orders to that effect."
MISC,0.9997491,Japanese,582,590,Attack on Pearl Harbor,10,"In mid-1940, President Franklin D. Roosevelt moved the Pacific Fleet from San Diego to Hawaii. He also ordered a military buildup in the Philippines, taking both actions in the hope of discouraging Japanese aggression in the Far East. Because the Japanese high command was mistakenly certain any attack on the United Kingdom's Southeast Asian colonies, including Singapore, would bring the United States into the war, a devastating preventive strike appeared to be the only way to prevent American naval interference. An invasion of the Philippines was also considered necessary by Japanese war planners. The American War Plan Orange had envisioned defending the Philippines with an elite force of 40,000 men; this option was never implemented due to opposition from Douglas MacArthur, who felt he would need a force ten times that size. By 1941, American planners expected to have to abandon the Philippines at the outbreak of war. Late that year, Admiral Thomas C. Hart, commander of the United States Asiatic Fleet, was given orders to that effect."
MISC,0.9406006,American War Plan Orange,609,633,Attack on Pearl Harbor,10,"In mid-1940, President Franklin D. Roosevelt moved the Pacific Fleet from San Diego to Hawaii. He also ordered a military buildup in the Philippines, taking both actions in the hope of discouraging Japanese aggression in the Far East. Because the Japanese high command was mistakenly certain any attack on the United Kingdom's Southeast Asian colonies, including Singapore, would bring the United States into the war, a devastating preventive strike appeared to be the only way to prevent American naval interference. An invasion of the Philippines was also considered necessary by Japanese war planners. The American War Plan Orange had envisioned defending the Philippines with an elite force of 40,000 men; this option was never implemented due to opposition from Douglas MacArthur, who felt he would need a force ten times that size. By 1941, American planners expected to have to abandon the Philippines at the outbreak of war. Late that year, Admiral Thomas C. Hart, commander of the United States Asiatic Fleet, was given orders to that effect."
LOC,0.99965656,Philippines,663,674,Attack on Pearl Harbor,10,"In mid-1940, President Franklin D. Roosevelt moved the Pacific Fleet from San Diego to Hawaii. He also ordered a military buildup in the Philippines, taking both actions in the hope of discouraging Japanese aggression in the Far East. Because the Japanese high command was mistakenly certain any attack on the United Kingdom's Southeast Asian colonies, including Singapore, would bring the United States into the war, a devastating preventive strike appeared to be the only way to prevent American naval interference. An invasion of the Philippines was also considered necessary by Japanese war planners. The American War Plan Orange had envisioned defending the Philippines with an elite force of 40,000 men; this option was never implemented due to opposition from Douglas MacArthur, who felt he would need a force ten times that size. By 1941, American planners expected to have to abandon the Philippines at the outbreak of war. Late that year, Admiral Thomas C. Hart, commander of the United States Asiatic Fleet, was given orders to that effect."
PER,0.9994546,Douglas MacArthur,767,784,Attack on Pearl Harbor,10,"In mid-1940, President Franklin D. Roosevelt moved the Pacific Fleet from San Diego to Hawaii. He also ordered a military buildup in the Philippines, taking both actions in the hope of discouraging Japanese aggression in the Far East. Because the Japanese high command was mistakenly certain any attack on the United Kingdom's Southeast Asian colonies, including Singapore, would bring the United States into the war, a devastating preventive strike appeared to be the only way to prevent American naval interference. An invasion of the Philippines was also considered necessary by Japanese war planners. The American War Plan Orange had envisioned defending the Philippines with an elite force of 40,000 men; this option was never implemented due to opposition from Douglas MacArthur, who felt he would need a force ten times that size. By 1941, American planners expected to have to abandon the Philippines at the outbreak of war. Late that year, Admiral Thomas C. Hart, commander of the United States Asiatic Fleet, was given orders to that effect."
MISC,0.99977964,American,847,855,Attack on Pearl Harbor,10,"In mid-1940, President Franklin D. Roosevelt moved the Pacific Fleet from San Diego to Hawaii. He also ordered a military buildup in the Philippines, taking both actions in the hope of discouraging Japanese aggression in the Far East. Because the Japanese high command was mistakenly certain any attack on the United Kingdom's Southeast Asian colonies, including Singapore, would bring the United States into the war, a devastating preventive strike appeared to be the only way to prevent American naval interference. An invasion of the Philippines was also considered necessary by Japanese war planners. The American War Plan Orange had envisioned defending the Philippines with an elite force of 40,000 men; this option was never implemented due to opposition from Douglas MacArthur, who felt he would need a force ten times that size. By 1941, American planners expected to have to abandon the Philippines at the outbreak of war. Late that year, Admiral Thomas C. Hart, commander of the United States Asiatic Fleet, was given orders to that effect."
LOC,0.99969864,Philippines,897,908,Attack on Pearl Harbor,10,"In mid-1940, President Franklin D. Roosevelt moved the Pacific Fleet from San Diego to Hawaii. He also ordered a military buildup in the Philippines, taking both actions in the hope of discouraging Japanese aggression in the Far East. Because the Japanese high command was mistakenly certain any attack on the United Kingdom's Southeast Asian colonies, including Singapore, would bring the United States into the war, a devastating preventive strike appeared to be the only way to prevent American naval interference. An invasion of the Philippines was also considered necessary by Japanese war planners. The American War Plan Orange had envisioned defending the Philippines with an elite force of 40,000 men; this option was never implemented due to opposition from Douglas MacArthur, who felt he would need a force ten times that size. By 1941, American planners expected to have to abandon the Philippines at the outbreak of war. Late that year, Admiral Thomas C. Hart, commander of the United States Asiatic Fleet, was given orders to that effect."
PER,0.9953234,Thomas C. Hart,957,971,Attack on Pearl Harbor,10,"In mid-1940, President Franklin D. Roosevelt moved the Pacific Fleet from San Diego to Hawaii. He also ordered a military buildup in the Philippines, taking both actions in the hope of discouraging Japanese aggression in the Far East. Because the Japanese high command was mistakenly certain any attack on the United Kingdom's Southeast Asian colonies, including Singapore, would bring the United States into the war, a devastating preventive strike appeared to be the only way to prevent American naval interference. An invasion of the Philippines was also considered necessary by Japanese war planners. The American War Plan Orange had envisioned defending the Philippines with an elite force of 40,000 men; this option was never implemented due to opposition from Douglas MacArthur, who felt he would need a force ten times that size. By 1941, American planners expected to have to abandon the Philippines at the outbreak of war. Late that year, Admiral Thomas C. Hart, commander of the United States Asiatic Fleet, was given orders to that effect."
LOC,0.93338144,United States,990,1003,Attack on Pearl Harbor,10,"In mid-1940, President Franklin D. Roosevelt moved the Pacific Fleet from San Diego to Hawaii. He also ordered a military buildup in the Philippines, taking both actions in the hope of discouraging Japanese aggression in the Far East. Because the Japanese high command was mistakenly certain any attack on the United Kingdom's Southeast Asian colonies, including Singapore, would bring the United States into the war, a devastating preventive strike appeared to be the only way to prevent American naval interference. An invasion of the Philippines was also considered necessary by Japanese war planners. The American War Plan Orange had envisioned defending the Philippines with an elite force of 40,000 men; this option was never implemented due to opposition from Douglas MacArthur, who felt he would need a force ten times that size. By 1941, American planners expected to have to abandon the Philippines at the outbreak of war. Late that year, Admiral Thomas C. Hart, commander of the United States Asiatic Fleet, was given orders to that effect."
ORG,0.81421685,Asiatic Fleet,1004,1017,Attack on Pearl Harbor,10,"In mid-1940, President Franklin D. Roosevelt moved the Pacific Fleet from San Diego to Hawaii. He also ordered a military buildup in the Philippines, taking both actions in the hope of discouraging Japanese aggression in the Far East. Because the Japanese high command was mistakenly certain any attack on the United Kingdom's Southeast Asian colonies, including Singapore, would bring the United States into the war, a devastating preventive strike appeared to be the only way to prevent American naval interference. An invasion of the Philippines was also considered necessary by Japanese war planners. The American War Plan Orange had envisioned defending the Philippines with an elite force of 40,000 men; this option was never implemented due to opposition from Douglas MacArthur, who felt he would need a force ten times that size. By 1941, American planners expected to have to abandon the Philippines at the outbreak of war. Late that year, Admiral Thomas C. Hart, commander of the United States Asiatic Fleet, was given orders to that effect."
LOC,0.9995698,United States,4,17,Attack on Pearl Harbor,11,"The United States finally ceased oil exports to Japan in July 1941, following the seizure of French Indochina after the Fall of France, in part because of new American restrictions on domestic oil consumption. Because of this decision, Japan proceeded with plans to take the oil-rich Dutch East Indies. On August 17, Roosevelt warned Japan that America was prepared to take opposing steps if ""neighboring countries"" were attacked."
LOC,0.99982774,Japan,48,53,Attack on Pearl Harbor,11,"The United States finally ceased oil exports to Japan in July 1941, following the seizure of French Indochina after the Fall of France, in part because of new American restrictions on domestic oil consumption. Because of this decision, Japan proceeded with plans to take the oil-rich Dutch East Indies. On August 17, Roosevelt warned Japan that America was prepared to take opposing steps if ""neighboring countries"" were attacked."
LOC,0.9936538,French Indochina,93,109,Attack on Pearl Harbor,11,"The United States finally ceased oil exports to Japan in July 1941, following the seizure of French Indochina after the Fall of France, in part because of new American restrictions on domestic oil consumption. Because of this decision, Japan proceeded with plans to take the oil-rich Dutch East Indies. On August 17, Roosevelt warned Japan that America was prepared to take opposing steps if ""neighboring countries"" were attacked."
LOC,0.4859517,France,128,134,Attack on Pearl Harbor,11,"The United States finally ceased oil exports to Japan in July 1941, following the seizure of French Indochina after the Fall of France, in part because of new American restrictions on domestic oil consumption. Because of this decision, Japan proceeded with plans to take the oil-rich Dutch East Indies. On August 17, Roosevelt warned Japan that America was prepared to take opposing steps if ""neighboring countries"" were attacked."
MISC,0.9997032,American,159,167,Attack on Pearl Harbor,11,"The United States finally ceased oil exports to Japan in July 1941, following the seizure of French Indochina after the Fall of France, in part because of new American restrictions on domestic oil consumption. Because of this decision, Japan proceeded with plans to take the oil-rich Dutch East Indies. On August 17, Roosevelt warned Japan that America was prepared to take opposing steps if ""neighboring countries"" were attacked."
LOC,0.9997713,Japan,236,241,Attack on Pearl Harbor,11,"The United States finally ceased oil exports to Japan in July 1941, following the seizure of French Indochina after the Fall of France, in part because of new American restrictions on domestic oil consumption. Because of this decision, Japan proceeded with plans to take the oil-rich Dutch East Indies. On August 17, Roosevelt warned Japan that America was prepared to take opposing steps if ""neighboring countries"" were attacked."
LOC,0.99913543,Dutch East Indies,284,301,Attack on Pearl Harbor,11,"The United States finally ceased oil exports to Japan in July 1941, following the seizure of French Indochina after the Fall of France, in part because of new American restrictions on domestic oil consumption. Because of this decision, Japan proceeded with plans to take the oil-rich Dutch East Indies. On August 17, Roosevelt warned Japan that America was prepared to take opposing steps if ""neighboring countries"" were attacked."
PER,0.99799085,Roosevelt,317,326,Attack on Pearl Harbor,11,"The United States finally ceased oil exports to Japan in July 1941, following the seizure of French Indochina after the Fall of France, in part because of new American restrictions on domestic oil consumption. Because of this decision, Japan proceeded with plans to take the oil-rich Dutch East Indies. On August 17, Roosevelt warned Japan that America was prepared to take opposing steps if ""neighboring countries"" were attacked."
LOC,0.99979264,Japan,334,339,Attack on Pearl Harbor,11,"The United States finally ceased oil exports to Japan in July 1941, following the seizure of French Indochina after the Fall of France, in part because of new American restrictions on domestic oil consumption. Because of this decision, Japan proceeded with plans to take the oil-rich Dutch East Indies. On August 17, Roosevelt warned Japan that America was prepared to take opposing steps if ""neighboring countries"" were attacked."
LOC,0.9997427,America,345,352,Attack on Pearl Harbor,11,"The United States finally ceased oil exports to Japan in July 1941, following the seizure of French Indochina after the Fall of France, in part because of new American restrictions on domestic oil consumption. Because of this decision, Japan proceeded with plans to take the oil-rich Dutch East Indies. On August 17, Roosevelt warned Japan that America was prepared to take opposing steps if ""neighboring countries"" were attacked."
LOC,0.9997873,Japan,0,5,Attack on Pearl Harbor,12,"Japan and the United States engaged in negotiations during 1941, attempting to improve relations. In the course of these negotiations, Japan offered to withdraw from most of China and Indochina after making peace with the Nationalist government. It also proposed to adopt an independent interpretation of the Tripartite Pact and to refrain from trade discrimination, provided all other nations reciprocated. Washington rejected these proposals. Japanese prime minister Konoe then offered to meet with Roosevelt, but Roosevelt insisted on reaching an agreement before any meeting. The American ambassador to Japan repeatedly urged Roosevelt to accept the meeting, warning that it was the only way to preserve the conciliatory Konoe government and peace in the Pacific. However, his recommendation was not acted upon. The Konoe government collapsed the following month when the Japanese military rejected a withdrawal of all troops from China."
LOC,0.99954516,United States,14,27,Attack on Pearl Harbor,12,"Japan and the United States engaged in negotiations during 1941, attempting to improve relations. In the course of these negotiations, Japan offered to withdraw from most of China and Indochina after making peace with the Nationalist government. It also proposed to adopt an independent interpretation of the Tripartite Pact and to refrain from trade discrimination, provided all other nations reciprocated. Washington rejected these proposals. Japanese prime minister Konoe then offered to meet with Roosevelt, but Roosevelt insisted on reaching an agreement before any meeting. The American ambassador to Japan repeatedly urged Roosevelt to accept the meeting, warning that it was the only way to preserve the conciliatory Konoe government and peace in the Pacific. However, his recommendation was not acted upon. The Konoe government collapsed the following month when the Japanese military rejected a withdrawal of all troops from China."
LOC,0.9997986,Japan,135,140,Attack on Pearl Harbor,12,"Japan and the United States engaged in negotiations during 1941, attempting to improve relations. In the course of these negotiations, Japan offered to withdraw from most of China and Indochina after making peace with the Nationalist government. It also proposed to adopt an independent interpretation of the Tripartite Pact and to refrain from trade discrimination, provided all other nations reciprocated. Washington rejected these proposals. Japanese prime minister Konoe then offered to meet with Roosevelt, but Roosevelt insisted on reaching an agreement before any meeting. The American ambassador to Japan repeatedly urged Roosevelt to accept the meeting, warning that it was the only way to preserve the conciliatory Konoe government and peace in the Pacific. However, his recommendation was not acted upon. The Konoe government collapsed the following month when the Japanese military rejected a withdrawal of all troops from China."
LOC,0.99982965,China,174,179,Attack on Pearl Harbor,12,"Japan and the United States engaged in negotiations during 1941, attempting to improve relations. In the course of these negotiations, Japan offered to withdraw from most of China and Indochina after making peace with the Nationalist government. It also proposed to adopt an independent interpretation of the Tripartite Pact and to refrain from trade discrimination, provided all other nations reciprocated. Washington rejected these proposals. Japanese prime minister Konoe then offered to meet with Roosevelt, but Roosevelt insisted on reaching an agreement before any meeting. The American ambassador to Japan repeatedly urged Roosevelt to accept the meeting, warning that it was the only way to preserve the conciliatory Konoe government and peace in the Pacific. However, his recommendation was not acted upon. The Konoe government collapsed the following month when the Japanese military rejected a withdrawal of all troops from China."
LOC,0.5001078,Indochina,184,193,Attack on Pearl Harbor,12,"Japan and the United States engaged in negotiations during 1941, attempting to improve relations. In the course of these negotiations, Japan offered to withdraw from most of China and Indochina after making peace with the Nationalist government. It also proposed to adopt an independent interpretation of the Tripartite Pact and to refrain from trade discrimination, provided all other nations reciprocated. Washington rejected these proposals. Japanese prime minister Konoe then offered to meet with Roosevelt, but Roosevelt insisted on reaching an agreement before any meeting. The American ambassador to Japan repeatedly urged Roosevelt to accept the meeting, warning that it was the only way to preserve the conciliatory Konoe government and peace in the Pacific. However, his recommendation was not acted upon. The Konoe government collapsed the following month when the Japanese military rejected a withdrawal of all troops from China."
MISC,0.99900335,Nationalist,222,233,Attack on Pearl Harbor,12,"Japan and the United States engaged in negotiations during 1941, attempting to improve relations. In the course of these negotiations, Japan offered to withdraw from most of China and Indochina after making peace with the Nationalist government. It also proposed to adopt an independent interpretation of the Tripartite Pact and to refrain from trade discrimination, provided all other nations reciprocated. Washington rejected these proposals. Japanese prime minister Konoe then offered to meet with Roosevelt, but Roosevelt insisted on reaching an agreement before any meeting. The American ambassador to Japan repeatedly urged Roosevelt to accept the meeting, warning that it was the only way to preserve the conciliatory Konoe government and peace in the Pacific. However, his recommendation was not acted upon. The Konoe government collapsed the following month when the Japanese military rejected a withdrawal of all troops from China."
MISC,0.8103267,Tripartite Pact,309,324,Attack on Pearl Harbor,12,"Japan and the United States engaged in negotiations during 1941, attempting to improve relations. In the course of these negotiations, Japan offered to withdraw from most of China and Indochina after making peace with the Nationalist government. It also proposed to adopt an independent interpretation of the Tripartite Pact and to refrain from trade discrimination, provided all other nations reciprocated. Washington rejected these proposals. Japanese prime minister Konoe then offered to meet with Roosevelt, but Roosevelt insisted on reaching an agreement before any meeting. The American ambassador to Japan repeatedly urged Roosevelt to accept the meeting, warning that it was the only way to preserve the conciliatory Konoe government and peace in the Pacific. However, his recommendation was not acted upon. The Konoe government collapsed the following month when the Japanese military rejected a withdrawal of all troops from China."
LOC,0.99965405,Washington,408,418,Attack on Pearl Harbor,12,"Japan and the United States engaged in negotiations during 1941, attempting to improve relations. In the course of these negotiations, Japan offered to withdraw from most of China and Indochina after making peace with the Nationalist government. It also proposed to adopt an independent interpretation of the Tripartite Pact and to refrain from trade discrimination, provided all other nations reciprocated. Washington rejected these proposals. Japanese prime minister Konoe then offered to meet with Roosevelt, but Roosevelt insisted on reaching an agreement before any meeting. The American ambassador to Japan repeatedly urged Roosevelt to accept the meeting, warning that it was the only way to preserve the conciliatory Konoe government and peace in the Pacific. However, his recommendation was not acted upon. The Konoe government collapsed the following month when the Japanese military rejected a withdrawal of all troops from China."
MISC,0.9997584,Japanese,445,453,Attack on Pearl Harbor,12,"Japan and the United States engaged in negotiations during 1941, attempting to improve relations. In the course of these negotiations, Japan offered to withdraw from most of China and Indochina after making peace with the Nationalist government. It also proposed to adopt an independent interpretation of the Tripartite Pact and to refrain from trade discrimination, provided all other nations reciprocated. Washington rejected these proposals. Japanese prime minister Konoe then offered to meet with Roosevelt, but Roosevelt insisted on reaching an agreement before any meeting. The American ambassador to Japan repeatedly urged Roosevelt to accept the meeting, warning that it was the only way to preserve the conciliatory Konoe government and peace in the Pacific. However, his recommendation was not acted upon. The Konoe government collapsed the following month when the Japanese military rejected a withdrawal of all troops from China."
PER,0.5570951,Konoe,469,474,Attack on Pearl Harbor,12,"Japan and the United States engaged in negotiations during 1941, attempting to improve relations. In the course of these negotiations, Japan offered to withdraw from most of China and Indochina after making peace with the Nationalist government. It also proposed to adopt an independent interpretation of the Tripartite Pact and to refrain from trade discrimination, provided all other nations reciprocated. Washington rejected these proposals. Japanese prime minister Konoe then offered to meet with Roosevelt, but Roosevelt insisted on reaching an agreement before any meeting. The American ambassador to Japan repeatedly urged Roosevelt to accept the meeting, warning that it was the only way to preserve the conciliatory Konoe government and peace in the Pacific. However, his recommendation was not acted upon. The Konoe government collapsed the following month when the Japanese military rejected a withdrawal of all troops from China."
PER,0.9988562,Roosevelt,501,510,Attack on Pearl Harbor,12,"Japan and the United States engaged in negotiations during 1941, attempting to improve relations. In the course of these negotiations, Japan offered to withdraw from most of China and Indochina after making peace with the Nationalist government. It also proposed to adopt an independent interpretation of the Tripartite Pact and to refrain from trade discrimination, provided all other nations reciprocated. Washington rejected these proposals. Japanese prime minister Konoe then offered to meet with Roosevelt, but Roosevelt insisted on reaching an agreement before any meeting. The American ambassador to Japan repeatedly urged Roosevelt to accept the meeting, warning that it was the only way to preserve the conciliatory Konoe government and peace in the Pacific. However, his recommendation was not acted upon. The Konoe government collapsed the following month when the Japanese military rejected a withdrawal of all troops from China."
PER,0.9990521,Roosevelt,516,525,Attack on Pearl Harbor,12,"Japan and the United States engaged in negotiations during 1941, attempting to improve relations. In the course of these negotiations, Japan offered to withdraw from most of China and Indochina after making peace with the Nationalist government. It also proposed to adopt an independent interpretation of the Tripartite Pact and to refrain from trade discrimination, provided all other nations reciprocated. Washington rejected these proposals. Japanese prime minister Konoe then offered to meet with Roosevelt, but Roosevelt insisted on reaching an agreement before any meeting. The American ambassador to Japan repeatedly urged Roosevelt to accept the meeting, warning that it was the only way to preserve the conciliatory Konoe government and peace in the Pacific. However, his recommendation was not acted upon. The Konoe government collapsed the following month when the Japanese military rejected a withdrawal of all troops from China."
MISC,0.9997819,American,584,592,Attack on Pearl Harbor,12,"Japan and the United States engaged in negotiations during 1941, attempting to improve relations. In the course of these negotiations, Japan offered to withdraw from most of China and Indochina after making peace with the Nationalist government. It also proposed to adopt an independent interpretation of the Tripartite Pact and to refrain from trade discrimination, provided all other nations reciprocated. Washington rejected these proposals. Japanese prime minister Konoe then offered to meet with Roosevelt, but Roosevelt insisted on reaching an agreement before any meeting. The American ambassador to Japan repeatedly urged Roosevelt to accept the meeting, warning that it was the only way to preserve the conciliatory Konoe government and peace in the Pacific. However, his recommendation was not acted upon. The Konoe government collapsed the following month when the Japanese military rejected a withdrawal of all troops from China."
LOC,0.99981874,Japan,607,612,Attack on Pearl Harbor,12,"Japan and the United States engaged in negotiations during 1941, attempting to improve relations. In the course of these negotiations, Japan offered to withdraw from most of China and Indochina after making peace with the Nationalist government. It also proposed to adopt an independent interpretation of the Tripartite Pact and to refrain from trade discrimination, provided all other nations reciprocated. Washington rejected these proposals. Japanese prime minister Konoe then offered to meet with Roosevelt, but Roosevelt insisted on reaching an agreement before any meeting. The American ambassador to Japan repeatedly urged Roosevelt to accept the meeting, warning that it was the only way to preserve the conciliatory Konoe government and peace in the Pacific. However, his recommendation was not acted upon. The Konoe government collapsed the following month when the Japanese military rejected a withdrawal of all troops from China."
PER,0.99889576,Roosevelt,630,639,Attack on Pearl Harbor,12,"Japan and the United States engaged in negotiations during 1941, attempting to improve relations. In the course of these negotiations, Japan offered to withdraw from most of China and Indochina after making peace with the Nationalist government. It also proposed to adopt an independent interpretation of the Tripartite Pact and to refrain from trade discrimination, provided all other nations reciprocated. Washington rejected these proposals. Japanese prime minister Konoe then offered to meet with Roosevelt, but Roosevelt insisted on reaching an agreement before any meeting. The American ambassador to Japan repeatedly urged Roosevelt to accept the meeting, warning that it was the only way to preserve the conciliatory Konoe government and peace in the Pacific. However, his recommendation was not acted upon. The Konoe government collapsed the following month when the Japanese military rejected a withdrawal of all troops from China."
PER,0.41911674,Konoe,725,730,Attack on Pearl Harbor,12,"Japan and the United States engaged in negotiations during 1941, attempting to improve relations. In the course of these negotiations, Japan offered to withdraw from most of China and Indochina after making peace with the Nationalist government. It also proposed to adopt an independent interpretation of the Tripartite Pact and to refrain from trade discrimination, provided all other nations reciprocated. Washington rejected these proposals. Japanese prime minister Konoe then offered to meet with Roosevelt, but Roosevelt insisted on reaching an agreement before any meeting. The American ambassador to Japan repeatedly urged Roosevelt to accept the meeting, warning that it was the only way to preserve the conciliatory Konoe government and peace in the Pacific. However, his recommendation was not acted upon. The Konoe government collapsed the following month when the Japanese military rejected a withdrawal of all troops from China."
LOC,0.99949193,Pacific,759,766,Attack on Pearl Harbor,12,"Japan and the United States engaged in negotiations during 1941, attempting to improve relations. In the course of these negotiations, Japan offered to withdraw from most of China and Indochina after making peace with the Nationalist government. It also proposed to adopt an independent interpretation of the Tripartite Pact and to refrain from trade discrimination, provided all other nations reciprocated. Washington rejected these proposals. Japanese prime minister Konoe then offered to meet with Roosevelt, but Roosevelt insisted on reaching an agreement before any meeting. The American ambassador to Japan repeatedly urged Roosevelt to accept the meeting, warning that it was the only way to preserve the conciliatory Konoe government and peace in the Pacific. However, his recommendation was not acted upon. The Konoe government collapsed the following month when the Japanese military rejected a withdrawal of all troops from China."
PER,0.54218936,Konoe,820,825,Attack on Pearl Harbor,12,"Japan and the United States engaged in negotiations during 1941, attempting to improve relations. In the course of these negotiations, Japan offered to withdraw from most of China and Indochina after making peace with the Nationalist government. It also proposed to adopt an independent interpretation of the Tripartite Pact and to refrain from trade discrimination, provided all other nations reciprocated. Washington rejected these proposals. Japanese prime minister Konoe then offered to meet with Roosevelt, but Roosevelt insisted on reaching an agreement before any meeting. The American ambassador to Japan repeatedly urged Roosevelt to accept the meeting, warning that it was the only way to preserve the conciliatory Konoe government and peace in the Pacific. However, his recommendation was not acted upon. The Konoe government collapsed the following month when the Japanese military rejected a withdrawal of all troops from China."
MISC,0.999764,Japanese,876,884,Attack on Pearl Harbor,12,"Japan and the United States engaged in negotiations during 1941, attempting to improve relations. In the course of these negotiations, Japan offered to withdraw from most of China and Indochina after making peace with the Nationalist government. It also proposed to adopt an independent interpretation of the Tripartite Pact and to refrain from trade discrimination, provided all other nations reciprocated. Washington rejected these proposals. Japanese prime minister Konoe then offered to meet with Roosevelt, but Roosevelt insisted on reaching an agreement before any meeting. The American ambassador to Japan repeatedly urged Roosevelt to accept the meeting, warning that it was the only way to preserve the conciliatory Konoe government and peace in the Pacific. However, his recommendation was not acted upon. The Konoe government collapsed the following month when the Japanese military rejected a withdrawal of all troops from China."
LOC,0.99982363,China,935,940,Attack on Pearl Harbor,12,"Japan and the United States engaged in negotiations during 1941, attempting to improve relations. In the course of these negotiations, Japan offered to withdraw from most of China and Indochina after making peace with the Nationalist government. It also proposed to adopt an independent interpretation of the Tripartite Pact and to refrain from trade discrimination, provided all other nations reciprocated. Washington rejected these proposals. Japanese prime minister Konoe then offered to meet with Roosevelt, but Roosevelt insisted on reaching an agreement before any meeting. The American ambassador to Japan repeatedly urged Roosevelt to accept the meeting, warning that it was the only way to preserve the conciliatory Konoe government and peace in the Pacific. However, his recommendation was not acted upon. The Konoe government collapsed the following month when the Japanese military rejected a withdrawal of all troops from China."
LOC,0.9997596,Japan,0,5,Attack on Pearl Harbor,13,"Japan's final proposal, delivered on November 20, offered to withdraw from southern Indochina and to refrain from attacks in Southeast Asia, so long as the United States, United Kingdom, and Netherlands supplied one million U.S. gallons (3.8 million liters) of aviation fuel, lifted their sanctions against Japan, and ceased aid to China. The American counter-proposal of November 26 (November 27 in Japan), the Hull note, required Japan to completely evacuate China without conditions and conclude non-aggression pacts with Pacific powers. On November 26 in Japan, the day before the note's delivery, the Japanese task force left port for Pearl Harbor."
LOC,0.49992523,Indochina,84,93,Attack on Pearl Harbor,13,"Japan's final proposal, delivered on November 20, offered to withdraw from southern Indochina and to refrain from attacks in Southeast Asia, so long as the United States, United Kingdom, and Netherlands supplied one million U.S. gallons (3.8 million liters) of aviation fuel, lifted their sanctions against Japan, and ceased aid to China. The American counter-proposal of November 26 (November 27 in Japan), the Hull note, required Japan to completely evacuate China without conditions and conclude non-aggression pacts with Pacific powers. On November 26 in Japan, the day before the note's delivery, the Japanese task force left port for Pearl Harbor."
LOC,0.99889,Southeast Asia,125,139,Attack on Pearl Harbor,13,"Japan's final proposal, delivered on November 20, offered to withdraw from southern Indochina and to refrain from attacks in Southeast Asia, so long as the United States, United Kingdom, and Netherlands supplied one million U.S. gallons (3.8 million liters) of aviation fuel, lifted their sanctions against Japan, and ceased aid to China. The American counter-proposal of November 26 (November 27 in Japan), the Hull note, required Japan to completely evacuate China without conditions and conclude non-aggression pacts with Pacific powers. On November 26 in Japan, the day before the note's delivery, the Japanese task force left port for Pearl Harbor."
LOC,0.999557,United States,156,169,Attack on Pearl Harbor,13,"Japan's final proposal, delivered on November 20, offered to withdraw from southern Indochina and to refrain from attacks in Southeast Asia, so long as the United States, United Kingdom, and Netherlands supplied one million U.S. gallons (3.8 million liters) of aviation fuel, lifted their sanctions against Japan, and ceased aid to China. The American counter-proposal of November 26 (November 27 in Japan), the Hull note, required Japan to completely evacuate China without conditions and conclude non-aggression pacts with Pacific powers. On November 26 in Japan, the day before the note's delivery, the Japanese task force left port for Pearl Harbor."
LOC,0.9995582,United Kingdom,171,185,Attack on Pearl Harbor,13,"Japan's final proposal, delivered on November 20, offered to withdraw from southern Indochina and to refrain from attacks in Southeast Asia, so long as the United States, United Kingdom, and Netherlands supplied one million U.S. gallons (3.8 million liters) of aviation fuel, lifted their sanctions against Japan, and ceased aid to China. The American counter-proposal of November 26 (November 27 in Japan), the Hull note, required Japan to completely evacuate China without conditions and conclude non-aggression pacts with Pacific powers. On November 26 in Japan, the day before the note's delivery, the Japanese task force left port for Pearl Harbor."
LOC,0.999286,Netherlands,191,202,Attack on Pearl Harbor,13,"Japan's final proposal, delivered on November 20, offered to withdraw from southern Indochina and to refrain from attacks in Southeast Asia, so long as the United States, United Kingdom, and Netherlands supplied one million U.S. gallons (3.8 million liters) of aviation fuel, lifted their sanctions against Japan, and ceased aid to China. The American counter-proposal of November 26 (November 27 in Japan), the Hull note, required Japan to completely evacuate China without conditions and conclude non-aggression pacts with Pacific powers. On November 26 in Japan, the day before the note's delivery, the Japanese task force left port for Pearl Harbor."
LOC,0.9145334,U. S.,224,228,Attack on Pearl Harbor,13,"Japan's final proposal, delivered on November 20, offered to withdraw from southern Indochina and to refrain from attacks in Southeast Asia, so long as the United States, United Kingdom, and Netherlands supplied one million U.S. gallons (3.8 million liters) of aviation fuel, lifted their sanctions against Japan, and ceased aid to China. The American counter-proposal of November 26 (November 27 in Japan), the Hull note, required Japan to completely evacuate China without conditions and conclude non-aggression pacts with Pacific powers. On November 26 in Japan, the day before the note's delivery, the Japanese task force left port for Pearl Harbor."
LOC,0.99970263,Japan,307,312,Attack on Pearl Harbor,13,"Japan's final proposal, delivered on November 20, offered to withdraw from southern Indochina and to refrain from attacks in Southeast Asia, so long as the United States, United Kingdom, and Netherlands supplied one million U.S. gallons (3.8 million liters) of aviation fuel, lifted their sanctions against Japan, and ceased aid to China. The American counter-proposal of November 26 (November 27 in Japan), the Hull note, required Japan to completely evacuate China without conditions and conclude non-aggression pacts with Pacific powers. On November 26 in Japan, the day before the note's delivery, the Japanese task force left port for Pearl Harbor."
LOC,0.99980086,China,332,337,Attack on Pearl Harbor,13,"Japan's final proposal, delivered on November 20, offered to withdraw from southern Indochina and to refrain from attacks in Southeast Asia, so long as the United States, United Kingdom, and Netherlands supplied one million U.S. gallons (3.8 million liters) of aviation fuel, lifted their sanctions against Japan, and ceased aid to China. The American counter-proposal of November 26 (November 27 in Japan), the Hull note, required Japan to completely evacuate China without conditions and conclude non-aggression pacts with Pacific powers. On November 26 in Japan, the day before the note's delivery, the Japanese task force left port for Pearl Harbor."
MISC,0.9997863,American,343,351,Attack on Pearl Harbor,13,"Japan's final proposal, delivered on November 20, offered to withdraw from southern Indochina and to refrain from attacks in Southeast Asia, so long as the United States, United Kingdom, and Netherlands supplied one million U.S. gallons (3.8 million liters) of aviation fuel, lifted their sanctions against Japan, and ceased aid to China. The American counter-proposal of November 26 (November 27 in Japan), the Hull note, required Japan to completely evacuate China without conditions and conclude non-aggression pacts with Pacific powers. On November 26 in Japan, the day before the note's delivery, the Japanese task force left port for Pearl Harbor."
LOC,0.9997824,Japan,400,405,Attack on Pearl Harbor,13,"Japan's final proposal, delivered on November 20, offered to withdraw from southern Indochina and to refrain from attacks in Southeast Asia, so long as the United States, United Kingdom, and Netherlands supplied one million U.S. gallons (3.8 million liters) of aviation fuel, lifted their sanctions against Japan, and ceased aid to China. The American counter-proposal of November 26 (November 27 in Japan), the Hull note, required Japan to completely evacuate China without conditions and conclude non-aggression pacts with Pacific powers. On November 26 in Japan, the day before the note's delivery, the Japanese task force left port for Pearl Harbor."
LOC,0.31312218,Hull,412,416,Attack on Pearl Harbor,13,"Japan's final proposal, delivered on November 20, offered to withdraw from southern Indochina and to refrain from attacks in Southeast Asia, so long as the United States, United Kingdom, and Netherlands supplied one million U.S. gallons (3.8 million liters) of aviation fuel, lifted their sanctions against Japan, and ceased aid to China. The American counter-proposal of November 26 (November 27 in Japan), the Hull note, required Japan to completely evacuate China without conditions and conclude non-aggression pacts with Pacific powers. On November 26 in Japan, the day before the note's delivery, the Japanese task force left port for Pearl Harbor."
LOC,0.9997615,Japan,432,437,Attack on Pearl Harbor,13,"Japan's final proposal, delivered on November 20, offered to withdraw from southern Indochina and to refrain from attacks in Southeast Asia, so long as the United States, United Kingdom, and Netherlands supplied one million U.S. gallons (3.8 million liters) of aviation fuel, lifted their sanctions against Japan, and ceased aid to China. The American counter-proposal of November 26 (November 27 in Japan), the Hull note, required Japan to completely evacuate China without conditions and conclude non-aggression pacts with Pacific powers. On November 26 in Japan, the day before the note's delivery, the Japanese task force left port for Pearl Harbor."
LOC,0.99980146,China,461,466,Attack on Pearl Harbor,13,"Japan's final proposal, delivered on November 20, offered to withdraw from southern Indochina and to refrain from attacks in Southeast Asia, so long as the United States, United Kingdom, and Netherlands supplied one million U.S. gallons (3.8 million liters) of aviation fuel, lifted their sanctions against Japan, and ceased aid to China. The American counter-proposal of November 26 (November 27 in Japan), the Hull note, required Japan to completely evacuate China without conditions and conclude non-aggression pacts with Pacific powers. On November 26 in Japan, the day before the note's delivery, the Japanese task force left port for Pearl Harbor."
LOC,0.99148566,Pacific,525,532,Attack on Pearl Harbor,13,"Japan's final proposal, delivered on November 20, offered to withdraw from southern Indochina and to refrain from attacks in Southeast Asia, so long as the United States, United Kingdom, and Netherlands supplied one million U.S. gallons (3.8 million liters) of aviation fuel, lifted their sanctions against Japan, and ceased aid to China. The American counter-proposal of November 26 (November 27 in Japan), the Hull note, required Japan to completely evacuate China without conditions and conclude non-aggression pacts with Pacific powers. On November 26 in Japan, the day before the note's delivery, the Japanese task force left port for Pearl Harbor."
LOC,0.99981457,Japan,559,564,Attack on Pearl Harbor,13,"Japan's final proposal, delivered on November 20, offered to withdraw from southern Indochina and to refrain from attacks in Southeast Asia, so long as the United States, United Kingdom, and Netherlands supplied one million U.S. gallons (3.8 million liters) of aviation fuel, lifted their sanctions against Japan, and ceased aid to China. The American counter-proposal of November 26 (November 27 in Japan), the Hull note, required Japan to completely evacuate China without conditions and conclude non-aggression pacts with Pacific powers. On November 26 in Japan, the day before the note's delivery, the Japanese task force left port for Pearl Harbor."
MISC,0.99973255,Japanese,606,614,Attack on Pearl Harbor,13,"Japan's final proposal, delivered on November 20, offered to withdraw from southern Indochina and to refrain from attacks in Southeast Asia, so long as the United States, United Kingdom, and Netherlands supplied one million U.S. gallons (3.8 million liters) of aviation fuel, lifted their sanctions against Japan, and ceased aid to China. The American counter-proposal of November 26 (November 27 in Japan), the Hull note, required Japan to completely evacuate China without conditions and conclude non-aggression pacts with Pacific powers. On November 26 in Japan, the day before the note's delivery, the Japanese task force left port for Pearl Harbor."
LOC,0.99958444,Pearl Harbor,640,652,Attack on Pearl Harbor,13,"Japan's final proposal, delivered on November 20, offered to withdraw from southern Indochina and to refrain from attacks in Southeast Asia, so long as the United States, United Kingdom, and Netherlands supplied one million U.S. gallons (3.8 million liters) of aviation fuel, lifted their sanctions against Japan, and ceased aid to China. The American counter-proposal of November 26 (November 27 in Japan), the Hull note, required Japan to completely evacuate China without conditions and conclude non-aggression pacts with Pacific powers. On November 26 in Japan, the day before the note's delivery, the Japanese task force left port for Pearl Harbor."
MISC,0.99957496,Japanese,4,12,Attack on Pearl Harbor,14,"The Japanese intended the attack as a preventive action to keep the United States Pacific Fleet from interfering with their planned military actions in Southeast Asia against overseas territories of the United Kingdom, the Netherlands, and the United States. Over the course of seven hours, there were coordinated Japanese attacks on the American-held Philippines, Guam, Wake Island, Midway Atoll and on the British Empire in Malaya, Singapore, and Hong Kong. From the Japanese point of view, it was seen as a preemptive strike ""before the oil gauge ran empty."""
ORG,0.6324516,United,68,74,Attack on Pearl Harbor,14,"The Japanese intended the attack as a preventive action to keep the United States Pacific Fleet from interfering with their planned military actions in Southeast Asia against overseas territories of the United Kingdom, the Netherlands, and the United States. Over the course of seven hours, there were coordinated Japanese attacks on the American-held Philippines, Guam, Wake Island, Midway Atoll and on the British Empire in Malaya, Singapore, and Hong Kong. From the Japanese point of view, it was seen as a preemptive strike ""before the oil gauge ran empty."""
LOC,0.86093074,States,75,81,Attack on Pearl Harbor,14,"The Japanese intended the attack as a preventive action to keep the United States Pacific Fleet from interfering with their planned military actions in Southeast Asia against overseas territories of the United Kingdom, the Netherlands, and the United States. Over the course of seven hours, there were coordinated Japanese attacks on the American-held Philippines, Guam, Wake Island, Midway Atoll and on the British Empire in Malaya, Singapore, and Hong Kong. From the Japanese point of view, it was seen as a preemptive strike ""before the oil gauge ran empty."""
ORG,0.87092274,Pacific Fleet,82,95,Attack on Pearl Harbor,14,"The Japanese intended the attack as a preventive action to keep the United States Pacific Fleet from interfering with their planned military actions in Southeast Asia against overseas territories of the United Kingdom, the Netherlands, and the United States. Over the course of seven hours, there were coordinated Japanese attacks on the American-held Philippines, Guam, Wake Island, Midway Atoll and on the British Empire in Malaya, Singapore, and Hong Kong. From the Japanese point of view, it was seen as a preemptive strike ""before the oil gauge ran empty."""
LOC,0.9986093,Southeast Asia,152,166,Attack on Pearl Harbor,14,"The Japanese intended the attack as a preventive action to keep the United States Pacific Fleet from interfering with their planned military actions in Southeast Asia against overseas territories of the United Kingdom, the Netherlands, and the United States. Over the course of seven hours, there were coordinated Japanese attacks on the American-held Philippines, Guam, Wake Island, Midway Atoll and on the British Empire in Malaya, Singapore, and Hong Kong. From the Japanese point of view, it was seen as a preemptive strike ""before the oil gauge ran empty."""
LOC,0.9994675,United Kingdom,203,217,Attack on Pearl Harbor,14,"The Japanese intended the attack as a preventive action to keep the United States Pacific Fleet from interfering with their planned military actions in Southeast Asia against overseas territories of the United Kingdom, the Netherlands, and the United States. Over the course of seven hours, there were coordinated Japanese attacks on the American-held Philippines, Guam, Wake Island, Midway Atoll and on the British Empire in Malaya, Singapore, and Hong Kong. From the Japanese point of view, it was seen as a preemptive strike ""before the oil gauge ran empty."""
LOC,0.9976279,Netherlands,223,234,Attack on Pearl Harbor,14,"The Japanese intended the attack as a preventive action to keep the United States Pacific Fleet from interfering with their planned military actions in Southeast Asia against overseas territories of the United Kingdom, the Netherlands, and the United States. Over the course of seven hours, there were coordinated Japanese attacks on the American-held Philippines, Guam, Wake Island, Midway Atoll and on the British Empire in Malaya, Singapore, and Hong Kong. From the Japanese point of view, it was seen as a preemptive strike ""before the oil gauge ran empty."""
LOC,0.9994901,United States,244,257,Attack on Pearl Harbor,14,"The Japanese intended the attack as a preventive action to keep the United States Pacific Fleet from interfering with their planned military actions in Southeast Asia against overseas territories of the United Kingdom, the Netherlands, and the United States. Over the course of seven hours, there were coordinated Japanese attacks on the American-held Philippines, Guam, Wake Island, Midway Atoll and on the British Empire in Malaya, Singapore, and Hong Kong. From the Japanese point of view, it was seen as a preemptive strike ""before the oil gauge ran empty."""
MISC,0.99971837,Japanese,314,322,Attack on Pearl Harbor,14,"The Japanese intended the attack as a preventive action to keep the United States Pacific Fleet from interfering with their planned military actions in Southeast Asia against overseas territories of the United Kingdom, the Netherlands, and the United States. Over the course of seven hours, there were coordinated Japanese attacks on the American-held Philippines, Guam, Wake Island, Midway Atoll and on the British Empire in Malaya, Singapore, and Hong Kong. From the Japanese point of view, it was seen as a preemptive strike ""before the oil gauge ran empty."""
MISC,0.9994972,American,338,346,Attack on Pearl Harbor,14,"The Japanese intended the attack as a preventive action to keep the United States Pacific Fleet from interfering with their planned military actions in Southeast Asia against overseas territories of the United Kingdom, the Netherlands, and the United States. Over the course of seven hours, there were coordinated Japanese attacks on the American-held Philippines, Guam, Wake Island, Midway Atoll and on the British Empire in Malaya, Singapore, and Hong Kong. From the Japanese point of view, it was seen as a preemptive strike ""before the oil gauge ran empty."""
LOC,0.9997124,Philippines,352,363,Attack on Pearl Harbor,14,"The Japanese intended the attack as a preventive action to keep the United States Pacific Fleet from interfering with their planned military actions in Southeast Asia against overseas territories of the United Kingdom, the Netherlands, and the United States. Over the course of seven hours, there were coordinated Japanese attacks on the American-held Philippines, Guam, Wake Island, Midway Atoll and on the British Empire in Malaya, Singapore, and Hong Kong. From the Japanese point of view, it was seen as a preemptive strike ""before the oil gauge ran empty."""
LOC,0.99967325,Guam,365,369,Attack on Pearl Harbor,14,"The Japanese intended the attack as a preventive action to keep the United States Pacific Fleet from interfering with their planned military actions in Southeast Asia against overseas territories of the United Kingdom, the Netherlands, and the United States. Over the course of seven hours, there were coordinated Japanese attacks on the American-held Philippines, Guam, Wake Island, Midway Atoll and on the British Empire in Malaya, Singapore, and Hong Kong. From the Japanese point of view, it was seen as a preemptive strike ""before the oil gauge ran empty."""
LOC,0.99939203,Wake Island,371,382,Attack on Pearl Harbor,14,"The Japanese intended the attack as a preventive action to keep the United States Pacific Fleet from interfering with their planned military actions in Southeast Asia against overseas territories of the United Kingdom, the Netherlands, and the United States. Over the course of seven hours, there were coordinated Japanese attacks on the American-held Philippines, Guam, Wake Island, Midway Atoll and on the British Empire in Malaya, Singapore, and Hong Kong. From the Japanese point of view, it was seen as a preemptive strike ""before the oil gauge ran empty."""
LOC,0.99917126,Midway Atoll,384,396,Attack on Pearl Harbor,14,"The Japanese intended the attack as a preventive action to keep the United States Pacific Fleet from interfering with their planned military actions in Southeast Asia against overseas territories of the United Kingdom, the Netherlands, and the United States. Over the course of seven hours, there were coordinated Japanese attacks on the American-held Philippines, Guam, Wake Island, Midway Atoll and on the British Empire in Malaya, Singapore, and Hong Kong. From the Japanese point of view, it was seen as a preemptive strike ""before the oil gauge ran empty."""
MISC,0.5892862,British,408,415,Attack on Pearl Harbor,14,"The Japanese intended the attack as a preventive action to keep the United States Pacific Fleet from interfering with their planned military actions in Southeast Asia against overseas territories of the United Kingdom, the Netherlands, and the United States. Over the course of seven hours, there were coordinated Japanese attacks on the American-held Philippines, Guam, Wake Island, Midway Atoll and on the British Empire in Malaya, Singapore, and Hong Kong. From the Japanese point of view, it was seen as a preemptive strike ""before the oil gauge ran empty."""
LOC,0.68189925,Empire,416,422,Attack on Pearl Harbor,14,"The Japanese intended the attack as a preventive action to keep the United States Pacific Fleet from interfering with their planned military actions in Southeast Asia against overseas territories of the United Kingdom, the Netherlands, and the United States. Over the course of seven hours, there were coordinated Japanese attacks on the American-held Philippines, Guam, Wake Island, Midway Atoll and on the British Empire in Malaya, Singapore, and Hong Kong. From the Japanese point of view, it was seen as a preemptive strike ""before the oil gauge ran empty."""
LOC,0.99969995,Malaya,426,432,Attack on Pearl Harbor,14,"The Japanese intended the attack as a preventive action to keep the United States Pacific Fleet from interfering with their planned military actions in Southeast Asia against overseas territories of the United Kingdom, the Netherlands, and the United States. Over the course of seven hours, there were coordinated Japanese attacks on the American-held Philippines, Guam, Wake Island, Midway Atoll and on the British Empire in Malaya, Singapore, and Hong Kong. From the Japanese point of view, it was seen as a preemptive strike ""before the oil gauge ran empty."""
LOC,0.9997415,Singapore,434,443,Attack on Pearl Harbor,14,"The Japanese intended the attack as a preventive action to keep the United States Pacific Fleet from interfering with their planned military actions in Southeast Asia against overseas territories of the United Kingdom, the Netherlands, and the United States. Over the course of seven hours, there were coordinated Japanese attacks on the American-held Philippines, Guam, Wake Island, Midway Atoll and on the British Empire in Malaya, Singapore, and Hong Kong. From the Japanese point of view, it was seen as a preemptive strike ""before the oil gauge ran empty."""
LOC,0.9996247,Hong Kong,449,458,Attack on Pearl Harbor,14,"The Japanese intended the attack as a preventive action to keep the United States Pacific Fleet from interfering with their planned military actions in Southeast Asia against overseas territories of the United Kingdom, the Netherlands, and the United States. Over the course of seven hours, there were coordinated Japanese attacks on the American-held Philippines, Guam, Wake Island, Midway Atoll and on the British Empire in Malaya, Singapore, and Hong Kong. From the Japanese point of view, it was seen as a preemptive strike ""before the oil gauge ran empty."""
MISC,0.9997589,Japanese,469,477,Attack on Pearl Harbor,14,"The Japanese intended the attack as a preventive action to keep the United States Pacific Fleet from interfering with their planned military actions in Southeast Asia against overseas territories of the United Kingdom, the Netherlands, and the United States. Over the course of seven hours, there were coordinated Japanese attacks on the American-held Philippines, Guam, Wake Island, Midway Atoll and on the British Empire in Malaya, Singapore, and Hong Kong. From the Japanese point of view, it was seen as a preemptive strike ""before the oil gauge ran empty."""
LOC,0.9994689,Pearl Harbor,38,50,Attack on Pearl Harbor,15,"Preliminary planning for an attack on Pearl Harbor to protect the move into the ""Southern Resource Area"", the Japanese term for the Dutch East Indies and Southeast Asia generally, began early in 1941 under the auspices of Admiral Isoroku Yamamoto, then commanding Japan's Combined Fleet. He won assent to formal planning and training for an attack from Admiral Osami Nagano, the Chief of the Imperial Japanese Navy General Staff, only after much contention with Naval Headquarters, including a threat to resign his command. Full-scale planning was underway by early spring 1941, primarily by Rear Admiral Ryūnosuke Kusaka, with assistance from Commander Minoru Genda and Yamamoto's Deputy Chief of Staff, Captain Kameto Kuroshima. The planners studied the 1940 British air attack on the Italian fleet at Taranto intensively."
MISC,0.8544856,Southern Resource Area,81,103,Attack on Pearl Harbor,15,"Preliminary planning for an attack on Pearl Harbor to protect the move into the ""Southern Resource Area"", the Japanese term for the Dutch East Indies and Southeast Asia generally, began early in 1941 under the auspices of Admiral Isoroku Yamamoto, then commanding Japan's Combined Fleet. He won assent to formal planning and training for an attack from Admiral Osami Nagano, the Chief of the Imperial Japanese Navy General Staff, only after much contention with Naval Headquarters, including a threat to resign his command. Full-scale planning was underway by early spring 1941, primarily by Rear Admiral Ryūnosuke Kusaka, with assistance from Commander Minoru Genda and Yamamoto's Deputy Chief of Staff, Captain Kameto Kuroshima. The planners studied the 1940 British air attack on the Italian fleet at Taranto intensively."
MISC,0.9997651,Japanese,110,118,Attack on Pearl Harbor,15,"Preliminary planning for an attack on Pearl Harbor to protect the move into the ""Southern Resource Area"", the Japanese term for the Dutch East Indies and Southeast Asia generally, began early in 1941 under the auspices of Admiral Isoroku Yamamoto, then commanding Japan's Combined Fleet. He won assent to formal planning and training for an attack from Admiral Osami Nagano, the Chief of the Imperial Japanese Navy General Staff, only after much contention with Naval Headquarters, including a threat to resign his command. Full-scale planning was underway by early spring 1941, primarily by Rear Admiral Ryūnosuke Kusaka, with assistance from Commander Minoru Genda and Yamamoto's Deputy Chief of Staff, Captain Kameto Kuroshima. The planners studied the 1940 British air attack on the Italian fleet at Taranto intensively."
LOC,0.99888605,Dutch East Indies,132,149,Attack on Pearl Harbor,15,"Preliminary planning for an attack on Pearl Harbor to protect the move into the ""Southern Resource Area"", the Japanese term for the Dutch East Indies and Southeast Asia generally, began early in 1941 under the auspices of Admiral Isoroku Yamamoto, then commanding Japan's Combined Fleet. He won assent to formal planning and training for an attack from Admiral Osami Nagano, the Chief of the Imperial Japanese Navy General Staff, only after much contention with Naval Headquarters, including a threat to resign his command. Full-scale planning was underway by early spring 1941, primarily by Rear Admiral Ryūnosuke Kusaka, with assistance from Commander Minoru Genda and Yamamoto's Deputy Chief of Staff, Captain Kameto Kuroshima. The planners studied the 1940 British air attack on the Italian fleet at Taranto intensively."
LOC,0.99907565,Southeast Asia,154,168,Attack on Pearl Harbor,15,"Preliminary planning for an attack on Pearl Harbor to protect the move into the ""Southern Resource Area"", the Japanese term for the Dutch East Indies and Southeast Asia generally, began early in 1941 under the auspices of Admiral Isoroku Yamamoto, then commanding Japan's Combined Fleet. He won assent to formal planning and training for an attack from Admiral Osami Nagano, the Chief of the Imperial Japanese Navy General Staff, only after much contention with Naval Headquarters, including a threat to resign his command. Full-scale planning was underway by early spring 1941, primarily by Rear Admiral Ryūnosuke Kusaka, with assistance from Commander Minoru Genda and Yamamoto's Deputy Chief of Staff, Captain Kameto Kuroshima. The planners studied the 1940 British air attack on the Italian fleet at Taranto intensively."
PER,0.82068944,Isoroku Yamamoto,230,246,Attack on Pearl Harbor,15,"Preliminary planning for an attack on Pearl Harbor to protect the move into the ""Southern Resource Area"", the Japanese term for the Dutch East Indies and Southeast Asia generally, began early in 1941 under the auspices of Admiral Isoroku Yamamoto, then commanding Japan's Combined Fleet. He won assent to formal planning and training for an attack from Admiral Osami Nagano, the Chief of the Imperial Japanese Navy General Staff, only after much contention with Naval Headquarters, including a threat to resign his command. Full-scale planning was underway by early spring 1941, primarily by Rear Admiral Ryūnosuke Kusaka, with assistance from Commander Minoru Genda and Yamamoto's Deputy Chief of Staff, Captain Kameto Kuroshima. The planners studied the 1940 British air attack on the Italian fleet at Taranto intensively."
LOC,0.99981755,Japan,264,269,Attack on Pearl Harbor,15,"Preliminary planning for an attack on Pearl Harbor to protect the move into the ""Southern Resource Area"", the Japanese term for the Dutch East Indies and Southeast Asia generally, began early in 1941 under the auspices of Admiral Isoroku Yamamoto, then commanding Japan's Combined Fleet. He won assent to formal planning and training for an attack from Admiral Osami Nagano, the Chief of the Imperial Japanese Navy General Staff, only after much contention with Naval Headquarters, including a threat to resign his command. Full-scale planning was underway by early spring 1941, primarily by Rear Admiral Ryūnosuke Kusaka, with assistance from Commander Minoru Genda and Yamamoto's Deputy Chief of Staff, Captain Kameto Kuroshima. The planners studied the 1940 British air attack on the Italian fleet at Taranto intensively."
ORG,0.997926,Combined Fleet,272,286,Attack on Pearl Harbor,15,"Preliminary planning for an attack on Pearl Harbor to protect the move into the ""Southern Resource Area"", the Japanese term for the Dutch East Indies and Southeast Asia generally, began early in 1941 under the auspices of Admiral Isoroku Yamamoto, then commanding Japan's Combined Fleet. He won assent to formal planning and training for an attack from Admiral Osami Nagano, the Chief of the Imperial Japanese Navy General Staff, only after much contention with Naval Headquarters, including a threat to resign his command. Full-scale planning was underway by early spring 1941, primarily by Rear Admiral Ryūnosuke Kusaka, with assistance from Commander Minoru Genda and Yamamoto's Deputy Chief of Staff, Captain Kameto Kuroshima. The planners studied the 1940 British air attack on the Italian fleet at Taranto intensively."
PER,0.8077006,Osami Nagano,361,373,Attack on Pearl Harbor,15,"Preliminary planning for an attack on Pearl Harbor to protect the move into the ""Southern Resource Area"", the Japanese term for the Dutch East Indies and Southeast Asia generally, began early in 1941 under the auspices of Admiral Isoroku Yamamoto, then commanding Japan's Combined Fleet. He won assent to formal planning and training for an attack from Admiral Osami Nagano, the Chief of the Imperial Japanese Navy General Staff, only after much contention with Naval Headquarters, including a threat to resign his command. Full-scale planning was underway by early spring 1941, primarily by Rear Admiral Ryūnosuke Kusaka, with assistance from Commander Minoru Genda and Yamamoto's Deputy Chief of Staff, Captain Kameto Kuroshima. The planners studied the 1940 British air attack on the Italian fleet at Taranto intensively."
ORG,0.9932544,Imperial Japanese Navy,392,414,Attack on Pearl Harbor,15,"Preliminary planning for an attack on Pearl Harbor to protect the move into the ""Southern Resource Area"", the Japanese term for the Dutch East Indies and Southeast Asia generally, began early in 1941 under the auspices of Admiral Isoroku Yamamoto, then commanding Japan's Combined Fleet. He won assent to formal planning and training for an attack from Admiral Osami Nagano, the Chief of the Imperial Japanese Navy General Staff, only after much contention with Naval Headquarters, including a threat to resign his command. Full-scale planning was underway by early spring 1941, primarily by Rear Admiral Ryūnosuke Kusaka, with assistance from Commander Minoru Genda and Yamamoto's Deputy Chief of Staff, Captain Kameto Kuroshima. The planners studied the 1940 British air attack on the Italian fleet at Taranto intensively."
ORG,0.8244093,Staff,423,428,Attack on Pearl Harbor,15,"Preliminary planning for an attack on Pearl Harbor to protect the move into the ""Southern Resource Area"", the Japanese term for the Dutch East Indies and Southeast Asia generally, began early in 1941 under the auspices of Admiral Isoroku Yamamoto, then commanding Japan's Combined Fleet. He won assent to formal planning and training for an attack from Admiral Osami Nagano, the Chief of the Imperial Japanese Navy General Staff, only after much contention with Naval Headquarters, including a threat to resign his command. Full-scale planning was underway by early spring 1941, primarily by Rear Admiral Ryūnosuke Kusaka, with assistance from Commander Minoru Genda and Yamamoto's Deputy Chief of Staff, Captain Kameto Kuroshima. The planners studied the 1940 British air attack on the Italian fleet at Taranto intensively."
ORG,0.98448396,Naval Headquarters,462,480,Attack on Pearl Harbor,15,"Preliminary planning for an attack on Pearl Harbor to protect the move into the ""Southern Resource Area"", the Japanese term for the Dutch East Indies and Southeast Asia generally, began early in 1941 under the auspices of Admiral Isoroku Yamamoto, then commanding Japan's Combined Fleet. He won assent to formal planning and training for an attack from Admiral Osami Nagano, the Chief of the Imperial Japanese Navy General Staff, only after much contention with Naval Headquarters, including a threat to resign his command. Full-scale planning was underway by early spring 1941, primarily by Rear Admiral Ryūnosuke Kusaka, with assistance from Commander Minoru Genda and Yamamoto's Deputy Chief of Staff, Captain Kameto Kuroshima. The planners studied the 1940 British air attack on the Italian fleet at Taranto intensively."
PER,0.7694305,Ryūnosuke Kusaka,605,621,Attack on Pearl Harbor,15,"Preliminary planning for an attack on Pearl Harbor to protect the move into the ""Southern Resource Area"", the Japanese term for the Dutch East Indies and Southeast Asia generally, began early in 1941 under the auspices of Admiral Isoroku Yamamoto, then commanding Japan's Combined Fleet. He won assent to formal planning and training for an attack from Admiral Osami Nagano, the Chief of the Imperial Japanese Navy General Staff, only after much contention with Naval Headquarters, including a threat to resign his command. Full-scale planning was underway by early spring 1941, primarily by Rear Admiral Ryūnosuke Kusaka, with assistance from Commander Minoru Genda and Yamamoto's Deputy Chief of Staff, Captain Kameto Kuroshima. The planners studied the 1940 British air attack on the Italian fleet at Taranto intensively."
PER,0.7264538,Minoru Genda,654,666,Attack on Pearl Harbor,15,"Preliminary planning for an attack on Pearl Harbor to protect the move into the ""Southern Resource Area"", the Japanese term for the Dutch East Indies and Southeast Asia generally, began early in 1941 under the auspices of Admiral Isoroku Yamamoto, then commanding Japan's Combined Fleet. He won assent to formal planning and training for an attack from Admiral Osami Nagano, the Chief of the Imperial Japanese Navy General Staff, only after much contention with Naval Headquarters, including a threat to resign his command. Full-scale planning was underway by early spring 1941, primarily by Rear Admiral Ryūnosuke Kusaka, with assistance from Commander Minoru Genda and Yamamoto's Deputy Chief of Staff, Captain Kameto Kuroshima. The planners studied the 1940 British air attack on the Italian fleet at Taranto intensively."
PER,0.5064782,Yamamoto,671,679,Attack on Pearl Harbor,15,"Preliminary planning for an attack on Pearl Harbor to protect the move into the ""Southern Resource Area"", the Japanese term for the Dutch East Indies and Southeast Asia generally, began early in 1941 under the auspices of Admiral Isoroku Yamamoto, then commanding Japan's Combined Fleet. He won assent to formal planning and training for an attack from Admiral Osami Nagano, the Chief of the Imperial Japanese Navy General Staff, only after much contention with Naval Headquarters, including a threat to resign his command. Full-scale planning was underway by early spring 1941, primarily by Rear Admiral Ryūnosuke Kusaka, with assistance from Commander Minoru Genda and Yamamoto's Deputy Chief of Staff, Captain Kameto Kuroshima. The planners studied the 1940 British air attack on the Italian fleet at Taranto intensively."
PER,0.75046647,Kameto Kuroshima,713,729,Attack on Pearl Harbor,15,"Preliminary planning for an attack on Pearl Harbor to protect the move into the ""Southern Resource Area"", the Japanese term for the Dutch East Indies and Southeast Asia generally, began early in 1941 under the auspices of Admiral Isoroku Yamamoto, then commanding Japan's Combined Fleet. He won assent to formal planning and training for an attack from Admiral Osami Nagano, the Chief of the Imperial Japanese Navy General Staff, only after much contention with Naval Headquarters, including a threat to resign his command. Full-scale planning was underway by early spring 1941, primarily by Rear Admiral Ryūnosuke Kusaka, with assistance from Commander Minoru Genda and Yamamoto's Deputy Chief of Staff, Captain Kameto Kuroshima. The planners studied the 1940 British air attack on the Italian fleet at Taranto intensively."
MISC,0.9996413,British,761,768,Attack on Pearl Harbor,15,"Preliminary planning for an attack on Pearl Harbor to protect the move into the ""Southern Resource Area"", the Japanese term for the Dutch East Indies and Southeast Asia generally, began early in 1941 under the auspices of Admiral Isoroku Yamamoto, then commanding Japan's Combined Fleet. He won assent to formal planning and training for an attack from Admiral Osami Nagano, the Chief of the Imperial Japanese Navy General Staff, only after much contention with Naval Headquarters, including a threat to resign his command. Full-scale planning was underway by early spring 1941, primarily by Rear Admiral Ryūnosuke Kusaka, with assistance from Commander Minoru Genda and Yamamoto's Deputy Chief of Staff, Captain Kameto Kuroshima. The planners studied the 1940 British air attack on the Italian fleet at Taranto intensively."
MISC,0.999736,Italian,787,794,Attack on Pearl Harbor,15,"Preliminary planning for an attack on Pearl Harbor to protect the move into the ""Southern Resource Area"", the Japanese term for the Dutch East Indies and Southeast Asia generally, began early in 1941 under the auspices of Admiral Isoroku Yamamoto, then commanding Japan's Combined Fleet. He won assent to formal planning and training for an attack from Admiral Osami Nagano, the Chief of the Imperial Japanese Navy General Staff, only after much contention with Naval Headquarters, including a threat to resign his command. Full-scale planning was underway by early spring 1941, primarily by Rear Admiral Ryūnosuke Kusaka, with assistance from Commander Minoru Genda and Yamamoto's Deputy Chief of Staff, Captain Kameto Kuroshima. The planners studied the 1940 British air attack on the Italian fleet at Taranto intensively."
LOC,0.5069172,Taranto,804,811,Attack on Pearl Harbor,15,"Preliminary planning for an attack on Pearl Harbor to protect the move into the ""Southern Resource Area"", the Japanese term for the Dutch East Indies and Southeast Asia generally, began early in 1941 under the auspices of Admiral Isoroku Yamamoto, then commanding Japan's Combined Fleet. He won assent to formal planning and training for an attack from Admiral Osami Nagano, the Chief of the Imperial Japanese Navy General Staff, only after much contention with Naval Headquarters, including a threat to resign his command. Full-scale planning was underway by early spring 1941, primarily by Rear Admiral Ryūnosuke Kusaka, with assistance from Commander Minoru Genda and Yamamoto's Deputy Chief of Staff, Captain Kameto Kuroshima. The planners studied the 1940 British air attack on the Italian fleet at Taranto intensively."
PER,0.49342215,Hirohito,142,150,Attack on Pearl Harbor,16,"Over the next several months, pilots were trained, equipment was adapted, and intelligence was collected. Despite these preparations, Emperor Hirohito did not approve the attack plan until November 5, after the third of four Imperial Conferences called to consider the matter. At first, he hesitated to engage in war but eventually authorized the Pearl Harbor strike despite dissent from certain advisors. Final authorization was not given by the emperor until December 1, after a majority of Japanese leaders advised him the Hull note would ""destroy the fruits of the China incident, endanger Manchukuo and undermine Japanese control of Korea"". Before the attack, he became more involved in military matters, even joining the Conference of Military Councillors, which was considered unusual for him. Additionally, he actively sought more information about the war plans. According to an aide, he openly displayed happiness upon hearing about the success of the surprise attacks."
MISC,0.98531485,Imperial,225,233,Attack on Pearl Harbor,16,"Over the next several months, pilots were trained, equipment was adapted, and intelligence was collected. Despite these preparations, Emperor Hirohito did not approve the attack plan until November 5, after the third of four Imperial Conferences called to consider the matter. At first, he hesitated to engage in war but eventually authorized the Pearl Harbor strike despite dissent from certain advisors. Final authorization was not given by the emperor until December 1, after a majority of Japanese leaders advised him the Hull note would ""destroy the fruits of the China incident, endanger Manchukuo and undermine Japanese control of Korea"". Before the attack, he became more involved in military matters, even joining the Conference of Military Councillors, which was considered unusual for him. Additionally, he actively sought more information about the war plans. According to an aide, he openly displayed happiness upon hearing about the success of the surprise attacks."
LOC,0.99939394,Pearl Harbor,347,359,Attack on Pearl Harbor,16,"Over the next several months, pilots were trained, equipment was adapted, and intelligence was collected. Despite these preparations, Emperor Hirohito did not approve the attack plan until November 5, after the third of four Imperial Conferences called to consider the matter. At first, he hesitated to engage in war but eventually authorized the Pearl Harbor strike despite dissent from certain advisors. Final authorization was not given by the emperor until December 1, after a majority of Japanese leaders advised him the Hull note would ""destroy the fruits of the China incident, endanger Manchukuo and undermine Japanese control of Korea"". Before the attack, he became more involved in military matters, even joining the Conference of Military Councillors, which was considered unusual for him. Additionally, he actively sought more information about the war plans. According to an aide, he openly displayed happiness upon hearing about the success of the surprise attacks."
MISC,0.9997379,Japanese,493,501,Attack on Pearl Harbor,16,"Over the next several months, pilots were trained, equipment was adapted, and intelligence was collected. Despite these preparations, Emperor Hirohito did not approve the attack plan until November 5, after the third of four Imperial Conferences called to consider the matter. At first, he hesitated to engage in war but eventually authorized the Pearl Harbor strike despite dissent from certain advisors. Final authorization was not given by the emperor until December 1, after a majority of Japanese leaders advised him the Hull note would ""destroy the fruits of the China incident, endanger Manchukuo and undermine Japanese control of Korea"". Before the attack, he became more involved in military matters, even joining the Conference of Military Councillors, which was considered unusual for him. Additionally, he actively sought more information about the war plans. According to an aide, he openly displayed happiness upon hearing about the success of the surprise attacks."
PER,0.5128772,Hull,526,530,Attack on Pearl Harbor,16,"Over the next several months, pilots were trained, equipment was adapted, and intelligence was collected. Despite these preparations, Emperor Hirohito did not approve the attack plan until November 5, after the third of four Imperial Conferences called to consider the matter. At first, he hesitated to engage in war but eventually authorized the Pearl Harbor strike despite dissent from certain advisors. Final authorization was not given by the emperor until December 1, after a majority of Japanese leaders advised him the Hull note would ""destroy the fruits of the China incident, endanger Manchukuo and undermine Japanese control of Korea"". Before the attack, he became more involved in military matters, even joining the Conference of Military Councillors, which was considered unusual for him. Additionally, he actively sought more information about the war plans. According to an aide, he openly displayed happiness upon hearing about the success of the surprise attacks."
LOC,0.9997694,China,569,574,Attack on Pearl Harbor,16,"Over the next several months, pilots were trained, equipment was adapted, and intelligence was collected. Despite these preparations, Emperor Hirohito did not approve the attack plan until November 5, after the third of four Imperial Conferences called to consider the matter. At first, he hesitated to engage in war but eventually authorized the Pearl Harbor strike despite dissent from certain advisors. Final authorization was not given by the emperor until December 1, after a majority of Japanese leaders advised him the Hull note would ""destroy the fruits of the China incident, endanger Manchukuo and undermine Japanese control of Korea"". Before the attack, he became more involved in military matters, even joining the Conference of Military Councillors, which was considered unusual for him. Additionally, he actively sought more information about the war plans. According to an aide, he openly displayed happiness upon hearing about the success of the surprise attacks."
LOC,0.659439,Manchukuo,594,603,Attack on Pearl Harbor,16,"Over the next several months, pilots were trained, equipment was adapted, and intelligence was collected. Despite these preparations, Emperor Hirohito did not approve the attack plan until November 5, after the third of four Imperial Conferences called to consider the matter. At first, he hesitated to engage in war but eventually authorized the Pearl Harbor strike despite dissent from certain advisors. Final authorization was not given by the emperor until December 1, after a majority of Japanese leaders advised him the Hull note would ""destroy the fruits of the China incident, endanger Manchukuo and undermine Japanese control of Korea"". Before the attack, he became more involved in military matters, even joining the Conference of Military Councillors, which was considered unusual for him. Additionally, he actively sought more information about the war plans. According to an aide, he openly displayed happiness upon hearing about the success of the surprise attacks."
MISC,0.99972576,Japanese,618,626,Attack on Pearl Harbor,16,"Over the next several months, pilots were trained, equipment was adapted, and intelligence was collected. Despite these preparations, Emperor Hirohito did not approve the attack plan until November 5, after the third of four Imperial Conferences called to consider the matter. At first, he hesitated to engage in war but eventually authorized the Pearl Harbor strike despite dissent from certain advisors. Final authorization was not given by the emperor until December 1, after a majority of Japanese leaders advised him the Hull note would ""destroy the fruits of the China incident, endanger Manchukuo and undermine Japanese control of Korea"". Before the attack, he became more involved in military matters, even joining the Conference of Military Councillors, which was considered unusual for him. Additionally, he actively sought more information about the war plans. According to an aide, he openly displayed happiness upon hearing about the success of the surprise attacks."
LOC,0.9997788,Korea,638,643,Attack on Pearl Harbor,16,"Over the next several months, pilots were trained, equipment was adapted, and intelligence was collected. Despite these preparations, Emperor Hirohito did not approve the attack plan until November 5, after the third of four Imperial Conferences called to consider the matter. At first, he hesitated to engage in war but eventually authorized the Pearl Harbor strike despite dissent from certain advisors. Final authorization was not given by the emperor until December 1, after a majority of Japanese leaders advised him the Hull note would ""destroy the fruits of the China incident, endanger Manchukuo and undermine Japanese control of Korea"". Before the attack, he became more involved in military matters, even joining the Conference of Military Councillors, which was considered unusual for him. Additionally, he actively sought more information about the war plans. According to an aide, he openly displayed happiness upon hearing about the success of the surprise attacks."
ORG,0.98725164,Conference of Military Councillors,727,761,Attack on Pearl Harbor,16,"Over the next several months, pilots were trained, equipment was adapted, and intelligence was collected. Despite these preparations, Emperor Hirohito did not approve the attack plan until November 5, after the third of four Imperial Conferences called to consider the matter. At first, he hesitated to engage in war but eventually authorized the Pearl Harbor strike despite dissent from certain advisors. Final authorization was not given by the emperor until December 1, after a majority of Japanese leaders advised him the Hull note would ""destroy the fruits of the China incident, endanger Manchukuo and undermine Japanese control of Korea"". Before the attack, he became more involved in military matters, even joining the Conference of Military Councillors, which was considered unusual for him. Additionally, he actively sought more information about the war plans. According to an aide, he openly displayed happiness upon hearing about the success of the surprise attacks."
LOC,0.99949247,United States,67,80,Attack on Pearl Harbor,17,"By late 1941, many observers believed that hostilities between the United States and Japan were imminent. A Gallup poll just before the attack on Pearl Harbor found that 52% of Americans expected war with Japan, 27% did not, and 21% had no opinion. While American Pacific bases and facilities had been placed on alert on many occasions, officials doubted Pearl Harbor would be the first target; instead, they expected the Philippines to be attacked first. This presumption was due to the threat that the air bases throughout that country and the naval base at Manila posed to sea lanes, as well as to the shipment of supplies to Japan from territory to the south. They also incorrectly believed that Japan was not capable of mounting more than one major naval operation at a time."
LOC,0.9998047,Japan,85,90,Attack on Pearl Harbor,17,"By late 1941, many observers believed that hostilities between the United States and Japan were imminent. A Gallup poll just before the attack on Pearl Harbor found that 52% of Americans expected war with Japan, 27% did not, and 21% had no opinion. While American Pacific bases and facilities had been placed on alert on many occasions, officials doubted Pearl Harbor would be the first target; instead, they expected the Philippines to be attacked first. This presumption was due to the threat that the air bases throughout that country and the naval base at Manila posed to sea lanes, as well as to the shipment of supplies to Japan from territory to the south. They also incorrectly believed that Japan was not capable of mounting more than one major naval operation at a time."
MISC,0.44758654,Gallup,108,114,Attack on Pearl Harbor,17,"By late 1941, many observers believed that hostilities between the United States and Japan were imminent. A Gallup poll just before the attack on Pearl Harbor found that 52% of Americans expected war with Japan, 27% did not, and 21% had no opinion. While American Pacific bases and facilities had been placed on alert on many occasions, officials doubted Pearl Harbor would be the first target; instead, they expected the Philippines to be attacked first. This presumption was due to the threat that the air bases throughout that country and the naval base at Manila posed to sea lanes, as well as to the shipment of supplies to Japan from territory to the south. They also incorrectly believed that Japan was not capable of mounting more than one major naval operation at a time."
LOC,0.99958616,Pearl Harbor,146,158,Attack on Pearl Harbor,17,"By late 1941, many observers believed that hostilities between the United States and Japan were imminent. A Gallup poll just before the attack on Pearl Harbor found that 52% of Americans expected war with Japan, 27% did not, and 21% had no opinion. While American Pacific bases and facilities had been placed on alert on many occasions, officials doubted Pearl Harbor would be the first target; instead, they expected the Philippines to be attacked first. This presumption was due to the threat that the air bases throughout that country and the naval base at Manila posed to sea lanes, as well as to the shipment of supplies to Japan from territory to the south. They also incorrectly believed that Japan was not capable of mounting more than one major naval operation at a time."
MISC,0.99960536,Americans,177,186,Attack on Pearl Harbor,17,"By late 1941, many observers believed that hostilities between the United States and Japan were imminent. A Gallup poll just before the attack on Pearl Harbor found that 52% of Americans expected war with Japan, 27% did not, and 21% had no opinion. While American Pacific bases and facilities had been placed on alert on many occasions, officials doubted Pearl Harbor would be the first target; instead, they expected the Philippines to be attacked first. This presumption was due to the threat that the air bases throughout that country and the naval base at Manila posed to sea lanes, as well as to the shipment of supplies to Japan from territory to the south. They also incorrectly believed that Japan was not capable of mounting more than one major naval operation at a time."
LOC,0.9998004,Japan,205,210,Attack on Pearl Harbor,17,"By late 1941, many observers believed that hostilities between the United States and Japan were imminent. A Gallup poll just before the attack on Pearl Harbor found that 52% of Americans expected war with Japan, 27% did not, and 21% had no opinion. While American Pacific bases and facilities had been placed on alert on many occasions, officials doubted Pearl Harbor would be the first target; instead, they expected the Philippines to be attacked first. This presumption was due to the threat that the air bases throughout that country and the naval base at Manila posed to sea lanes, as well as to the shipment of supplies to Japan from territory to the south. They also incorrectly believed that Japan was not capable of mounting more than one major naval operation at a time."
MISC,0.5578772,American,255,263,Attack on Pearl Harbor,17,"By late 1941, many observers believed that hostilities between the United States and Japan were imminent. A Gallup poll just before the attack on Pearl Harbor found that 52% of Americans expected war with Japan, 27% did not, and 21% had no opinion. While American Pacific bases and facilities had been placed on alert on many occasions, officials doubted Pearl Harbor would be the first target; instead, they expected the Philippines to be attacked first. This presumption was due to the threat that the air bases throughout that country and the naval base at Manila posed to sea lanes, as well as to the shipment of supplies to Japan from territory to the south. They also incorrectly believed that Japan was not capable of mounting more than one major naval operation at a time."
LOC,0.5616595,Pacific,264,271,Attack on Pearl Harbor,17,"By late 1941, many observers believed that hostilities between the United States and Japan were imminent. A Gallup poll just before the attack on Pearl Harbor found that 52% of Americans expected war with Japan, 27% did not, and 21% had no opinion. While American Pacific bases and facilities had been placed on alert on many occasions, officials doubted Pearl Harbor would be the first target; instead, they expected the Philippines to be attacked first. This presumption was due to the threat that the air bases throughout that country and the naval base at Manila posed to sea lanes, as well as to the shipment of supplies to Japan from territory to the south. They also incorrectly believed that Japan was not capable of mounting more than one major naval operation at a time."
LOC,0.99948907,Pearl Harbor,355,367,Attack on Pearl Harbor,17,"By late 1941, many observers believed that hostilities between the United States and Japan were imminent. A Gallup poll just before the attack on Pearl Harbor found that 52% of Americans expected war with Japan, 27% did not, and 21% had no opinion. While American Pacific bases and facilities had been placed on alert on many occasions, officials doubted Pearl Harbor would be the first target; instead, they expected the Philippines to be attacked first. This presumption was due to the threat that the air bases throughout that country and the naval base at Manila posed to sea lanes, as well as to the shipment of supplies to Japan from territory to the south. They also incorrectly believed that Japan was not capable of mounting more than one major naval operation at a time."
LOC,0.9996706,Philippines,422,433,Attack on Pearl Harbor,17,"By late 1941, many observers believed that hostilities between the United States and Japan were imminent. A Gallup poll just before the attack on Pearl Harbor found that 52% of Americans expected war with Japan, 27% did not, and 21% had no opinion. While American Pacific bases and facilities had been placed on alert on many occasions, officials doubted Pearl Harbor would be the first target; instead, they expected the Philippines to be attacked first. This presumption was due to the threat that the air bases throughout that country and the naval base at Manila posed to sea lanes, as well as to the shipment of supplies to Japan from territory to the south. They also incorrectly believed that Japan was not capable of mounting more than one major naval operation at a time."
LOC,0.9997185,Manila,560,566,Attack on Pearl Harbor,17,"By late 1941, many observers believed that hostilities between the United States and Japan were imminent. A Gallup poll just before the attack on Pearl Harbor found that 52% of Americans expected war with Japan, 27% did not, and 21% had no opinion. While American Pacific bases and facilities had been placed on alert on many occasions, officials doubted Pearl Harbor would be the first target; instead, they expected the Philippines to be attacked first. This presumption was due to the threat that the air bases throughout that country and the naval base at Manila posed to sea lanes, as well as to the shipment of supplies to Japan from territory to the south. They also incorrectly believed that Japan was not capable of mounting more than one major naval operation at a time."
LOC,0.9998092,Japan,629,634,Attack on Pearl Harbor,17,"By late 1941, many observers believed that hostilities between the United States and Japan were imminent. A Gallup poll just before the attack on Pearl Harbor found that 52% of Americans expected war with Japan, 27% did not, and 21% had no opinion. While American Pacific bases and facilities had been placed on alert on many occasions, officials doubted Pearl Harbor would be the first target; instead, they expected the Philippines to be attacked first. This presumption was due to the threat that the air bases throughout that country and the naval base at Manila posed to sea lanes, as well as to the shipment of supplies to Japan from territory to the south. They also incorrectly believed that Japan was not capable of mounting more than one major naval operation at a time."
LOC,0.9998036,Japan,700,705,Attack on Pearl Harbor,17,"By late 1941, many observers believed that hostilities between the United States and Japan were imminent. A Gallup poll just before the attack on Pearl Harbor found that 52% of Americans expected war with Japan, 27% did not, and 21% had no opinion. While American Pacific bases and facilities had been placed on alert on many occasions, officials doubted Pearl Harbor would be the first target; instead, they expected the Philippines to be attacked first. This presumption was due to the threat that the air bases throughout that country and the naval base at Manila posed to sea lanes, as well as to the shipment of supplies to Japan from territory to the south. They also incorrectly believed that Japan was not capable of mounting more than one major naval operation at a time."
MISC,0.9997564,Japanese,4,12,Attack on Pearl Harbor,18,"The Japanese attack had several major aims. First, it intended to destroy important American fleet units, thereby preventing the Pacific Fleet from interfering with the Japanese conquest of the Dutch East Indies and Malaya and enabling Japan to conquer Southeast Asia without interference. The leaders of the Imperial Japanese Navy (IJN) subscribed to Alfred Thayer Mahan's ""decisive battle"" doctrine, especially that of destroying the maximum number of battleships. Second, it was hoped to buy time for Japan to consolidate its position and increase its naval strength before shipbuilding authorized by the 1940 Vinson-Walsh Act erased any chance of victory. Third, to deliver a blow to America's ability to mobilize its forces in the Pacific, battleships were chosen as the main targets, since they were the prestige ships of navies at the time. Finally, it was hoped that the attack would undermine American morale to such an extent that the American government would drop its demands contrary to Japanese interests and seek a peace compromise."
MISC,0.9997422,American,84,92,Attack on Pearl Harbor,18,"The Japanese attack had several major aims. First, it intended to destroy important American fleet units, thereby preventing the Pacific Fleet from interfering with the Japanese conquest of the Dutch East Indies and Malaya and enabling Japan to conquer Southeast Asia without interference. The leaders of the Imperial Japanese Navy (IJN) subscribed to Alfred Thayer Mahan's ""decisive battle"" doctrine, especially that of destroying the maximum number of battleships. Second, it was hoped to buy time for Japan to consolidate its position and increase its naval strength before shipbuilding authorized by the 1940 Vinson-Walsh Act erased any chance of victory. Third, to deliver a blow to America's ability to mobilize its forces in the Pacific, battleships were chosen as the main targets, since they were the prestige ships of navies at the time. Finally, it was hoped that the attack would undermine American morale to such an extent that the American government would drop its demands contrary to Japanese interests and seek a peace compromise."
LOC,0.70311797,Pacific Fleet,129,142,Attack on Pearl Harbor,18,"The Japanese attack had several major aims. First, it intended to destroy important American fleet units, thereby preventing the Pacific Fleet from interfering with the Japanese conquest of the Dutch East Indies and Malaya and enabling Japan to conquer Southeast Asia without interference. The leaders of the Imperial Japanese Navy (IJN) subscribed to Alfred Thayer Mahan's ""decisive battle"" doctrine, especially that of destroying the maximum number of battleships. Second, it was hoped to buy time for Japan to consolidate its position and increase its naval strength before shipbuilding authorized by the 1940 Vinson-Walsh Act erased any chance of victory. Third, to deliver a blow to America's ability to mobilize its forces in the Pacific, battleships were chosen as the main targets, since they were the prestige ships of navies at the time. Finally, it was hoped that the attack would undermine American morale to such an extent that the American government would drop its demands contrary to Japanese interests and seek a peace compromise."
MISC,0.99973637,Japanese,169,177,Attack on Pearl Harbor,18,"The Japanese attack had several major aims. First, it intended to destroy important American fleet units, thereby preventing the Pacific Fleet from interfering with the Japanese conquest of the Dutch East Indies and Malaya and enabling Japan to conquer Southeast Asia without interference. The leaders of the Imperial Japanese Navy (IJN) subscribed to Alfred Thayer Mahan's ""decisive battle"" doctrine, especially that of destroying the maximum number of battleships. Second, it was hoped to buy time for Japan to consolidate its position and increase its naval strength before shipbuilding authorized by the 1940 Vinson-Walsh Act erased any chance of victory. Third, to deliver a blow to America's ability to mobilize its forces in the Pacific, battleships were chosen as the main targets, since they were the prestige ships of navies at the time. Finally, it was hoped that the attack would undermine American morale to such an extent that the American government would drop its demands contrary to Japanese interests and seek a peace compromise."
LOC,0.9988895,Dutch East Indies,194,211,Attack on Pearl Harbor,18,"The Japanese attack had several major aims. First, it intended to destroy important American fleet units, thereby preventing the Pacific Fleet from interfering with the Japanese conquest of the Dutch East Indies and Malaya and enabling Japan to conquer Southeast Asia without interference. The leaders of the Imperial Japanese Navy (IJN) subscribed to Alfred Thayer Mahan's ""decisive battle"" doctrine, especially that of destroying the maximum number of battleships. Second, it was hoped to buy time for Japan to consolidate its position and increase its naval strength before shipbuilding authorized by the 1940 Vinson-Walsh Act erased any chance of victory. Third, to deliver a blow to America's ability to mobilize its forces in the Pacific, battleships were chosen as the main targets, since they were the prestige ships of navies at the time. Finally, it was hoped that the attack would undermine American morale to such an extent that the American government would drop its demands contrary to Japanese interests and seek a peace compromise."
LOC,0.99976045,Malaya,216,222,Attack on Pearl Harbor,18,"The Japanese attack had several major aims. First, it intended to destroy important American fleet units, thereby preventing the Pacific Fleet from interfering with the Japanese conquest of the Dutch East Indies and Malaya and enabling Japan to conquer Southeast Asia without interference. The leaders of the Imperial Japanese Navy (IJN) subscribed to Alfred Thayer Mahan's ""decisive battle"" doctrine, especially that of destroying the maximum number of battleships. Second, it was hoped to buy time for Japan to consolidate its position and increase its naval strength before shipbuilding authorized by the 1940 Vinson-Walsh Act erased any chance of victory. Third, to deliver a blow to America's ability to mobilize its forces in the Pacific, battleships were chosen as the main targets, since they were the prestige ships of navies at the time. Finally, it was hoped that the attack would undermine American morale to such an extent that the American government would drop its demands contrary to Japanese interests and seek a peace compromise."
LOC,0.99971706,Japan,236,241,Attack on Pearl Harbor,18,"The Japanese attack had several major aims. First, it intended to destroy important American fleet units, thereby preventing the Pacific Fleet from interfering with the Japanese conquest of the Dutch East Indies and Malaya and enabling Japan to conquer Southeast Asia without interference. The leaders of the Imperial Japanese Navy (IJN) subscribed to Alfred Thayer Mahan's ""decisive battle"" doctrine, especially that of destroying the maximum number of battleships. Second, it was hoped to buy time for Japan to consolidate its position and increase its naval strength before shipbuilding authorized by the 1940 Vinson-Walsh Act erased any chance of victory. Third, to deliver a blow to America's ability to mobilize its forces in the Pacific, battleships were chosen as the main targets, since they were the prestige ships of navies at the time. Finally, it was hoped that the attack would undermine American morale to such an extent that the American government would drop its demands contrary to Japanese interests and seek a peace compromise."
LOC,0.9991838,Southeast Asia,253,267,Attack on Pearl Harbor,18,"The Japanese attack had several major aims. First, it intended to destroy important American fleet units, thereby preventing the Pacific Fleet from interfering with the Japanese conquest of the Dutch East Indies and Malaya and enabling Japan to conquer Southeast Asia without interference. The leaders of the Imperial Japanese Navy (IJN) subscribed to Alfred Thayer Mahan's ""decisive battle"" doctrine, especially that of destroying the maximum number of battleships. Second, it was hoped to buy time for Japan to consolidate its position and increase its naval strength before shipbuilding authorized by the 1940 Vinson-Walsh Act erased any chance of victory. Third, to deliver a blow to America's ability to mobilize its forces in the Pacific, battleships were chosen as the main targets, since they were the prestige ships of navies at the time. Finally, it was hoped that the attack would undermine American morale to such an extent that the American government would drop its demands contrary to Japanese interests and seek a peace compromise."
ORG,0.9937385,Imperial Japanese Navy,309,331,Attack on Pearl Harbor,18,"The Japanese attack had several major aims. First, it intended to destroy important American fleet units, thereby preventing the Pacific Fleet from interfering with the Japanese conquest of the Dutch East Indies and Malaya and enabling Japan to conquer Southeast Asia without interference. The leaders of the Imperial Japanese Navy (IJN) subscribed to Alfred Thayer Mahan's ""decisive battle"" doctrine, especially that of destroying the maximum number of battleships. Second, it was hoped to buy time for Japan to consolidate its position and increase its naval strength before shipbuilding authorized by the 1940 Vinson-Walsh Act erased any chance of victory. Third, to deliver a blow to America's ability to mobilize its forces in the Pacific, battleships were chosen as the main targets, since they were the prestige ships of navies at the time. Finally, it was hoped that the attack would undermine American morale to such an extent that the American government would drop its demands contrary to Japanese interests and seek a peace compromise."
ORG,0.65395665,IJN,333,336,Attack on Pearl Harbor,18,"The Japanese attack had several major aims. First, it intended to destroy important American fleet units, thereby preventing the Pacific Fleet from interfering with the Japanese conquest of the Dutch East Indies and Malaya and enabling Japan to conquer Southeast Asia without interference. The leaders of the Imperial Japanese Navy (IJN) subscribed to Alfred Thayer Mahan's ""decisive battle"" doctrine, especially that of destroying the maximum number of battleships. Second, it was hoped to buy time for Japan to consolidate its position and increase its naval strength before shipbuilding authorized by the 1940 Vinson-Walsh Act erased any chance of victory. Third, to deliver a blow to America's ability to mobilize its forces in the Pacific, battleships were chosen as the main targets, since they were the prestige ships of navies at the time. Finally, it was hoped that the attack would undermine American morale to such an extent that the American government would drop its demands contrary to Japanese interests and seek a peace compromise."
PER,0.99717075,Alfred Thayer Mahan,352,371,Attack on Pearl Harbor,18,"The Japanese attack had several major aims. First, it intended to destroy important American fleet units, thereby preventing the Pacific Fleet from interfering with the Japanese conquest of the Dutch East Indies and Malaya and enabling Japan to conquer Southeast Asia without interference. The leaders of the Imperial Japanese Navy (IJN) subscribed to Alfred Thayer Mahan's ""decisive battle"" doctrine, especially that of destroying the maximum number of battleships. Second, it was hoped to buy time for Japan to consolidate its position and increase its naval strength before shipbuilding authorized by the 1940 Vinson-Walsh Act erased any chance of victory. Third, to deliver a blow to America's ability to mobilize its forces in the Pacific, battleships were chosen as the main targets, since they were the prestige ships of navies at the time. Finally, it was hoped that the attack would undermine American morale to such an extent that the American government would drop its demands contrary to Japanese interests and seek a peace compromise."
LOC,0.99976987,Japan,504,509,Attack on Pearl Harbor,18,"The Japanese attack had several major aims. First, it intended to destroy important American fleet units, thereby preventing the Pacific Fleet from interfering with the Japanese conquest of the Dutch East Indies and Malaya and enabling Japan to conquer Southeast Asia without interference. The leaders of the Imperial Japanese Navy (IJN) subscribed to Alfred Thayer Mahan's ""decisive battle"" doctrine, especially that of destroying the maximum number of battleships. Second, it was hoped to buy time for Japan to consolidate its position and increase its naval strength before shipbuilding authorized by the 1940 Vinson-Walsh Act erased any chance of victory. Third, to deliver a blow to America's ability to mobilize its forces in the Pacific, battleships were chosen as the main targets, since they were the prestige ships of navies at the time. Finally, it was hoped that the attack would undermine American morale to such an extent that the American government would drop its demands contrary to Japanese interests and seek a peace compromise."
MISC,0.7507943,Vinson - Walsh Act,613,629,Attack on Pearl Harbor,18,"The Japanese attack had several major aims. First, it intended to destroy important American fleet units, thereby preventing the Pacific Fleet from interfering with the Japanese conquest of the Dutch East Indies and Malaya and enabling Japan to conquer Southeast Asia without interference. The leaders of the Imperial Japanese Navy (IJN) subscribed to Alfred Thayer Mahan's ""decisive battle"" doctrine, especially that of destroying the maximum number of battleships. Second, it was hoped to buy time for Japan to consolidate its position and increase its naval strength before shipbuilding authorized by the 1940 Vinson-Walsh Act erased any chance of victory. Third, to deliver a blow to America's ability to mobilize its forces in the Pacific, battleships were chosen as the main targets, since they were the prestige ships of navies at the time. Finally, it was hoped that the attack would undermine American morale to such an extent that the American government would drop its demands contrary to Japanese interests and seek a peace compromise."
LOC,0.9996927,America,688,695,Attack on Pearl Harbor,18,"The Japanese attack had several major aims. First, it intended to destroy important American fleet units, thereby preventing the Pacific Fleet from interfering with the Japanese conquest of the Dutch East Indies and Malaya and enabling Japan to conquer Southeast Asia without interference. The leaders of the Imperial Japanese Navy (IJN) subscribed to Alfred Thayer Mahan's ""decisive battle"" doctrine, especially that of destroying the maximum number of battleships. Second, it was hoped to buy time for Japan to consolidate its position and increase its naval strength before shipbuilding authorized by the 1940 Vinson-Walsh Act erased any chance of victory. Third, to deliver a blow to America's ability to mobilize its forces in the Pacific, battleships were chosen as the main targets, since they were the prestige ships of navies at the time. Finally, it was hoped that the attack would undermine American morale to such an extent that the American government would drop its demands contrary to Japanese interests and seek a peace compromise."
LOC,0.99943584,Pacific,736,743,Attack on Pearl Harbor,18,"The Japanese attack had several major aims. First, it intended to destroy important American fleet units, thereby preventing the Pacific Fleet from interfering with the Japanese conquest of the Dutch East Indies and Malaya and enabling Japan to conquer Southeast Asia without interference. The leaders of the Imperial Japanese Navy (IJN) subscribed to Alfred Thayer Mahan's ""decisive battle"" doctrine, especially that of destroying the maximum number of battleships. Second, it was hoped to buy time for Japan to consolidate its position and increase its naval strength before shipbuilding authorized by the 1940 Vinson-Walsh Act erased any chance of victory. Third, to deliver a blow to America's ability to mobilize its forces in the Pacific, battleships were chosen as the main targets, since they were the prestige ships of navies at the time. Finally, it was hoped that the attack would undermine American morale to such an extent that the American government would drop its demands contrary to Japanese interests and seek a peace compromise."
MISC,0.99976915,American,902,910,Attack on Pearl Harbor,18,"The Japanese attack had several major aims. First, it intended to destroy important American fleet units, thereby preventing the Pacific Fleet from interfering with the Japanese conquest of the Dutch East Indies and Malaya and enabling Japan to conquer Southeast Asia without interference. The leaders of the Imperial Japanese Navy (IJN) subscribed to Alfred Thayer Mahan's ""decisive battle"" doctrine, especially that of destroying the maximum number of battleships. Second, it was hoped to buy time for Japan to consolidate its position and increase its naval strength before shipbuilding authorized by the 1940 Vinson-Walsh Act erased any chance of victory. Third, to deliver a blow to America's ability to mobilize its forces in the Pacific, battleships were chosen as the main targets, since they were the prestige ships of navies at the time. Finally, it was hoped that the attack would undermine American morale to such an extent that the American government would drop its demands contrary to Japanese interests and seek a peace compromise."
MISC,0.9997619,American,945,953,Attack on Pearl Harbor,18,"The Japanese attack had several major aims. First, it intended to destroy important American fleet units, thereby preventing the Pacific Fleet from interfering with the Japanese conquest of the Dutch East Indies and Malaya and enabling Japan to conquer Southeast Asia without interference. The leaders of the Imperial Japanese Navy (IJN) subscribed to Alfred Thayer Mahan's ""decisive battle"" doctrine, especially that of destroying the maximum number of battleships. Second, it was hoped to buy time for Japan to consolidate its position and increase its naval strength before shipbuilding authorized by the 1940 Vinson-Walsh Act erased any chance of victory. Third, to deliver a blow to America's ability to mobilize its forces in the Pacific, battleships were chosen as the main targets, since they were the prestige ships of navies at the time. Finally, it was hoped that the attack would undermine American morale to such an extent that the American government would drop its demands contrary to Japanese interests and seek a peace compromise."
MISC,0.999764,Japanese,1000,1008,Attack on Pearl Harbor,18,"The Japanese attack had several major aims. First, it intended to destroy important American fleet units, thereby preventing the Pacific Fleet from interfering with the Japanese conquest of the Dutch East Indies and Malaya and enabling Japan to conquer Southeast Asia without interference. The leaders of the Imperial Japanese Navy (IJN) subscribed to Alfred Thayer Mahan's ""decisive battle"" doctrine, especially that of destroying the maximum number of battleships. Second, it was hoped to buy time for Japan to consolidate its position and increase its naval strength before shipbuilding authorized by the 1940 Vinson-Walsh Act erased any chance of victory. Third, to deliver a blow to America's ability to mobilize its forces in the Pacific, battleships were chosen as the main targets, since they were the prestige ships of navies at the time. Finally, it was hoped that the attack would undermine American morale to such an extent that the American government would drop its demands contrary to Japanese interests and seek a peace compromise."
LOC,0.7909211,Pacific Fleet,13,26,Attack on Pearl Harbor,19,"Striking the Pacific Fleet at anchor in Pearl Harbor had two distinct disadvantages: the targeted ships would be in very shallow water, so it would be relatively easy to salvage and possibly repair them, and most of the crews would survive the attack since many would be on shore leave or would be rescued from the harbor. A further disadvantage would prove to be the unexpected absence of all three Pacific Fleet aircraft carriers (Enterprise, Lexington, and Saratoga). Despite these concerns, Yamamoto decided to press ahead."
LOC,0.99939823,Pearl Harbor,40,52,Attack on Pearl Harbor,19,"Striking the Pacific Fleet at anchor in Pearl Harbor had two distinct disadvantages: the targeted ships would be in very shallow water, so it would be relatively easy to salvage and possibly repair them, and most of the crews would survive the attack since many would be on shore leave or would be rescued from the harbor. A further disadvantage would prove to be the unexpected absence of all three Pacific Fleet aircraft carriers (Enterprise, Lexington, and Saratoga). Despite these concerns, Yamamoto decided to press ahead."
ORG,0.4944864,Pacific Fleet,400,413,Attack on Pearl Harbor,19,"Striking the Pacific Fleet at anchor in Pearl Harbor had two distinct disadvantages: the targeted ships would be in very shallow water, so it would be relatively easy to salvage and possibly repair them, and most of the crews would survive the attack since many would be on shore leave or would be rescued from the harbor. A further disadvantage would prove to be the unexpected absence of all three Pacific Fleet aircraft carriers (Enterprise, Lexington, and Saratoga). Despite these concerns, Yamamoto decided to press ahead."
ORG,0.93633693,Enterprise,433,443,Attack on Pearl Harbor,19,"Striking the Pacific Fleet at anchor in Pearl Harbor had two distinct disadvantages: the targeted ships would be in very shallow water, so it would be relatively easy to salvage and possibly repair them, and most of the crews would survive the attack since many would be on shore leave or would be rescued from the harbor. A further disadvantage would prove to be the unexpected absence of all three Pacific Fleet aircraft carriers (Enterprise, Lexington, and Saratoga). Despite these concerns, Yamamoto decided to press ahead."
ORG,0.63836354,Lexington,445,454,Attack on Pearl Harbor,19,"Striking the Pacific Fleet at anchor in Pearl Harbor had two distinct disadvantages: the targeted ships would be in very shallow water, so it would be relatively easy to salvage and possibly repair them, and most of the crews would survive the attack since many would be on shore leave or would be rescued from the harbor. A further disadvantage would prove to be the unexpected absence of all three Pacific Fleet aircraft carriers (Enterprise, Lexington, and Saratoga). Despite these concerns, Yamamoto decided to press ahead."
ORG,0.8352437,Saratoga,460,468,Attack on Pearl Harbor,19,"Striking the Pacific Fleet at anchor in Pearl Harbor had two distinct disadvantages: the targeted ships would be in very shallow water, so it would be relatively easy to salvage and possibly repair them, and most of the crews would survive the attack since many would be on shore leave or would be rescued from the harbor. A further disadvantage would prove to be the unexpected absence of all three Pacific Fleet aircraft carriers (Enterprise, Lexington, and Saratoga). Despite these concerns, Yamamoto decided to press ahead."
PER,0.6037177,Yamamoto,495,503,Attack on Pearl Harbor,19,"Striking the Pacific Fleet at anchor in Pearl Harbor had two distinct disadvantages: the targeted ships would be in very shallow water, so it would be relatively easy to salvage and possibly repair them, and most of the crews would survive the attack since many would be on shore leave or would be rescued from the harbor. A further disadvantage would prove to be the unexpected absence of all three Pacific Fleet aircraft carriers (Enterprise, Lexington, and Saratoga). Despite these concerns, Yamamoto decided to press ahead."
MISC,0.9997218,Japanese,0,8,Attack on Pearl Harbor,20,"Japanese confidence in their ability to win a short war meant that other targets in the harbor, especially the navy yard, oil tank farms and submarine base, were left unscathed, since by their thinking the war would be over before the influence of these facilities would be felt."
PER,0.8663064,Kido Butai,22,32,Attack on Pearl Harbor,21,"On November 26, 1941, Kido Butai, the Mobile Strike Force of the Japanese Navy, departed Hittokapu Bay on Etorofu (now Iterup) Island in the Kuril Islands: six aircraft carriers (Akagi, Kaga, Sōryū, Hiryū, Shōkaku, and Zuikaku), two battleships, three cruisers, 11 destroyers, and eight oilers."
ORG,0.99418616,Mobile Strike Force,38,57,Attack on Pearl Harbor,21,"On November 26, 1941, Kido Butai, the Mobile Strike Force of the Japanese Navy, departed Hittokapu Bay on Etorofu (now Iterup) Island in the Kuril Islands: six aircraft carriers (Akagi, Kaga, Sōryū, Hiryū, Shōkaku, and Zuikaku), two battleships, three cruisers, 11 destroyers, and eight oilers."
ORG,0.9556927,Japanese Navy,65,78,Attack on Pearl Harbor,21,"On November 26, 1941, Kido Butai, the Mobile Strike Force of the Japanese Navy, departed Hittokapu Bay on Etorofu (now Iterup) Island in the Kuril Islands: six aircraft carriers (Akagi, Kaga, Sōryū, Hiryū, Shōkaku, and Zuikaku), two battleships, three cruisers, 11 destroyers, and eight oilers."
LOC,0.871781,Hittokapu Bay,89,102,Attack on Pearl Harbor,21,"On November 26, 1941, Kido Butai, the Mobile Strike Force of the Japanese Navy, departed Hittokapu Bay on Etorofu (now Iterup) Island in the Kuril Islands: six aircraft carriers (Akagi, Kaga, Sōryū, Hiryū, Shōkaku, and Zuikaku), two battleships, three cruisers, 11 destroyers, and eight oilers."
LOC,0.71340597,Etorofu,106,113,Attack on Pearl Harbor,21,"On November 26, 1941, Kido Butai, the Mobile Strike Force of the Japanese Navy, departed Hittokapu Bay on Etorofu (now Iterup) Island in the Kuril Islands: six aircraft carriers (Akagi, Kaga, Sōryū, Hiryū, Shōkaku, and Zuikaku), two battleships, three cruisers, 11 destroyers, and eight oilers."
LOC,0.6950771,Iterup ) Island,119,133,Attack on Pearl Harbor,21,"On November 26, 1941, Kido Butai, the Mobile Strike Force of the Japanese Navy, departed Hittokapu Bay on Etorofu (now Iterup) Island in the Kuril Islands: six aircraft carriers (Akagi, Kaga, Sōryū, Hiryū, Shōkaku, and Zuikaku), two battleships, three cruisers, 11 destroyers, and eight oilers."
LOC,0.75253737,Kuril Islands,141,154,Attack on Pearl Harbor,21,"On November 26, 1941, Kido Butai, the Mobile Strike Force of the Japanese Navy, departed Hittokapu Bay on Etorofu (now Iterup) Island in the Kuril Islands: six aircraft carriers (Akagi, Kaga, Sōryū, Hiryū, Shōkaku, and Zuikaku), two battleships, three cruisers, 11 destroyers, and eight oilers."
LOC,0.46814036,Akagi,179,184,Attack on Pearl Harbor,21,"On November 26, 1941, Kido Butai, the Mobile Strike Force of the Japanese Navy, departed Hittokapu Bay on Etorofu (now Iterup) Island in the Kuril Islands: six aircraft carriers (Akagi, Kaga, Sōryū, Hiryū, Shōkaku, and Zuikaku), two battleships, three cruisers, 11 destroyers, and eight oilers."
LOC,0.6069785,Kaga,186,190,Attack on Pearl Harbor,21,"On November 26, 1941, Kido Butai, the Mobile Strike Force of the Japanese Navy, departed Hittokapu Bay on Etorofu (now Iterup) Island in the Kuril Islands: six aircraft carriers (Akagi, Kaga, Sōryū, Hiryū, Shōkaku, and Zuikaku), two battleships, three cruisers, 11 destroyers, and eight oilers."
LOC,0.29232845,Sōryū,192,197,Attack on Pearl Harbor,21,"On November 26, 1941, Kido Butai, the Mobile Strike Force of the Japanese Navy, departed Hittokapu Bay on Etorofu (now Iterup) Island in the Kuril Islands: six aircraft carriers (Akagi, Kaga, Sōryū, Hiryū, Shōkaku, and Zuikaku), two battleships, three cruisers, 11 destroyers, and eight oilers."
LOC,0.30753645,Hiryū,199,204,Attack on Pearl Harbor,21,"On November 26, 1941, Kido Butai, the Mobile Strike Force of the Japanese Navy, departed Hittokapu Bay on Etorofu (now Iterup) Island in the Kuril Islands: six aircraft carriers (Akagi, Kaga, Sōryū, Hiryū, Shōkaku, and Zuikaku), two battleships, three cruisers, 11 destroyers, and eight oilers."
LOC,0.31263614,Shōkaku,206,213,Attack on Pearl Harbor,21,"On November 26, 1941, Kido Butai, the Mobile Strike Force of the Japanese Navy, departed Hittokapu Bay on Etorofu (now Iterup) Island in the Kuril Islands: six aircraft carriers (Akagi, Kaga, Sōryū, Hiryū, Shōkaku, and Zuikaku), two battleships, three cruisers, 11 destroyers, and eight oilers."
LOC,0.41189587,Zuikaku,219,226,Attack on Pearl Harbor,21,"On November 26, 1941, Kido Butai, the Mobile Strike Force of the Japanese Navy, departed Hittokapu Bay on Etorofu (now Iterup) Island in the Kuril Islands: six aircraft carriers (Akagi, Kaga, Sōryū, Hiryū, Shōkaku, and Zuikaku), two battleships, three cruisers, 11 destroyers, and eight oilers."
MISC,0.9997794,Japanese,4,12,Attack on Pearl Harbor,22,"The Japanese plan was for the fleet to steam to a position northwest of Hawaii, and attack Pearl Harbor with aircraft. The attack would consist of about 360 aircraft in two waves. 48 fighter aircraft would remain as defensive combat air patrol (CAP) over the fleet."
LOC,0.99976605,Hawaii,72,78,Attack on Pearl Harbor,22,"The Japanese plan was for the fleet to steam to a position northwest of Hawaii, and attack Pearl Harbor with aircraft. The attack would consist of about 360 aircraft in two waves. 48 fighter aircraft would remain as defensive combat air patrol (CAP) over the fleet."
LOC,0.9995675,Pearl Harbor,91,103,Attack on Pearl Harbor,22,"The Japanese plan was for the fleet to steam to a position northwest of Hawaii, and attack Pearl Harbor with aircraft. The attack would consist of about 360 aircraft in two waves. 48 fighter aircraft would remain as defensive combat air patrol (CAP) over the fleet."
MISC,0.9869962,Type 91,150,157,Attack on Pearl Harbor,23,"The first wave of 180 aircraft was to be the primary attack. The level bombers in this wave were armed with armor-piercing bombs or specially adapted Type 91 aerial torpedoes equipped with an anti-roll mechanism and a rudder extension to operate in the shallow water of Pearl Harbor. The level bombers were to attack battleships and aircraft carriers, or if these were not present, cruisers and destroyers. The dive bombers were to attack land targets with general purpose (GP) bombs. The fighters were to strafe airfields, destroying aircraft on the ground, and engage any that got into the air, thus preventing any interference with the bombers. "
LOC,0.9995667,Pearl Harbor,270,282,Attack on Pearl Harbor,23,"The first wave of 180 aircraft was to be the primary attack. The level bombers in this wave were armed with armor-piercing bombs or specially adapted Type 91 aerial torpedoes equipped with an anti-roll mechanism and a rudder extension to operate in the shallow water of Pearl Harbor. The level bombers were to attack battleships and aircraft carriers, or if these were not present, cruisers and destroyers. The dive bombers were to attack land targets with general purpose (GP) bombs. The fighters were to strafe airfields, destroying aircraft on the ground, and engage any that got into the air, thus preventing any interference with the bombers. "
MISC,0.5665211,GP,66,68,Attack on Pearl Harbor,24,"The second wave of 180 aircraft was to be similar, but carry only GP bombs and mainly strike airfields. They would target carriers first, cruisers second, and battleships third."
ORG,0.484216,CAP,52,55,Attack on Pearl Harbor,25,Returning fighters were to refuel and then join the CAP over the fleet.
ORG,0.996979,Strike Force,33,45,Attack on Pearl Harbor,26,"Before launching the attack, the Strike Force would launch two reconnaissance floatplanes from heavy cruisers Chikuma and Tone, to scout Oahu and Lahaina Roads near Maui, respectively."
ORG,0.49693084,Chikuma,110,117,Attack on Pearl Harbor,26,"Before launching the attack, the Strike Force would launch two reconnaissance floatplanes from heavy cruisers Chikuma and Tone, to scout Oahu and Lahaina Roads near Maui, respectively."
ORG,0.48495317,Tone,122,126,Attack on Pearl Harbor,26,"Before launching the attack, the Strike Force would launch two reconnaissance floatplanes from heavy cruisers Chikuma and Tone, to scout Oahu and Lahaina Roads near Maui, respectively."
LOC,0.49894774,Oahu,137,141,Attack on Pearl Harbor,26,"Before launching the attack, the Strike Force would launch two reconnaissance floatplanes from heavy cruisers Chikuma and Tone, to scout Oahu and Lahaina Roads near Maui, respectively."
LOC,0.80666184,Lahaina Roads,146,159,Attack on Pearl Harbor,26,"Before launching the attack, the Strike Force would launch two reconnaissance floatplanes from heavy cruisers Chikuma and Tone, to scout Oahu and Lahaina Roads near Maui, respectively."
LOC,0.50755984,Maui,165,169,Attack on Pearl Harbor,26,"Before launching the attack, the Strike Force would launch two reconnaissance floatplanes from heavy cruisers Chikuma and Tone, to scout Oahu and Lahaina Roads near Maui, respectively."
MISC,0.99976057,Americans,80,89,Attack on Pearl Harbor,27,"Some historians think these reconnaissance aircraft flights risked alerting the Americans, and were not necessary. Fleet composition and preparedness information in Pearl Harbor were already known from the reports of the Japanese spy Takeo Yoshikawa. "
LOC,0.99949193,Pearl Harbor,165,177,Attack on Pearl Harbor,27,"Some historians think these reconnaissance aircraft flights risked alerting the Americans, and were not necessary. Fleet composition and preparedness information in Pearl Harbor were already known from the reports of the Japanese spy Takeo Yoshikawa. "
MISC,0.999747,Japanese,221,229,Attack on Pearl Harbor,27,"Some historians think these reconnaissance aircraft flights risked alerting the Americans, and were not necessary. Fleet composition and preparedness information in Pearl Harbor were already known from the reports of the Japanese spy Takeo Yoshikawa. "
PER,0.7580697,Takeo Yoshikawa,234,249,Attack on Pearl Harbor,27,"Some historians think these reconnaissance aircraft flights risked alerting the Americans, and were not necessary. Fleet composition and preparedness information in Pearl Harbor were already known from the reports of the Japanese spy Takeo Yoshikawa. "
ORG,0.32131317,Tone,0,4,Attack on Pearl Harbor,28,"Tone's floatplane and the fleet submarine I-72 reported that the American fleet was not at Lahaina Roads. Another four floatplanes patrolled the area between the Japanese carrier force and Niʻihau, to detect any counterattack."
MISC,0.96544313,I - 72,42,46,Attack on Pearl Harbor,28,"Tone's floatplane and the fleet submarine I-72 reported that the American fleet was not at Lahaina Roads. Another four floatplanes patrolled the area between the Japanese carrier force and Niʻihau, to detect any counterattack."
MISC,0.9997962,American,65,73,Attack on Pearl Harbor,28,"Tone's floatplane and the fleet submarine I-72 reported that the American fleet was not at Lahaina Roads. Another four floatplanes patrolled the area between the Japanese carrier force and Niʻihau, to detect any counterattack."
LOC,0.82928175,Lahaina Roads,91,104,Attack on Pearl Harbor,28,"Tone's floatplane and the fleet submarine I-72 reported that the American fleet was not at Lahaina Roads. Another four floatplanes patrolled the area between the Japanese carrier force and Niʻihau, to detect any counterattack."
MISC,0.9997595,Japanese,162,170,Attack on Pearl Harbor,28,"Tone's floatplane and the fleet submarine I-72 reported that the American fleet was not at Lahaina Roads. Another four floatplanes patrolled the area between the Japanese carrier force and Niʻihau, to detect any counterattack."
LOC,0.7300267,Niʻihau,189,196,Attack on Pearl Harbor,28,"Tone's floatplane and the fleet submarine I-72 reported that the American fleet was not at Lahaina Roads. Another four floatplanes patrolled the area between the Japanese carrier force and Niʻihau, to detect any counterattack."
MISC,0.8927777,I - 16,17,21,Attack on Pearl Harbor,29,"Fleet submarines I-16, I-18, I-20, I-22, and I-24 each embarked a Type A midget submarine for transport to the waters off Oahu. The five I-boats left Kure Naval District on November 25, 1941. On December 6, they came to within 10 nmi (19 km; 12 mi) of the mouth of Pearl Harbor and launched their midget subs at about 01:00 local time on December 7. At 03:42 Hawaiian time, the minesweeper Condor spotted a midget submarine periscope southwest of the Pearl Harbor entrance buoy and alerted the destroyer Ward. The midget may have entered Pearl Harbor. However, Ward sank another midget submarine at 06:37 in the first American shots in the Pacific Theater. A midget submarine on the north side of Ford Island missed the seaplane tender Curtiss with her first torpedo and missed the attacking destroyer Monaghan with her other one before being sunk by Monaghan at 08:43."
MISC,0.9198114,I - 18,23,27,Attack on Pearl Harbor,29,"Fleet submarines I-16, I-18, I-20, I-22, and I-24 each embarked a Type A midget submarine for transport to the waters off Oahu. The five I-boats left Kure Naval District on November 25, 1941. On December 6, they came to within 10 nmi (19 km; 12 mi) of the mouth of Pearl Harbor and launched their midget subs at about 01:00 local time on December 7. At 03:42 Hawaiian time, the minesweeper Condor spotted a midget submarine periscope southwest of the Pearl Harbor entrance buoy and alerted the destroyer Ward. The midget may have entered Pearl Harbor. However, Ward sank another midget submarine at 06:37 in the first American shots in the Pacific Theater. A midget submarine on the north side of Ford Island missed the seaplane tender Curtiss with her first torpedo and missed the attacking destroyer Monaghan with her other one before being sunk by Monaghan at 08:43."
MISC,0.93867224,I - 20,29,33,Attack on Pearl Harbor,29,"Fleet submarines I-16, I-18, I-20, I-22, and I-24 each embarked a Type A midget submarine for transport to the waters off Oahu. The five I-boats left Kure Naval District on November 25, 1941. On December 6, they came to within 10 nmi (19 km; 12 mi) of the mouth of Pearl Harbor and launched their midget subs at about 01:00 local time on December 7. At 03:42 Hawaiian time, the minesweeper Condor spotted a midget submarine periscope southwest of the Pearl Harbor entrance buoy and alerted the destroyer Ward. The midget may have entered Pearl Harbor. However, Ward sank another midget submarine at 06:37 in the first American shots in the Pacific Theater. A midget submarine on the north side of Ford Island missed the seaplane tender Curtiss with her first torpedo and missed the attacking destroyer Monaghan with her other one before being sunk by Monaghan at 08:43."
MISC,0.87893623,I - 22,35,39,Attack on Pearl Harbor,29,"Fleet submarines I-16, I-18, I-20, I-22, and I-24 each embarked a Type A midget submarine for transport to the waters off Oahu. The five I-boats left Kure Naval District on November 25, 1941. On December 6, they came to within 10 nmi (19 km; 12 mi) of the mouth of Pearl Harbor and launched their midget subs at about 01:00 local time on December 7. At 03:42 Hawaiian time, the minesweeper Condor spotted a midget submarine periscope southwest of the Pearl Harbor entrance buoy and alerted the destroyer Ward. The midget may have entered Pearl Harbor. However, Ward sank another midget submarine at 06:37 in the first American shots in the Pacific Theater. A midget submarine on the north side of Ford Island missed the seaplane tender Curtiss with her first torpedo and missed the attacking destroyer Monaghan with her other one before being sunk by Monaghan at 08:43."
MISC,0.9030629,I - 24,45,49,Attack on Pearl Harbor,29,"Fleet submarines I-16, I-18, I-20, I-22, and I-24 each embarked a Type A midget submarine for transport to the waters off Oahu. The five I-boats left Kure Naval District on November 25, 1941. On December 6, they came to within 10 nmi (19 km; 12 mi) of the mouth of Pearl Harbor and launched their midget subs at about 01:00 local time on December 7. At 03:42 Hawaiian time, the minesweeper Condor spotted a midget submarine periscope southwest of the Pearl Harbor entrance buoy and alerted the destroyer Ward. The midget may have entered Pearl Harbor. However, Ward sank another midget submarine at 06:37 in the first American shots in the Pacific Theater. A midget submarine on the north side of Ford Island missed the seaplane tender Curtiss with her first torpedo and missed the attacking destroyer Monaghan with her other one before being sunk by Monaghan at 08:43."
MISC,0.98761815,Type A,66,72,Attack on Pearl Harbor,29,"Fleet submarines I-16, I-18, I-20, I-22, and I-24 each embarked a Type A midget submarine for transport to the waters off Oahu. The five I-boats left Kure Naval District on November 25, 1941. On December 6, they came to within 10 nmi (19 km; 12 mi) of the mouth of Pearl Harbor and launched their midget subs at about 01:00 local time on December 7. At 03:42 Hawaiian time, the minesweeper Condor spotted a midget submarine periscope southwest of the Pearl Harbor entrance buoy and alerted the destroyer Ward. The midget may have entered Pearl Harbor. However, Ward sank another midget submarine at 06:37 in the first American shots in the Pacific Theater. A midget submarine on the north side of Ford Island missed the seaplane tender Curtiss with her first torpedo and missed the attacking destroyer Monaghan with her other one before being sunk by Monaghan at 08:43."
LOC,0.81451887,Oahu,122,126,Attack on Pearl Harbor,29,"Fleet submarines I-16, I-18, I-20, I-22, and I-24 each embarked a Type A midget submarine for transport to the waters off Oahu. The five I-boats left Kure Naval District on November 25, 1941. On December 6, they came to within 10 nmi (19 km; 12 mi) of the mouth of Pearl Harbor and launched their midget subs at about 01:00 local time on December 7. At 03:42 Hawaiian time, the minesweeper Condor spotted a midget submarine periscope southwest of the Pearl Harbor entrance buoy and alerted the destroyer Ward. The midget may have entered Pearl Harbor. However, Ward sank another midget submarine at 06:37 in the first American shots in the Pacific Theater. A midget submarine on the north side of Ford Island missed the seaplane tender Curtiss with her first torpedo and missed the attacking destroyer Monaghan with her other one before being sunk by Monaghan at 08:43."
MISC,0.960288,I,137,138,Attack on Pearl Harbor,29,"Fleet submarines I-16, I-18, I-20, I-22, and I-24 each embarked a Type A midget submarine for transport to the waters off Oahu. The five I-boats left Kure Naval District on November 25, 1941. On December 6, they came to within 10 nmi (19 km; 12 mi) of the mouth of Pearl Harbor and launched their midget subs at about 01:00 local time on December 7. At 03:42 Hawaiian time, the minesweeper Condor spotted a midget submarine periscope southwest of the Pearl Harbor entrance buoy and alerted the destroyer Ward. The midget may have entered Pearl Harbor. However, Ward sank another midget submarine at 06:37 in the first American shots in the Pacific Theater. A midget submarine on the north side of Ford Island missed the seaplane tender Curtiss with her first torpedo and missed the attacking destroyer Monaghan with her other one before being sunk by Monaghan at 08:43."
LOC,0.82722574,Kure Naval District,150,169,Attack on Pearl Harbor,29,"Fleet submarines I-16, I-18, I-20, I-22, and I-24 each embarked a Type A midget submarine for transport to the waters off Oahu. The five I-boats left Kure Naval District on November 25, 1941. On December 6, they came to within 10 nmi (19 km; 12 mi) of the mouth of Pearl Harbor and launched their midget subs at about 01:00 local time on December 7. At 03:42 Hawaiian time, the minesweeper Condor spotted a midget submarine periscope southwest of the Pearl Harbor entrance buoy and alerted the destroyer Ward. The midget may have entered Pearl Harbor. However, Ward sank another midget submarine at 06:37 in the first American shots in the Pacific Theater. A midget submarine on the north side of Ford Island missed the seaplane tender Curtiss with her first torpedo and missed the attacking destroyer Monaghan with her other one before being sunk by Monaghan at 08:43."
LOC,0.9994892,Pearl Harbor,265,277,Attack on Pearl Harbor,29,"Fleet submarines I-16, I-18, I-20, I-22, and I-24 each embarked a Type A midget submarine for transport to the waters off Oahu. The five I-boats left Kure Naval District on November 25, 1941. On December 6, they came to within 10 nmi (19 km; 12 mi) of the mouth of Pearl Harbor and launched their midget subs at about 01:00 local time on December 7. At 03:42 Hawaiian time, the minesweeper Condor spotted a midget submarine periscope southwest of the Pearl Harbor entrance buoy and alerted the destroyer Ward. The midget may have entered Pearl Harbor. However, Ward sank another midget submarine at 06:37 in the first American shots in the Pacific Theater. A midget submarine on the north side of Ford Island missed the seaplane tender Curtiss with her first torpedo and missed the attacking destroyer Monaghan with her other one before being sunk by Monaghan at 08:43."
MISC,0.9974854,Hawaiian,359,367,Attack on Pearl Harbor,29,"Fleet submarines I-16, I-18, I-20, I-22, and I-24 each embarked a Type A midget submarine for transport to the waters off Oahu. The five I-boats left Kure Naval District on November 25, 1941. On December 6, they came to within 10 nmi (19 km; 12 mi) of the mouth of Pearl Harbor and launched their midget subs at about 01:00 local time on December 7. At 03:42 Hawaiian time, the minesweeper Condor spotted a midget submarine periscope southwest of the Pearl Harbor entrance buoy and alerted the destroyer Ward. The midget may have entered Pearl Harbor. However, Ward sank another midget submarine at 06:37 in the first American shots in the Pacific Theater. A midget submarine on the north side of Ford Island missed the seaplane tender Curtiss with her first torpedo and missed the attacking destroyer Monaghan with her other one before being sunk by Monaghan at 08:43."
ORG,0.28587496,Condor,390,396,Attack on Pearl Harbor,29,"Fleet submarines I-16, I-18, I-20, I-22, and I-24 each embarked a Type A midget submarine for transport to the waters off Oahu. The five I-boats left Kure Naval District on November 25, 1941. On December 6, they came to within 10 nmi (19 km; 12 mi) of the mouth of Pearl Harbor and launched their midget subs at about 01:00 local time on December 7. At 03:42 Hawaiian time, the minesweeper Condor spotted a midget submarine periscope southwest of the Pearl Harbor entrance buoy and alerted the destroyer Ward. The midget may have entered Pearl Harbor. However, Ward sank another midget submarine at 06:37 in the first American shots in the Pacific Theater. A midget submarine on the north side of Ford Island missed the seaplane tender Curtiss with her first torpedo and missed the attacking destroyer Monaghan with her other one before being sunk by Monaghan at 08:43."
LOC,0.99947655,Pearl Harbor,451,463,Attack on Pearl Harbor,29,"Fleet submarines I-16, I-18, I-20, I-22, and I-24 each embarked a Type A midget submarine for transport to the waters off Oahu. The five I-boats left Kure Naval District on November 25, 1941. On December 6, they came to within 10 nmi (19 km; 12 mi) of the mouth of Pearl Harbor and launched their midget subs at about 01:00 local time on December 7. At 03:42 Hawaiian time, the minesweeper Condor spotted a midget submarine periscope southwest of the Pearl Harbor entrance buoy and alerted the destroyer Ward. The midget may have entered Pearl Harbor. However, Ward sank another midget submarine at 06:37 in the first American shots in the Pacific Theater. A midget submarine on the north side of Ford Island missed the seaplane tender Curtiss with her first torpedo and missed the attacking destroyer Monaghan with her other one before being sunk by Monaghan at 08:43."
PER,0.9549579,Ward,504,508,Attack on Pearl Harbor,29,"Fleet submarines I-16, I-18, I-20, I-22, and I-24 each embarked a Type A midget submarine for transport to the waters off Oahu. The five I-boats left Kure Naval District on November 25, 1941. On December 6, they came to within 10 nmi (19 km; 12 mi) of the mouth of Pearl Harbor and launched their midget subs at about 01:00 local time on December 7. At 03:42 Hawaiian time, the minesweeper Condor spotted a midget submarine periscope southwest of the Pearl Harbor entrance buoy and alerted the destroyer Ward. The midget may have entered Pearl Harbor. However, Ward sank another midget submarine at 06:37 in the first American shots in the Pacific Theater. A midget submarine on the north side of Ford Island missed the seaplane tender Curtiss with her first torpedo and missed the attacking destroyer Monaghan with her other one before being sunk by Monaghan at 08:43."
LOC,0.9995284,Pearl Harbor,538,550,Attack on Pearl Harbor,29,"Fleet submarines I-16, I-18, I-20, I-22, and I-24 each embarked a Type A midget submarine for transport to the waters off Oahu. The five I-boats left Kure Naval District on November 25, 1941. On December 6, they came to within 10 nmi (19 km; 12 mi) of the mouth of Pearl Harbor and launched their midget subs at about 01:00 local time on December 7. At 03:42 Hawaiian time, the minesweeper Condor spotted a midget submarine periscope southwest of the Pearl Harbor entrance buoy and alerted the destroyer Ward. The midget may have entered Pearl Harbor. However, Ward sank another midget submarine at 06:37 in the first American shots in the Pacific Theater. A midget submarine on the north side of Ford Island missed the seaplane tender Curtiss with her first torpedo and missed the attacking destroyer Monaghan with her other one before being sunk by Monaghan at 08:43."
PER,0.98843306,Ward,561,565,Attack on Pearl Harbor,29,"Fleet submarines I-16, I-18, I-20, I-22, and I-24 each embarked a Type A midget submarine for transport to the waters off Oahu. The five I-boats left Kure Naval District on November 25, 1941. On December 6, they came to within 10 nmi (19 km; 12 mi) of the mouth of Pearl Harbor and launched their midget subs at about 01:00 local time on December 7. At 03:42 Hawaiian time, the minesweeper Condor spotted a midget submarine periscope southwest of the Pearl Harbor entrance buoy and alerted the destroyer Ward. The midget may have entered Pearl Harbor. However, Ward sank another midget submarine at 06:37 in the first American shots in the Pacific Theater. A midget submarine on the north side of Ford Island missed the seaplane tender Curtiss with her first torpedo and missed the attacking destroyer Monaghan with her other one before being sunk by Monaghan at 08:43."
MISC,0.99972683,American,618,626,Attack on Pearl Harbor,29,"Fleet submarines I-16, I-18, I-20, I-22, and I-24 each embarked a Type A midget submarine for transport to the waters off Oahu. The five I-boats left Kure Naval District on November 25, 1941. On December 6, they came to within 10 nmi (19 km; 12 mi) of the mouth of Pearl Harbor and launched their midget subs at about 01:00 local time on December 7. At 03:42 Hawaiian time, the minesweeper Condor spotted a midget submarine periscope southwest of the Pearl Harbor entrance buoy and alerted the destroyer Ward. The midget may have entered Pearl Harbor. However, Ward sank another midget submarine at 06:37 in the first American shots in the Pacific Theater. A midget submarine on the north side of Ford Island missed the seaplane tender Curtiss with her first torpedo and missed the attacking destroyer Monaghan with her other one before being sunk by Monaghan at 08:43."
LOC,0.9109903,Pacific Theater,640,655,Attack on Pearl Harbor,29,"Fleet submarines I-16, I-18, I-20, I-22, and I-24 each embarked a Type A midget submarine for transport to the waters off Oahu. The five I-boats left Kure Naval District on November 25, 1941. On December 6, they came to within 10 nmi (19 km; 12 mi) of the mouth of Pearl Harbor and launched their midget subs at about 01:00 local time on December 7. At 03:42 Hawaiian time, the minesweeper Condor spotted a midget submarine periscope southwest of the Pearl Harbor entrance buoy and alerted the destroyer Ward. The midget may have entered Pearl Harbor. However, Ward sank another midget submarine at 06:37 in the first American shots in the Pacific Theater. A midget submarine on the north side of Ford Island missed the seaplane tender Curtiss with her first torpedo and missed the attacking destroyer Monaghan with her other one before being sunk by Monaghan at 08:43."
LOC,0.99872196,Ford Island,697,708,Attack on Pearl Harbor,29,"Fleet submarines I-16, I-18, I-20, I-22, and I-24 each embarked a Type A midget submarine for transport to the waters off Oahu. The five I-boats left Kure Naval District on November 25, 1941. On December 6, they came to within 10 nmi (19 km; 12 mi) of the mouth of Pearl Harbor and launched their midget subs at about 01:00 local time on December 7. At 03:42 Hawaiian time, the minesweeper Condor spotted a midget submarine periscope southwest of the Pearl Harbor entrance buoy and alerted the destroyer Ward. The midget may have entered Pearl Harbor. However, Ward sank another midget submarine at 06:37 in the first American shots in the Pacific Theater. A midget submarine on the north side of Ford Island missed the seaplane tender Curtiss with her first torpedo and missed the attacking destroyer Monaghan with her other one before being sunk by Monaghan at 08:43."
ORG,0.3952565,Curtiss,736,743,Attack on Pearl Harbor,29,"Fleet submarines I-16, I-18, I-20, I-22, and I-24 each embarked a Type A midget submarine for transport to the waters off Oahu. The five I-boats left Kure Naval District on November 25, 1941. On December 6, they came to within 10 nmi (19 km; 12 mi) of the mouth of Pearl Harbor and launched their midget subs at about 01:00 local time on December 7. At 03:42 Hawaiian time, the minesweeper Condor spotted a midget submarine periscope southwest of the Pearl Harbor entrance buoy and alerted the destroyer Ward. The midget may have entered Pearl Harbor. However, Ward sank another midget submarine at 06:37 in the first American shots in the Pacific Theater. A midget submarine on the north side of Ford Island missed the seaplane tender Curtiss with her first torpedo and missed the attacking destroyer Monaghan with her other one before being sunk by Monaghan at 08:43."
ORG,0.33469677,Monaghan,802,810,Attack on Pearl Harbor,29,"Fleet submarines I-16, I-18, I-20, I-22, and I-24 each embarked a Type A midget submarine for transport to the waters off Oahu. The five I-boats left Kure Naval District on November 25, 1941. On December 6, they came to within 10 nmi (19 km; 12 mi) of the mouth of Pearl Harbor and launched their midget subs at about 01:00 local time on December 7. At 03:42 Hawaiian time, the minesweeper Condor spotted a midget submarine periscope southwest of the Pearl Harbor entrance buoy and alerted the destroyer Ward. The midget may have entered Pearl Harbor. However, Ward sank another midget submarine at 06:37 in the first American shots in the Pacific Theater. A midget submarine on the north side of Ford Island missed the seaplane tender Curtiss with her first torpedo and missed the attacking destroyer Monaghan with her other one before being sunk by Monaghan at 08:43."
ORG,0.25943577,Monaghan,851,859,Attack on Pearl Harbor,29,"Fleet submarines I-16, I-18, I-20, I-22, and I-24 each embarked a Type A midget submarine for transport to the waters off Oahu. The five I-boats left Kure Naval District on November 25, 1941. On December 6, they came to within 10 nmi (19 km; 12 mi) of the mouth of Pearl Harbor and launched their midget subs at about 01:00 local time on December 7. At 03:42 Hawaiian time, the minesweeper Condor spotted a midget submarine periscope southwest of the Pearl Harbor entrance buoy and alerted the destroyer Ward. The midget may have entered Pearl Harbor. However, Ward sank another midget submarine at 06:37 in the first American shots in the Pacific Theater. A midget submarine on the north side of Ford Island missed the seaplane tender Curtiss with her first torpedo and missed the attacking destroyer Monaghan with her other one before being sunk by Monaghan at 08:43."
MISC,0.876929,Ha - 19,26,31,Attack on Pearl Harbor,30,"A third midget submarine, Ha-19, grounded twice, once outside the harbor entrance and again on the east side of Oahu, where it was captured on December 8. Ensign Kazuo Sakamaki swam ashore and was captured by Hawaii National Guard Corporal David Akui, becoming the first Japanese prisoner of war. A fourth had been damaged by a depth charge attack and was abandoned by its crew before it could fire its torpedoes. It was found outside the harbor in 1960. Japanese forces received a radio message from a midget submarine at 00:41 on December 8 claiming to have damaged one or more large warships inside Pearl Harbor."
LOC,0.5043773,Oahu,112,116,Attack on Pearl Harbor,30,"A third midget submarine, Ha-19, grounded twice, once outside the harbor entrance and again on the east side of Oahu, where it was captured on December 8. Ensign Kazuo Sakamaki swam ashore and was captured by Hawaii National Guard Corporal David Akui, becoming the first Japanese prisoner of war. A fourth had been damaged by a depth charge attack and was abandoned by its crew before it could fire its torpedoes. It was found outside the harbor in 1960. Japanese forces received a radio message from a midget submarine at 00:41 on December 8 claiming to have damaged one or more large warships inside Pearl Harbor."
PER,0.8578162,Kazuo Sakamaki,162,176,Attack on Pearl Harbor,30,"A third midget submarine, Ha-19, grounded twice, once outside the harbor entrance and again on the east side of Oahu, where it was captured on December 8. Ensign Kazuo Sakamaki swam ashore and was captured by Hawaii National Guard Corporal David Akui, becoming the first Japanese prisoner of war. A fourth had been damaged by a depth charge attack and was abandoned by its crew before it could fire its torpedoes. It was found outside the harbor in 1960. Japanese forces received a radio message from a midget submarine at 00:41 on December 8 claiming to have damaged one or more large warships inside Pearl Harbor."
ORG,0.96450406,Hawaii National Guard,209,230,Attack on Pearl Harbor,30,"A third midget submarine, Ha-19, grounded twice, once outside the harbor entrance and again on the east side of Oahu, where it was captured on December 8. Ensign Kazuo Sakamaki swam ashore and was captured by Hawaii National Guard Corporal David Akui, becoming the first Japanese prisoner of war. A fourth had been damaged by a depth charge attack and was abandoned by its crew before it could fire its torpedoes. It was found outside the harbor in 1960. Japanese forces received a radio message from a midget submarine at 00:41 on December 8 claiming to have damaged one or more large warships inside Pearl Harbor."
PER,0.8906232,David Akui,240,250,Attack on Pearl Harbor,30,"A third midget submarine, Ha-19, grounded twice, once outside the harbor entrance and again on the east side of Oahu, where it was captured on December 8. Ensign Kazuo Sakamaki swam ashore and was captured by Hawaii National Guard Corporal David Akui, becoming the first Japanese prisoner of war. A fourth had been damaged by a depth charge attack and was abandoned by its crew before it could fire its torpedoes. It was found outside the harbor in 1960. Japanese forces received a radio message from a midget submarine at 00:41 on December 8 claiming to have damaged one or more large warships inside Pearl Harbor."
MISC,0.9997758,Japanese,271,279,Attack on Pearl Harbor,30,"A third midget submarine, Ha-19, grounded twice, once outside the harbor entrance and again on the east side of Oahu, where it was captured on December 8. Ensign Kazuo Sakamaki swam ashore and was captured by Hawaii National Guard Corporal David Akui, becoming the first Japanese prisoner of war. A fourth had been damaged by a depth charge attack and was abandoned by its crew before it could fire its torpedoes. It was found outside the harbor in 1960. Japanese forces received a radio message from a midget submarine at 00:41 on December 8 claiming to have damaged one or more large warships inside Pearl Harbor."
MISC,0.99976605,Japanese,455,463,Attack on Pearl Harbor,30,"A third midget submarine, Ha-19, grounded twice, once outside the harbor entrance and again on the east side of Oahu, where it was captured on December 8. Ensign Kazuo Sakamaki swam ashore and was captured by Hawaii National Guard Corporal David Akui, becoming the first Japanese prisoner of war. A fourth had been damaged by a depth charge attack and was abandoned by its crew before it could fire its torpedoes. It was found outside the harbor in 1960. Japanese forces received a radio message from a midget submarine at 00:41 on December 8 claiming to have damaged one or more large warships inside Pearl Harbor."
LOC,0.99941945,Pearl Harbor,602,614,Attack on Pearl Harbor,30,"A third midget submarine, Ha-19, grounded twice, once outside the harbor entrance and again on the east side of Oahu, where it was captured on December 8. Ensign Kazuo Sakamaki swam ashore and was captured by Hawaii National Guard Corporal David Akui, becoming the first Japanese prisoner of war. A fourth had been damaged by a depth charge attack and was abandoned by its crew before it could fire its torpedoes. It was found outside the harbor in 1960. Japanese forces received a radio message from a midget submarine at 00:41 on December 8 claiming to have damaged one or more large warships inside Pearl Harbor."
ORG,0.99886644,Hawaii Undersea Research Laboratory,25,60,Attack on Pearl Harbor,31,"In 1992, 2000, and 2001, Hawaii Undersea Research Laboratory's submersibles found the wreck of the fifth midget submarine lying in three parts outside Pearl Harbor. The wreck was in the debris field where much surplus American equipment had been dumped after the war, including vehicles and landing craft. Both of its torpedoes were missing. This correlates with reports of two torpedoes fired at the light cruiser St. Louis at 10:04 at the entrance of Pearl Harbor, and a possible torpedo fired at destroyer Helm at 08:21. There is dispute over this official chain of events though. The ""torpedo"" that St. Louis saw was also reportedly a porpoising minesweeping float being towed by the destroyer Boggs. Some historians and naval architects theorize that a photo of Battleship Row, taken by a Japanese naval aviator during the attack on Pearl Harbor, which was declassified in the 1990s and publicized in the 2000s, shows the fifth midget submarine firing a torpedo at West Virginia and another at Oklahoma. These torpedoes were twice the size of the aerial torpedoes so it was possible that both torpedoes heavily contributed to the sinkings of both ships and especially helped to capsize Oklahoma as Oklahoma was the only battleship that day to suffer catastrophic damage to her belt armor at the waterline from a torpedo. Admiral Chester Nimitz, in a report to Congress, confirmed that one midget submarine's torpedo (possibly from the other midget submarine that fired torpedoes but failed to hit a target) which was fired but did not explode was recovered in Pearl Harbor and was much larger than the aerial torpedoes. Others dispute this report."
LOC,0.9994813,Pearl Harbor,151,163,Attack on Pearl Harbor,31,"In 1992, 2000, and 2001, Hawaii Undersea Research Laboratory's submersibles found the wreck of the fifth midget submarine lying in three parts outside Pearl Harbor. The wreck was in the debris field where much surplus American equipment had been dumped after the war, including vehicles and landing craft. Both of its torpedoes were missing. This correlates with reports of two torpedoes fired at the light cruiser St. Louis at 10:04 at the entrance of Pearl Harbor, and a possible torpedo fired at destroyer Helm at 08:21. There is dispute over this official chain of events though. The ""torpedo"" that St. Louis saw was also reportedly a porpoising minesweeping float being towed by the destroyer Boggs. Some historians and naval architects theorize that a photo of Battleship Row, taken by a Japanese naval aviator during the attack on Pearl Harbor, which was declassified in the 1990s and publicized in the 2000s, shows the fifth midget submarine firing a torpedo at West Virginia and another at Oklahoma. These torpedoes were twice the size of the aerial torpedoes so it was possible that both torpedoes heavily contributed to the sinkings of both ships and especially helped to capsize Oklahoma as Oklahoma was the only battleship that day to suffer catastrophic damage to her belt armor at the waterline from a torpedo. Admiral Chester Nimitz, in a report to Congress, confirmed that one midget submarine's torpedo (possibly from the other midget submarine that fired torpedoes but failed to hit a target) which was fired but did not explode was recovered in Pearl Harbor and was much larger than the aerial torpedoes. Others dispute this report."
MISC,0.9997818,American,218,226,Attack on Pearl Harbor,31,"In 1992, 2000, and 2001, Hawaii Undersea Research Laboratory's submersibles found the wreck of the fifth midget submarine lying in three parts outside Pearl Harbor. The wreck was in the debris field where much surplus American equipment had been dumped after the war, including vehicles and landing craft. Both of its torpedoes were missing. This correlates with reports of two torpedoes fired at the light cruiser St. Louis at 10:04 at the entrance of Pearl Harbor, and a possible torpedo fired at destroyer Helm at 08:21. There is dispute over this official chain of events though. The ""torpedo"" that St. Louis saw was also reportedly a porpoising minesweeping float being towed by the destroyer Boggs. Some historians and naval architects theorize that a photo of Battleship Row, taken by a Japanese naval aviator during the attack on Pearl Harbor, which was declassified in the 1990s and publicized in the 2000s, shows the fifth midget submarine firing a torpedo at West Virginia and another at Oklahoma. These torpedoes were twice the size of the aerial torpedoes so it was possible that both torpedoes heavily contributed to the sinkings of both ships and especially helped to capsize Oklahoma as Oklahoma was the only battleship that day to suffer catastrophic damage to her belt armor at the waterline from a torpedo. Admiral Chester Nimitz, in a report to Congress, confirmed that one midget submarine's torpedo (possibly from the other midget submarine that fired torpedoes but failed to hit a target) which was fired but did not explode was recovered in Pearl Harbor and was much larger than the aerial torpedoes. Others dispute this report."
LOC,0.97604066,St. Louis,415,424,Attack on Pearl Harbor,31,"In 1992, 2000, and 2001, Hawaii Undersea Research Laboratory's submersibles found the wreck of the fifth midget submarine lying in three parts outside Pearl Harbor. The wreck was in the debris field where much surplus American equipment had been dumped after the war, including vehicles and landing craft. Both of its torpedoes were missing. This correlates with reports of two torpedoes fired at the light cruiser St. Louis at 10:04 at the entrance of Pearl Harbor, and a possible torpedo fired at destroyer Helm at 08:21. There is dispute over this official chain of events though. The ""torpedo"" that St. Louis saw was also reportedly a porpoising minesweeping float being towed by the destroyer Boggs. Some historians and naval architects theorize that a photo of Battleship Row, taken by a Japanese naval aviator during the attack on Pearl Harbor, which was declassified in the 1990s and publicized in the 2000s, shows the fifth midget submarine firing a torpedo at West Virginia and another at Oklahoma. These torpedoes were twice the size of the aerial torpedoes so it was possible that both torpedoes heavily contributed to the sinkings of both ships and especially helped to capsize Oklahoma as Oklahoma was the only battleship that day to suffer catastrophic damage to her belt armor at the waterline from a torpedo. Admiral Chester Nimitz, in a report to Congress, confirmed that one midget submarine's torpedo (possibly from the other midget submarine that fired torpedoes but failed to hit a target) which was fired but did not explode was recovered in Pearl Harbor and was much larger than the aerial torpedoes. Others dispute this report."
LOC,0.99821603,Pearl Harbor,453,465,Attack on Pearl Harbor,31,"In 1992, 2000, and 2001, Hawaii Undersea Research Laboratory's submersibles found the wreck of the fifth midget submarine lying in three parts outside Pearl Harbor. The wreck was in the debris field where much surplus American equipment had been dumped after the war, including vehicles and landing craft. Both of its torpedoes were missing. This correlates with reports of two torpedoes fired at the light cruiser St. Louis at 10:04 at the entrance of Pearl Harbor, and a possible torpedo fired at destroyer Helm at 08:21. There is dispute over this official chain of events though. The ""torpedo"" that St. Louis saw was also reportedly a porpoising minesweeping float being towed by the destroyer Boggs. Some historians and naval architects theorize that a photo of Battleship Row, taken by a Japanese naval aviator during the attack on Pearl Harbor, which was declassified in the 1990s and publicized in the 2000s, shows the fifth midget submarine firing a torpedo at West Virginia and another at Oklahoma. These torpedoes were twice the size of the aerial torpedoes so it was possible that both torpedoes heavily contributed to the sinkings of both ships and especially helped to capsize Oklahoma as Oklahoma was the only battleship that day to suffer catastrophic damage to her belt armor at the waterline from a torpedo. Admiral Chester Nimitz, in a report to Congress, confirmed that one midget submarine's torpedo (possibly from the other midget submarine that fired torpedoes but failed to hit a target) which was fired but did not explode was recovered in Pearl Harbor and was much larger than the aerial torpedoes. Others dispute this report."
PER,0.48022324,Helm,509,513,Attack on Pearl Harbor,31,"In 1992, 2000, and 2001, Hawaii Undersea Research Laboratory's submersibles found the wreck of the fifth midget submarine lying in three parts outside Pearl Harbor. The wreck was in the debris field where much surplus American equipment had been dumped after the war, including vehicles and landing craft. Both of its torpedoes were missing. This correlates with reports of two torpedoes fired at the light cruiser St. Louis at 10:04 at the entrance of Pearl Harbor, and a possible torpedo fired at destroyer Helm at 08:21. There is dispute over this official chain of events though. The ""torpedo"" that St. Louis saw was also reportedly a porpoising minesweeping float being towed by the destroyer Boggs. Some historians and naval architects theorize that a photo of Battleship Row, taken by a Japanese naval aviator during the attack on Pearl Harbor, which was declassified in the 1990s and publicized in the 2000s, shows the fifth midget submarine firing a torpedo at West Virginia and another at Oklahoma. These torpedoes were twice the size of the aerial torpedoes so it was possible that both torpedoes heavily contributed to the sinkings of both ships and especially helped to capsize Oklahoma as Oklahoma was the only battleship that day to suffer catastrophic damage to her belt armor at the waterline from a torpedo. Admiral Chester Nimitz, in a report to Congress, confirmed that one midget submarine's torpedo (possibly from the other midget submarine that fired torpedoes but failed to hit a target) which was fired but did not explode was recovered in Pearl Harbor and was much larger than the aerial torpedoes. Others dispute this report."
LOC,0.9928894,St. Louis,603,612,Attack on Pearl Harbor,31,"In 1992, 2000, and 2001, Hawaii Undersea Research Laboratory's submersibles found the wreck of the fifth midget submarine lying in three parts outside Pearl Harbor. The wreck was in the debris field where much surplus American equipment had been dumped after the war, including vehicles and landing craft. Both of its torpedoes were missing. This correlates with reports of two torpedoes fired at the light cruiser St. Louis at 10:04 at the entrance of Pearl Harbor, and a possible torpedo fired at destroyer Helm at 08:21. There is dispute over this official chain of events though. The ""torpedo"" that St. Louis saw was also reportedly a porpoising minesweeping float being towed by the destroyer Boggs. Some historians and naval architects theorize that a photo of Battleship Row, taken by a Japanese naval aviator during the attack on Pearl Harbor, which was declassified in the 1990s and publicized in the 2000s, shows the fifth midget submarine firing a torpedo at West Virginia and another at Oklahoma. These torpedoes were twice the size of the aerial torpedoes so it was possible that both torpedoes heavily contributed to the sinkings of both ships and especially helped to capsize Oklahoma as Oklahoma was the only battleship that day to suffer catastrophic damage to her belt armor at the waterline from a torpedo. Admiral Chester Nimitz, in a report to Congress, confirmed that one midget submarine's torpedo (possibly from the other midget submarine that fired torpedoes but failed to hit a target) which was fired but did not explode was recovered in Pearl Harbor and was much larger than the aerial torpedoes. Others dispute this report."
PER,0.47334248,Boggs,698,703,Attack on Pearl Harbor,31,"In 1992, 2000, and 2001, Hawaii Undersea Research Laboratory's submersibles found the wreck of the fifth midget submarine lying in three parts outside Pearl Harbor. The wreck was in the debris field where much surplus American equipment had been dumped after the war, including vehicles and landing craft. Both of its torpedoes were missing. This correlates with reports of two torpedoes fired at the light cruiser St. Louis at 10:04 at the entrance of Pearl Harbor, and a possible torpedo fired at destroyer Helm at 08:21. There is dispute over this official chain of events though. The ""torpedo"" that St. Louis saw was also reportedly a porpoising minesweeping float being towed by the destroyer Boggs. Some historians and naval architects theorize that a photo of Battleship Row, taken by a Japanese naval aviator during the attack on Pearl Harbor, which was declassified in the 1990s and publicized in the 2000s, shows the fifth midget submarine firing a torpedo at West Virginia and another at Oklahoma. These torpedoes were twice the size of the aerial torpedoes so it was possible that both torpedoes heavily contributed to the sinkings of both ships and especially helped to capsize Oklahoma as Oklahoma was the only battleship that day to suffer catastrophic damage to her belt armor at the waterline from a torpedo. Admiral Chester Nimitz, in a report to Congress, confirmed that one midget submarine's torpedo (possibly from the other midget submarine that fired torpedoes but failed to hit a target) which was fired but did not explode was recovered in Pearl Harbor and was much larger than the aerial torpedoes. Others dispute this report."
MISC,0.5162165,Battleship Row,767,781,Attack on Pearl Harbor,31,"In 1992, 2000, and 2001, Hawaii Undersea Research Laboratory's submersibles found the wreck of the fifth midget submarine lying in three parts outside Pearl Harbor. The wreck was in the debris field where much surplus American equipment had been dumped after the war, including vehicles and landing craft. Both of its torpedoes were missing. This correlates with reports of two torpedoes fired at the light cruiser St. Louis at 10:04 at the entrance of Pearl Harbor, and a possible torpedo fired at destroyer Helm at 08:21. There is dispute over this official chain of events though. The ""torpedo"" that St. Louis saw was also reportedly a porpoising minesweeping float being towed by the destroyer Boggs. Some historians and naval architects theorize that a photo of Battleship Row, taken by a Japanese naval aviator during the attack on Pearl Harbor, which was declassified in the 1990s and publicized in the 2000s, shows the fifth midget submarine firing a torpedo at West Virginia and another at Oklahoma. These torpedoes were twice the size of the aerial torpedoes so it was possible that both torpedoes heavily contributed to the sinkings of both ships and especially helped to capsize Oklahoma as Oklahoma was the only battleship that day to suffer catastrophic damage to her belt armor at the waterline from a torpedo. Admiral Chester Nimitz, in a report to Congress, confirmed that one midget submarine's torpedo (possibly from the other midget submarine that fired torpedoes but failed to hit a target) which was fired but did not explode was recovered in Pearl Harbor and was much larger than the aerial torpedoes. Others dispute this report."
MISC,0.99971265,Japanese,794,802,Attack on Pearl Harbor,31,"In 1992, 2000, and 2001, Hawaii Undersea Research Laboratory's submersibles found the wreck of the fifth midget submarine lying in three parts outside Pearl Harbor. The wreck was in the debris field where much surplus American equipment had been dumped after the war, including vehicles and landing craft. Both of its torpedoes were missing. This correlates with reports of two torpedoes fired at the light cruiser St. Louis at 10:04 at the entrance of Pearl Harbor, and a possible torpedo fired at destroyer Helm at 08:21. There is dispute over this official chain of events though. The ""torpedo"" that St. Louis saw was also reportedly a porpoising minesweeping float being towed by the destroyer Boggs. Some historians and naval architects theorize that a photo of Battleship Row, taken by a Japanese naval aviator during the attack on Pearl Harbor, which was declassified in the 1990s and publicized in the 2000s, shows the fifth midget submarine firing a torpedo at West Virginia and another at Oklahoma. These torpedoes were twice the size of the aerial torpedoes so it was possible that both torpedoes heavily contributed to the sinkings of both ships and especially helped to capsize Oklahoma as Oklahoma was the only battleship that day to suffer catastrophic damage to her belt armor at the waterline from a torpedo. Admiral Chester Nimitz, in a report to Congress, confirmed that one midget submarine's torpedo (possibly from the other midget submarine that fired torpedoes but failed to hit a target) which was fired but did not explode was recovered in Pearl Harbor and was much larger than the aerial torpedoes. Others dispute this report."
LOC,0.99927753,Pearl Harbor,838,850,Attack on Pearl Harbor,31,"In 1992, 2000, and 2001, Hawaii Undersea Research Laboratory's submersibles found the wreck of the fifth midget submarine lying in three parts outside Pearl Harbor. The wreck was in the debris field where much surplus American equipment had been dumped after the war, including vehicles and landing craft. Both of its torpedoes were missing. This correlates with reports of two torpedoes fired at the light cruiser St. Louis at 10:04 at the entrance of Pearl Harbor, and a possible torpedo fired at destroyer Helm at 08:21. There is dispute over this official chain of events though. The ""torpedo"" that St. Louis saw was also reportedly a porpoising minesweeping float being towed by the destroyer Boggs. Some historians and naval architects theorize that a photo of Battleship Row, taken by a Japanese naval aviator during the attack on Pearl Harbor, which was declassified in the 1990s and publicized in the 2000s, shows the fifth midget submarine firing a torpedo at West Virginia and another at Oklahoma. These torpedoes were twice the size of the aerial torpedoes so it was possible that both torpedoes heavily contributed to the sinkings of both ships and especially helped to capsize Oklahoma as Oklahoma was the only battleship that day to suffer catastrophic damage to her belt armor at the waterline from a torpedo. Admiral Chester Nimitz, in a report to Congress, confirmed that one midget submarine's torpedo (possibly from the other midget submarine that fired torpedoes but failed to hit a target) which was fired but did not explode was recovered in Pearl Harbor and was much larger than the aerial torpedoes. Others dispute this report."
LOC,0.99884117,West Virginia,970,983,Attack on Pearl Harbor,31,"In 1992, 2000, and 2001, Hawaii Undersea Research Laboratory's submersibles found the wreck of the fifth midget submarine lying in three parts outside Pearl Harbor. The wreck was in the debris field where much surplus American equipment had been dumped after the war, including vehicles and landing craft. Both of its torpedoes were missing. This correlates with reports of two torpedoes fired at the light cruiser St. Louis at 10:04 at the entrance of Pearl Harbor, and a possible torpedo fired at destroyer Helm at 08:21. There is dispute over this official chain of events though. The ""torpedo"" that St. Louis saw was also reportedly a porpoising minesweeping float being towed by the destroyer Boggs. Some historians and naval architects theorize that a photo of Battleship Row, taken by a Japanese naval aviator during the attack on Pearl Harbor, which was declassified in the 1990s and publicized in the 2000s, shows the fifth midget submarine firing a torpedo at West Virginia and another at Oklahoma. These torpedoes were twice the size of the aerial torpedoes so it was possible that both torpedoes heavily contributed to the sinkings of both ships and especially helped to capsize Oklahoma as Oklahoma was the only battleship that day to suffer catastrophic damage to her belt armor at the waterline from a torpedo. Admiral Chester Nimitz, in a report to Congress, confirmed that one midget submarine's torpedo (possibly from the other midget submarine that fired torpedoes but failed to hit a target) which was fired but did not explode was recovered in Pearl Harbor and was much larger than the aerial torpedoes. Others dispute this report."
LOC,0.9981135,Oklahoma,999,1007,Attack on Pearl Harbor,31,"In 1992, 2000, and 2001, Hawaii Undersea Research Laboratory's submersibles found the wreck of the fifth midget submarine lying in three parts outside Pearl Harbor. The wreck was in the debris field where much surplus American equipment had been dumped after the war, including vehicles and landing craft. Both of its torpedoes were missing. This correlates with reports of two torpedoes fired at the light cruiser St. Louis at 10:04 at the entrance of Pearl Harbor, and a possible torpedo fired at destroyer Helm at 08:21. There is dispute over this official chain of events though. The ""torpedo"" that St. Louis saw was also reportedly a porpoising minesweeping float being towed by the destroyer Boggs. Some historians and naval architects theorize that a photo of Battleship Row, taken by a Japanese naval aviator during the attack on Pearl Harbor, which was declassified in the 1990s and publicized in the 2000s, shows the fifth midget submarine firing a torpedo at West Virginia and another at Oklahoma. These torpedoes were twice the size of the aerial torpedoes so it was possible that both torpedoes heavily contributed to the sinkings of both ships and especially helped to capsize Oklahoma as Oklahoma was the only battleship that day to suffer catastrophic damage to her belt armor at the waterline from a torpedo. Admiral Chester Nimitz, in a report to Congress, confirmed that one midget submarine's torpedo (possibly from the other midget submarine that fired torpedoes but failed to hit a target) which was fired but did not explode was recovered in Pearl Harbor and was much larger than the aerial torpedoes. Others dispute this report."
LOC,0.9632992,Oklahoma,1191,1199,Attack on Pearl Harbor,31,"In 1992, 2000, and 2001, Hawaii Undersea Research Laboratory's submersibles found the wreck of the fifth midget submarine lying in three parts outside Pearl Harbor. The wreck was in the debris field where much surplus American equipment had been dumped after the war, including vehicles and landing craft. Both of its torpedoes were missing. This correlates with reports of two torpedoes fired at the light cruiser St. Louis at 10:04 at the entrance of Pearl Harbor, and a possible torpedo fired at destroyer Helm at 08:21. There is dispute over this official chain of events though. The ""torpedo"" that St. Louis saw was also reportedly a porpoising minesweeping float being towed by the destroyer Boggs. Some historians and naval architects theorize that a photo of Battleship Row, taken by a Japanese naval aviator during the attack on Pearl Harbor, which was declassified in the 1990s and publicized in the 2000s, shows the fifth midget submarine firing a torpedo at West Virginia and another at Oklahoma. These torpedoes were twice the size of the aerial torpedoes so it was possible that both torpedoes heavily contributed to the sinkings of both ships and especially helped to capsize Oklahoma as Oklahoma was the only battleship that day to suffer catastrophic damage to her belt armor at the waterline from a torpedo. Admiral Chester Nimitz, in a report to Congress, confirmed that one midget submarine's torpedo (possibly from the other midget submarine that fired torpedoes but failed to hit a target) which was fired but did not explode was recovered in Pearl Harbor and was much larger than the aerial torpedoes. Others dispute this report."
LOC,0.9569492,Oklahoma,1203,1211,Attack on Pearl Harbor,31,"In 1992, 2000, and 2001, Hawaii Undersea Research Laboratory's submersibles found the wreck of the fifth midget submarine lying in three parts outside Pearl Harbor. The wreck was in the debris field where much surplus American equipment had been dumped after the war, including vehicles and landing craft. Both of its torpedoes were missing. This correlates with reports of two torpedoes fired at the light cruiser St. Louis at 10:04 at the entrance of Pearl Harbor, and a possible torpedo fired at destroyer Helm at 08:21. There is dispute over this official chain of events though. The ""torpedo"" that St. Louis saw was also reportedly a porpoising minesweeping float being towed by the destroyer Boggs. Some historians and naval architects theorize that a photo of Battleship Row, taken by a Japanese naval aviator during the attack on Pearl Harbor, which was declassified in the 1990s and publicized in the 2000s, shows the fifth midget submarine firing a torpedo at West Virginia and another at Oklahoma. These torpedoes were twice the size of the aerial torpedoes so it was possible that both torpedoes heavily contributed to the sinkings of both ships and especially helped to capsize Oklahoma as Oklahoma was the only battleship that day to suffer catastrophic damage to her belt armor at the waterline from a torpedo. Admiral Chester Nimitz, in a report to Congress, confirmed that one midget submarine's torpedo (possibly from the other midget submarine that fired torpedoes but failed to hit a target) which was fired but did not explode was recovered in Pearl Harbor and was much larger than the aerial torpedoes. Others dispute this report."
PER,0.9888372,Chester Nimitz,1334,1348,Attack on Pearl Harbor,31,"In 1992, 2000, and 2001, Hawaii Undersea Research Laboratory's submersibles found the wreck of the fifth midget submarine lying in three parts outside Pearl Harbor. The wreck was in the debris field where much surplus American equipment had been dumped after the war, including vehicles and landing craft. Both of its torpedoes were missing. This correlates with reports of two torpedoes fired at the light cruiser St. Louis at 10:04 at the entrance of Pearl Harbor, and a possible torpedo fired at destroyer Helm at 08:21. There is dispute over this official chain of events though. The ""torpedo"" that St. Louis saw was also reportedly a porpoising minesweeping float being towed by the destroyer Boggs. Some historians and naval architects theorize that a photo of Battleship Row, taken by a Japanese naval aviator during the attack on Pearl Harbor, which was declassified in the 1990s and publicized in the 2000s, shows the fifth midget submarine firing a torpedo at West Virginia and another at Oklahoma. These torpedoes were twice the size of the aerial torpedoes so it was possible that both torpedoes heavily contributed to the sinkings of both ships and especially helped to capsize Oklahoma as Oklahoma was the only battleship that day to suffer catastrophic damage to her belt armor at the waterline from a torpedo. Admiral Chester Nimitz, in a report to Congress, confirmed that one midget submarine's torpedo (possibly from the other midget submarine that fired torpedoes but failed to hit a target) which was fired but did not explode was recovered in Pearl Harbor and was much larger than the aerial torpedoes. Others dispute this report."
ORG,0.99581224,Congress,1365,1373,Attack on Pearl Harbor,31,"In 1992, 2000, and 2001, Hawaii Undersea Research Laboratory's submersibles found the wreck of the fifth midget submarine lying in three parts outside Pearl Harbor. The wreck was in the debris field where much surplus American equipment had been dumped after the war, including vehicles and landing craft. Both of its torpedoes were missing. This correlates with reports of two torpedoes fired at the light cruiser St. Louis at 10:04 at the entrance of Pearl Harbor, and a possible torpedo fired at destroyer Helm at 08:21. There is dispute over this official chain of events though. The ""torpedo"" that St. Louis saw was also reportedly a porpoising minesweeping float being towed by the destroyer Boggs. Some historians and naval architects theorize that a photo of Battleship Row, taken by a Japanese naval aviator during the attack on Pearl Harbor, which was declassified in the 1990s and publicized in the 2000s, shows the fifth midget submarine firing a torpedo at West Virginia and another at Oklahoma. These torpedoes were twice the size of the aerial torpedoes so it was possible that both torpedoes heavily contributed to the sinkings of both ships and especially helped to capsize Oklahoma as Oklahoma was the only battleship that day to suffer catastrophic damage to her belt armor at the waterline from a torpedo. Admiral Chester Nimitz, in a report to Congress, confirmed that one midget submarine's torpedo (possibly from the other midget submarine that fired torpedoes but failed to hit a target) which was fired but did not explode was recovered in Pearl Harbor and was much larger than the aerial torpedoes. Others dispute this report."
LOC,0.99950814,Pearl Harbor,1565,1577,Attack on Pearl Harbor,31,"In 1992, 2000, and 2001, Hawaii Undersea Research Laboratory's submersibles found the wreck of the fifth midget submarine lying in three parts outside Pearl Harbor. The wreck was in the debris field where much surplus American equipment had been dumped after the war, including vehicles and landing craft. Both of its torpedoes were missing. This correlates with reports of two torpedoes fired at the light cruiser St. Louis at 10:04 at the entrance of Pearl Harbor, and a possible torpedo fired at destroyer Helm at 08:21. There is dispute over this official chain of events though. The ""torpedo"" that St. Louis saw was also reportedly a porpoising minesweeping float being towed by the destroyer Boggs. Some historians and naval architects theorize that a photo of Battleship Row, taken by a Japanese naval aviator during the attack on Pearl Harbor, which was declassified in the 1990s and publicized in the 2000s, shows the fifth midget submarine firing a torpedo at West Virginia and another at Oklahoma. These torpedoes were twice the size of the aerial torpedoes so it was possible that both torpedoes heavily contributed to the sinkings of both ships and especially helped to capsize Oklahoma as Oklahoma was the only battleship that day to suffer catastrophic damage to her belt armor at the waterline from a torpedo. Admiral Chester Nimitz, in a report to Congress, confirmed that one midget submarine's torpedo (possibly from the other midget submarine that fired torpedoes but failed to hit a target) which was fired but did not explode was recovered in Pearl Harbor and was much larger than the aerial torpedoes. Others dispute this report."
LOC,0.99979347,Japan,71,76,Attack on Pearl Harbor,32,"The attack took place before any formal declaration of war was made by Japan, but this was not Admiral Yamamoto's intention. He originally stipulated that the attack should not commence until thirty minutes after Japan had informed the United States that peace negotiations were at an end. However, the attack began before the notice could be delivered. Tokyo transmitted the 5000-word notification (commonly called the ""14-Part Message"") in two blocks to the Japanese Embassy in Washington. Transcribing the message took too long for the Japanese ambassador to deliver it at 1:00 p.m. Washington time, as ordered, and consequently the message was not presented until more than one hour after the attack had begun —  but American code breakers had already deciphered and translated most of the message hours before it was scheduled to be delivered. The final part of the message is sometimes described as a declaration of war. While it was viewed by a number of senior American government and military officials as a very strong indicator negotiations were likely to be terminated and that war might break out at any moment, it neither declared war nor severed diplomatic relations. A declaration of war was printed on the front page of Japan's newspapers in the evening edition of December 8 (late December 7 in the United States), but not delivered to the American government until the day after the attack."
PER,0.61820203,Yamamoto,103,111,Attack on Pearl Harbor,32,"The attack took place before any formal declaration of war was made by Japan, but this was not Admiral Yamamoto's intention. He originally stipulated that the attack should not commence until thirty minutes after Japan had informed the United States that peace negotiations were at an end. However, the attack began before the notice could be delivered. Tokyo transmitted the 5000-word notification (commonly called the ""14-Part Message"") in two blocks to the Japanese Embassy in Washington. Transcribing the message took too long for the Japanese ambassador to deliver it at 1:00 p.m. Washington time, as ordered, and consequently the message was not presented until more than one hour after the attack had begun —  but American code breakers had already deciphered and translated most of the message hours before it was scheduled to be delivered. The final part of the message is sometimes described as a declaration of war. While it was viewed by a number of senior American government and military officials as a very strong indicator negotiations were likely to be terminated and that war might break out at any moment, it neither declared war nor severed diplomatic relations. A declaration of war was printed on the front page of Japan's newspapers in the evening edition of December 8 (late December 7 in the United States), but not delivered to the American government until the day after the attack."
LOC,0.9997824,Japan,213,218,Attack on Pearl Harbor,32,"The attack took place before any formal declaration of war was made by Japan, but this was not Admiral Yamamoto's intention. He originally stipulated that the attack should not commence until thirty minutes after Japan had informed the United States that peace negotiations were at an end. However, the attack began before the notice could be delivered. Tokyo transmitted the 5000-word notification (commonly called the ""14-Part Message"") in two blocks to the Japanese Embassy in Washington. Transcribing the message took too long for the Japanese ambassador to deliver it at 1:00 p.m. Washington time, as ordered, and consequently the message was not presented until more than one hour after the attack had begun —  but American code breakers had already deciphered and translated most of the message hours before it was scheduled to be delivered. The final part of the message is sometimes described as a declaration of war. While it was viewed by a number of senior American government and military officials as a very strong indicator negotiations were likely to be terminated and that war might break out at any moment, it neither declared war nor severed diplomatic relations. A declaration of war was printed on the front page of Japan's newspapers in the evening edition of December 8 (late December 7 in the United States), but not delivered to the American government until the day after the attack."
LOC,0.99955165,United States,236,249,Attack on Pearl Harbor,32,"The attack took place before any formal declaration of war was made by Japan, but this was not Admiral Yamamoto's intention. He originally stipulated that the attack should not commence until thirty minutes after Japan had informed the United States that peace negotiations were at an end. However, the attack began before the notice could be delivered. Tokyo transmitted the 5000-word notification (commonly called the ""14-Part Message"") in two blocks to the Japanese Embassy in Washington. Transcribing the message took too long for the Japanese ambassador to deliver it at 1:00 p.m. Washington time, as ordered, and consequently the message was not presented until more than one hour after the attack had begun —  but American code breakers had already deciphered and translated most of the message hours before it was scheduled to be delivered. The final part of the message is sometimes described as a declaration of war. While it was viewed by a number of senior American government and military officials as a very strong indicator negotiations were likely to be terminated and that war might break out at any moment, it neither declared war nor severed diplomatic relations. A declaration of war was printed on the front page of Japan's newspapers in the evening edition of December 8 (late December 7 in the United States), but not delivered to the American government until the day after the attack."
LOC,0.999684,Tokyo,354,359,Attack on Pearl Harbor,32,"The attack took place before any formal declaration of war was made by Japan, but this was not Admiral Yamamoto's intention. He originally stipulated that the attack should not commence until thirty minutes after Japan had informed the United States that peace negotiations were at an end. However, the attack began before the notice could be delivered. Tokyo transmitted the 5000-word notification (commonly called the ""14-Part Message"") in two blocks to the Japanese Embassy in Washington. Transcribing the message took too long for the Japanese ambassador to deliver it at 1:00 p.m. Washington time, as ordered, and consequently the message was not presented until more than one hour after the attack had begun —  but American code breakers had already deciphered and translated most of the message hours before it was scheduled to be delivered. The final part of the message is sometimes described as a declaration of war. While it was viewed by a number of senior American government and military officials as a very strong indicator negotiations were likely to be terminated and that war might break out at any moment, it neither declared war nor severed diplomatic relations. A declaration of war was printed on the front page of Japan's newspapers in the evening edition of December 8 (late December 7 in the United States), but not delivered to the American government until the day after the attack."
MISC,0.9997112,Japanese,460,468,Attack on Pearl Harbor,32,"The attack took place before any formal declaration of war was made by Japan, but this was not Admiral Yamamoto's intention. He originally stipulated that the attack should not commence until thirty minutes after Japan had informed the United States that peace negotiations were at an end. However, the attack began before the notice could be delivered. Tokyo transmitted the 5000-word notification (commonly called the ""14-Part Message"") in two blocks to the Japanese Embassy in Washington. Transcribing the message took too long for the Japanese ambassador to deliver it at 1:00 p.m. Washington time, as ordered, and consequently the message was not presented until more than one hour after the attack had begun —  but American code breakers had already deciphered and translated most of the message hours before it was scheduled to be delivered. The final part of the message is sometimes described as a declaration of war. While it was viewed by a number of senior American government and military officials as a very strong indicator negotiations were likely to be terminated and that war might break out at any moment, it neither declared war nor severed diplomatic relations. A declaration of war was printed on the front page of Japan's newspapers in the evening edition of December 8 (late December 7 in the United States), but not delivered to the American government until the day after the attack."
LOC,0.99955314,Washington,480,490,Attack on Pearl Harbor,32,"The attack took place before any formal declaration of war was made by Japan, but this was not Admiral Yamamoto's intention. He originally stipulated that the attack should not commence until thirty minutes after Japan had informed the United States that peace negotiations were at an end. However, the attack began before the notice could be delivered. Tokyo transmitted the 5000-word notification (commonly called the ""14-Part Message"") in two blocks to the Japanese Embassy in Washington. Transcribing the message took too long for the Japanese ambassador to deliver it at 1:00 p.m. Washington time, as ordered, and consequently the message was not presented until more than one hour after the attack had begun —  but American code breakers had already deciphered and translated most of the message hours before it was scheduled to be delivered. The final part of the message is sometimes described as a declaration of war. While it was viewed by a number of senior American government and military officials as a very strong indicator negotiations were likely to be terminated and that war might break out at any moment, it neither declared war nor severed diplomatic relations. A declaration of war was printed on the front page of Japan's newspapers in the evening edition of December 8 (late December 7 in the United States), but not delivered to the American government until the day after the attack."
MISC,0.9997942,Japanese,539,547,Attack on Pearl Harbor,32,"The attack took place before any formal declaration of war was made by Japan, but this was not Admiral Yamamoto's intention. He originally stipulated that the attack should not commence until thirty minutes after Japan had informed the United States that peace negotiations were at an end. However, the attack began before the notice could be delivered. Tokyo transmitted the 5000-word notification (commonly called the ""14-Part Message"") in two blocks to the Japanese Embassy in Washington. Transcribing the message took too long for the Japanese ambassador to deliver it at 1:00 p.m. Washington time, as ordered, and consequently the message was not presented until more than one hour after the attack had begun —  but American code breakers had already deciphered and translated most of the message hours before it was scheduled to be delivered. The final part of the message is sometimes described as a declaration of war. While it was viewed by a number of senior American government and military officials as a very strong indicator negotiations were likely to be terminated and that war might break out at any moment, it neither declared war nor severed diplomatic relations. A declaration of war was printed on the front page of Japan's newspapers in the evening edition of December 8 (late December 7 in the United States), but not delivered to the American government until the day after the attack."
LOC,0.9993765,Washington,586,596,Attack on Pearl Harbor,32,"The attack took place before any formal declaration of war was made by Japan, but this was not Admiral Yamamoto's intention. He originally stipulated that the attack should not commence until thirty minutes after Japan had informed the United States that peace negotiations were at an end. However, the attack began before the notice could be delivered. Tokyo transmitted the 5000-word notification (commonly called the ""14-Part Message"") in two blocks to the Japanese Embassy in Washington. Transcribing the message took too long for the Japanese ambassador to deliver it at 1:00 p.m. Washington time, as ordered, and consequently the message was not presented until more than one hour after the attack had begun —  but American code breakers had already deciphered and translated most of the message hours before it was scheduled to be delivered. The final part of the message is sometimes described as a declaration of war. While it was viewed by a number of senior American government and military officials as a very strong indicator negotiations were likely to be terminated and that war might break out at any moment, it neither declared war nor severed diplomatic relations. A declaration of war was printed on the front page of Japan's newspapers in the evening edition of December 8 (late December 7 in the United States), but not delivered to the American government until the day after the attack."
MISC,0.99979717,American,721,729,Attack on Pearl Harbor,32,"The attack took place before any formal declaration of war was made by Japan, but this was not Admiral Yamamoto's intention. He originally stipulated that the attack should not commence until thirty minutes after Japan had informed the United States that peace negotiations were at an end. However, the attack began before the notice could be delivered. Tokyo transmitted the 5000-word notification (commonly called the ""14-Part Message"") in two blocks to the Japanese Embassy in Washington. Transcribing the message took too long for the Japanese ambassador to deliver it at 1:00 p.m. Washington time, as ordered, and consequently the message was not presented until more than one hour after the attack had begun —  but American code breakers had already deciphered and translated most of the message hours before it was scheduled to be delivered. The final part of the message is sometimes described as a declaration of war. While it was viewed by a number of senior American government and military officials as a very strong indicator negotiations were likely to be terminated and that war might break out at any moment, it neither declared war nor severed diplomatic relations. A declaration of war was printed on the front page of Japan's newspapers in the evening edition of December 8 (late December 7 in the United States), but not delivered to the American government until the day after the attack."
MISC,0.9997805,American,969,977,Attack on Pearl Harbor,32,"The attack took place before any formal declaration of war was made by Japan, but this was not Admiral Yamamoto's intention. He originally stipulated that the attack should not commence until thirty minutes after Japan had informed the United States that peace negotiations were at an end. However, the attack began before the notice could be delivered. Tokyo transmitted the 5000-word notification (commonly called the ""14-Part Message"") in two blocks to the Japanese Embassy in Washington. Transcribing the message took too long for the Japanese ambassador to deliver it at 1:00 p.m. Washington time, as ordered, and consequently the message was not presented until more than one hour after the attack had begun —  but American code breakers had already deciphered and translated most of the message hours before it was scheduled to be delivered. The final part of the message is sometimes described as a declaration of war. While it was viewed by a number of senior American government and military officials as a very strong indicator negotiations were likely to be terminated and that war might break out at any moment, it neither declared war nor severed diplomatic relations. A declaration of war was printed on the front page of Japan's newspapers in the evening edition of December 8 (late December 7 in the United States), but not delivered to the American government until the day after the attack."
LOC,0.99980205,Japan,1237,1242,Attack on Pearl Harbor,32,"The attack took place before any formal declaration of war was made by Japan, but this was not Admiral Yamamoto's intention. He originally stipulated that the attack should not commence until thirty minutes after Japan had informed the United States that peace negotiations were at an end. However, the attack began before the notice could be delivered. Tokyo transmitted the 5000-word notification (commonly called the ""14-Part Message"") in two blocks to the Japanese Embassy in Washington. Transcribing the message took too long for the Japanese ambassador to deliver it at 1:00 p.m. Washington time, as ordered, and consequently the message was not presented until more than one hour after the attack had begun —  but American code breakers had already deciphered and translated most of the message hours before it was scheduled to be delivered. The final part of the message is sometimes described as a declaration of war. While it was viewed by a number of senior American government and military officials as a very strong indicator negotiations were likely to be terminated and that war might break out at any moment, it neither declared war nor severed diplomatic relations. A declaration of war was printed on the front page of Japan's newspapers in the evening edition of December 8 (late December 7 in the United States), but not delivered to the American government until the day after the attack."
LOC,0.9995531,United States,1317,1330,Attack on Pearl Harbor,32,"The attack took place before any formal declaration of war was made by Japan, but this was not Admiral Yamamoto's intention. He originally stipulated that the attack should not commence until thirty minutes after Japan had informed the United States that peace negotiations were at an end. However, the attack began before the notice could be delivered. Tokyo transmitted the 5000-word notification (commonly called the ""14-Part Message"") in two blocks to the Japanese Embassy in Washington. Transcribing the message took too long for the Japanese ambassador to deliver it at 1:00 p.m. Washington time, as ordered, and consequently the message was not presented until more than one hour after the attack had begun —  but American code breakers had already deciphered and translated most of the message hours before it was scheduled to be delivered. The final part of the message is sometimes described as a declaration of war. While it was viewed by a number of senior American government and military officials as a very strong indicator negotiations were likely to be terminated and that war might break out at any moment, it neither declared war nor severed diplomatic relations. A declaration of war was printed on the front page of Japan's newspapers in the evening edition of December 8 (late December 7 in the United States), but not delivered to the American government until the day after the attack."
MISC,0.9997814,American,1358,1366,Attack on Pearl Harbor,32,"The attack took place before any formal declaration of war was made by Japan, but this was not Admiral Yamamoto's intention. He originally stipulated that the attack should not commence until thirty minutes after Japan had informed the United States that peace negotiations were at an end. However, the attack began before the notice could be delivered. Tokyo transmitted the 5000-word notification (commonly called the ""14-Part Message"") in two blocks to the Japanese Embassy in Washington. Transcribing the message took too long for the Japanese ambassador to deliver it at 1:00 p.m. Washington time, as ordered, and consequently the message was not presented until more than one hour after the attack had begun —  but American code breakers had already deciphered and translated most of the message hours before it was scheduled to be delivered. The final part of the message is sometimes described as a declaration of war. While it was viewed by a number of senior American government and military officials as a very strong indicator negotiations were likely to be terminated and that war might break out at any moment, it neither declared war nor severed diplomatic relations. A declaration of war was printed on the front page of Japan's newspapers in the evening edition of December 8 (late December 7 in the United States), but not delivered to the American government until the day after the attack."
LOC,0.99983966,Japan,43,48,Attack on Pearl Harbor,33,"For decades, conventional wisdom held that Japan attacked without first formally breaking diplomatic relations only because of accidents and bumbling that delayed the delivery of a document hinting at war to Washington. In 1999, however, Takeo Iguchi, a professor of law and international relations at International Christian University in Tokyo, discovered documents that pointed to a vigorous debate inside the government over how, and indeed whether, to notify Washington of Japan's intention to break off negotiations and start a war, including a December 7 entry in the war diary saying, ""[O]ur deceptive diplomacy is steadily proceeding toward success."" Of this, Iguchi said, ""The diary shows that the army and navy did not want to give any proper declaration of war, or indeed prior notice even of the termination of negotiations ... and they clearly prevailed."""
LOC,0.99960357,Washington,208,218,Attack on Pearl Harbor,33,"For decades, conventional wisdom held that Japan attacked without first formally breaking diplomatic relations only because of accidents and bumbling that delayed the delivery of a document hinting at war to Washington. In 1999, however, Takeo Iguchi, a professor of law and international relations at International Christian University in Tokyo, discovered documents that pointed to a vigorous debate inside the government over how, and indeed whether, to notify Washington of Japan's intention to break off negotiations and start a war, including a December 7 entry in the war diary saying, ""[O]ur deceptive diplomacy is steadily proceeding toward success."" Of this, Iguchi said, ""The diary shows that the army and navy did not want to give any proper declaration of war, or indeed prior notice even of the termination of negotiations ... and they clearly prevailed."""
PER,0.9293127,Takeo Iguchi,238,250,Attack on Pearl Harbor,33,"For decades, conventional wisdom held that Japan attacked without first formally breaking diplomatic relations only because of accidents and bumbling that delayed the delivery of a document hinting at war to Washington. In 1999, however, Takeo Iguchi, a professor of law and international relations at International Christian University in Tokyo, discovered documents that pointed to a vigorous debate inside the government over how, and indeed whether, to notify Washington of Japan's intention to break off negotiations and start a war, including a December 7 entry in the war diary saying, ""[O]ur deceptive diplomacy is steadily proceeding toward success."" Of this, Iguchi said, ""The diary shows that the army and navy did not want to give any proper declaration of war, or indeed prior notice even of the termination of negotiations ... and they clearly prevailed."""
ORG,0.99893975,International Christian University,302,336,Attack on Pearl Harbor,33,"For decades, conventional wisdom held that Japan attacked without first formally breaking diplomatic relations only because of accidents and bumbling that delayed the delivery of a document hinting at war to Washington. In 1999, however, Takeo Iguchi, a professor of law and international relations at International Christian University in Tokyo, discovered documents that pointed to a vigorous debate inside the government over how, and indeed whether, to notify Washington of Japan's intention to break off negotiations and start a war, including a December 7 entry in the war diary saying, ""[O]ur deceptive diplomacy is steadily proceeding toward success."" Of this, Iguchi said, ""The diary shows that the army and navy did not want to give any proper declaration of war, or indeed prior notice even of the termination of negotiations ... and they clearly prevailed."""
LOC,0.9993693,Tokyo,340,345,Attack on Pearl Harbor,33,"For decades, conventional wisdom held that Japan attacked without first formally breaking diplomatic relations only because of accidents and bumbling that delayed the delivery of a document hinting at war to Washington. In 1999, however, Takeo Iguchi, a professor of law and international relations at International Christian University in Tokyo, discovered documents that pointed to a vigorous debate inside the government over how, and indeed whether, to notify Washington of Japan's intention to break off negotiations and start a war, including a December 7 entry in the war diary saying, ""[O]ur deceptive diplomacy is steadily proceeding toward success."" Of this, Iguchi said, ""The diary shows that the army and navy did not want to give any proper declaration of war, or indeed prior notice even of the termination of negotiations ... and they clearly prevailed."""
LOC,0.9992613,Washington,464,474,Attack on Pearl Harbor,33,"For decades, conventional wisdom held that Japan attacked without first formally breaking diplomatic relations only because of accidents and bumbling that delayed the delivery of a document hinting at war to Washington. In 1999, however, Takeo Iguchi, a professor of law and international relations at International Christian University in Tokyo, discovered documents that pointed to a vigorous debate inside the government over how, and indeed whether, to notify Washington of Japan's intention to break off negotiations and start a war, including a December 7 entry in the war diary saying, ""[O]ur deceptive diplomacy is steadily proceeding toward success."" Of this, Iguchi said, ""The diary shows that the army and navy did not want to give any proper declaration of war, or indeed prior notice even of the termination of negotiations ... and they clearly prevailed."""
LOC,0.99984086,Japan,478,483,Attack on Pearl Harbor,33,"For decades, conventional wisdom held that Japan attacked without first formally breaking diplomatic relations only because of accidents and bumbling that delayed the delivery of a document hinting at war to Washington. In 1999, however, Takeo Iguchi, a professor of law and international relations at International Christian University in Tokyo, discovered documents that pointed to a vigorous debate inside the government over how, and indeed whether, to notify Washington of Japan's intention to break off negotiations and start a war, including a December 7 entry in the war diary saying, ""[O]ur deceptive diplomacy is steadily proceeding toward success."" Of this, Iguchi said, ""The diary shows that the army and navy did not want to give any proper declaration of war, or indeed prior notice even of the termination of negotiations ... and they clearly prevailed."""
PER,0.50685024,Iguchi,669,675,Attack on Pearl Harbor,33,"For decades, conventional wisdom held that Japan attacked without first formally breaking diplomatic relations only because of accidents and bumbling that delayed the delivery of a document hinting at war to Washington. In 1999, however, Takeo Iguchi, a professor of law and international relations at International Christian University in Tokyo, discovered documents that pointed to a vigorous debate inside the government over how, and indeed whether, to notify Washington of Japan's intention to break off negotiations and start a war, including a December 7 entry in the war diary saying, ""[O]ur deceptive diplomacy is steadily proceeding toward success."" Of this, Iguchi said, ""The diary shows that the army and navy did not want to give any proper declaration of war, or indeed prior notice even of the termination of negotiations ... and they clearly prevailed."""
MISC,0.99973446,Japanese,26,34,Attack on Pearl Harbor,34,"In any event, even if the Japanese had decoded and delivered the 14-Part Message before the beginning of the attack, it would not have constituted either a formal break of diplomatic relations or a declaration of war. The final two paragraphs of the message read:"
MISC,0.99961734,Japanese,30,38,Attack on Pearl Harbor,35, Thus the earnest hope of the Japanese Government to adjust Japanese-American relations and to preserve and promote the peace of the Pacific through cooperation with the American Government has finally been lost.The Japanese Government regrets to have to notify hereby the American Government that in view of the attitude of the American Government it cannot but consider that it is impossible to reach an agreement through further negotiations.
MISC,0.99973494,Japanese,60,68,Attack on Pearl Harbor,35, Thus the earnest hope of the Japanese Government to adjust Japanese-American relations and to preserve and promote the peace of the Pacific through cooperation with the American Government has finally been lost.The Japanese Government regrets to have to notify hereby the American Government that in view of the attitude of the American Government it cannot but consider that it is impossible to reach an agreement through further negotiations.
MISC,0.53847486,American,69,77,Attack on Pearl Harbor,35, Thus the earnest hope of the Japanese Government to adjust Japanese-American relations and to preserve and promote the peace of the Pacific through cooperation with the American Government has finally been lost.The Japanese Government regrets to have to notify hereby the American Government that in view of the attitude of the American Government it cannot but consider that it is impossible to reach an agreement through further negotiations.
LOC,0.9978726,Pacific,133,140,Attack on Pearl Harbor,35, Thus the earnest hope of the Japanese Government to adjust Japanese-American relations and to preserve and promote the peace of the Pacific through cooperation with the American Government has finally been lost.The Japanese Government regrets to have to notify hereby the American Government that in view of the attitude of the American Government it cannot but consider that it is impossible to reach an agreement through further negotiations.
MISC,0.99966085,American,170,178,Attack on Pearl Harbor,35, Thus the earnest hope of the Japanese Government to adjust Japanese-American relations and to preserve and promote the peace of the Pacific through cooperation with the American Government has finally been lost.The Japanese Government regrets to have to notify hereby the American Government that in view of the attitude of the American Government it cannot but consider that it is impossible to reach an agreement through further negotiations.
MISC,0.9996729,Japanese,216,224,Attack on Pearl Harbor,35, Thus the earnest hope of the Japanese Government to adjust Japanese-American relations and to preserve and promote the peace of the Pacific through cooperation with the American Government has finally been lost.The Japanese Government regrets to have to notify hereby the American Government that in view of the attitude of the American Government it cannot but consider that it is impossible to reach an agreement through further negotiations.
MISC,0.9996604,American,273,281,Attack on Pearl Harbor,35, Thus the earnest hope of the Japanese Government to adjust Japanese-American relations and to preserve and promote the peace of the Pacific through cooperation with the American Government has finally been lost.The Japanese Government regrets to have to notify hereby the American Government that in view of the attitude of the American Government it cannot but consider that it is impossible to reach an agreement through further negotiations.
MISC,0.99965966,American,329,337,Attack on Pearl Harbor,35, Thus the earnest hope of the Japanese Government to adjust Japanese-American relations and to preserve and promote the peace of the Pacific through cooperation with the American Government has finally been lost.The Japanese Government regrets to have to notify hereby the American Government that in view of the attitude of the American Government it cannot but consider that it is impossible to reach an agreement through further negotiations.
LOC,0.99940705,United States,0,13,Attack on Pearl Harbor,36,"United States naval intelligence officers were alarmed by the unusual timing for delivering the message — 1:00 p.m. on a Sunday, which was 7:30 a.m. in Hawaii — and attempted to alert Pearl Harbor. But due to communication problems the warning was not delivered before the attack."
LOC,0.9997602,Hawaii,152,158,Attack on Pearl Harbor,36,"United States naval intelligence officers were alarmed by the unusual timing for delivering the message — 1:00 p.m. on a Sunday, which was 7:30 a.m. in Hawaii — and attempted to alert Pearl Harbor. But due to communication problems the warning was not delivered before the attack."
LOC,0.99937785,Pearl Harbor,184,196,Attack on Pearl Harbor,36,"United States naval intelligence officers were alarmed by the unusual timing for delivering the message — 1:00 p.m. on a Sunday, which was 7:30 a.m. in Hawaii — and attempted to alert Pearl Harbor. But due to communication problems the warning was not delivered before the attack."
PER,0.8635743,Mitsuo Fuchida,57,71,Attack on Pearl Harbor,37,"The first attack wave of 183 airplanes, led by Commander Mitsuo Fuchida, was launched north of Oahu. Six airplanes failed to launch due to technical difficulties. The first wave included three groups of airplanes:"
LOC,0.5407485,Oahu,95,99,Attack on Pearl Harbor,37,"The first attack wave of 183 airplanes, led by Commander Mitsuo Fuchida, was launched north of Oahu. Six airplanes failed to launch due to technical difficulties. The first wave included three groups of airplanes:"
MISC,0.6887916,Nakajima B5N Kate,3,20,Attack on Pearl Harbor,39,"49 Nakajima B5N Kate bombers armed with 800‑kg (1760 lb) armor-piercing bombs, organized in four sections (one failed to launch)"
MISC,0.341887,B5N,3,6,Attack on Pearl Harbor,40,"40 B5N bombers armed with Type 91 torpedoes, also in four sections"
MISC,0.9948274,Type 91,26,33,Attack on Pearl Harbor,40,"40 B5N bombers armed with Type 91 torpedoes, also in four sections"
LOC,0.9975095,Ford Island,22,33,Attack on Pearl Harbor,41,2nd Group – (targets: Ford Island and Wheeler Field)
LOC,0.99660546,Wheeler Field,38,51,Attack on Pearl Harbor,41,2nd Group – (targets: Ford Island and Wheeler Field)
MISC,0.8201677,Aichi D3A Val,3,16,Attack on Pearl Harbor,42,51 Aichi D3A Val dive bombers armed with 550 lb (249 kg) general-purpose bombs (3 failed to launch)
ORG,0.65948033,3rd,0,3,Attack on Pearl Harbor,43,"3rd Group – (targets: aircraft at Ford Island, Hickam Field, Wheeler Field, Barber's Point, Kaneohe)"
LOC,0.9982546,Ford Island,34,45,Attack on Pearl Harbor,43,"3rd Group – (targets: aircraft at Ford Island, Hickam Field, Wheeler Field, Barber's Point, Kaneohe)"
LOC,0.8140856,Hickam Field,47,59,Attack on Pearl Harbor,43,"3rd Group – (targets: aircraft at Ford Island, Hickam Field, Wheeler Field, Barber's Point, Kaneohe)"
LOC,0.9924928,Wheeler Field,61,74,Attack on Pearl Harbor,43,"3rd Group – (targets: aircraft at Ford Island, Hickam Field, Wheeler Field, Barber's Point, Kaneohe)"
LOC,0.9945624,Barber ' s Point,76,90,Attack on Pearl Harbor,43,"3rd Group – (targets: aircraft at Ford Island, Hickam Field, Wheeler Field, Barber's Point, Kaneohe)"
LOC,0.6612146,Kaneohe,92,99,Attack on Pearl Harbor,43,"3rd Group – (targets: aircraft at Ford Island, Hickam Field, Wheeler Field, Barber's Point, Kaneohe)"
MISC,0.9977584,Mitsubishi A6M,3,17,Attack on Pearl Harbor,44,"43 Mitsubishi A6M ""Zero"" fighters for air control and strafing (2 failed to launch)"
MISC,0.8482174,Zero,19,23,Attack on Pearl Harbor,44,"43 Mitsubishi A6M ""Zero"" fighters for air control and strafing (2 failed to launch)"
LOC,0.5194157,Oahu,29,33,Attack on Pearl Harbor,45,"As the first wave approached Oahu, it was detected by United States Army SCR-270 radar positioned at Opana Point near the island's northern tip. This post had been in training mode for months, but was not yet operational. The operators, Privates George Elliot Jr. and Joseph Lockard, reported a target to Private Joseph P. McDonald, who was stationed at Fort Shafter's Intercept Center near Pearl Harbor Lieutenant Kermit A. Tyler, a newly assigned officer at the thinly manned Intercept Center, presumed it was the scheduled arrival of six B-17 bombers from California. The Japanese planes were approaching from a direction very close (only a few degrees difference) to that of the bombers, and while the operators had never seen a formation as large on radar, they neglected to tell Tyler of its size. Tyler, for security reasons, could not tell the operators of the six B-17s that were due (even though it was widely known)."
ORG,0.91949964,United States Army,54,72,Attack on Pearl Harbor,45,"As the first wave approached Oahu, it was detected by United States Army SCR-270 radar positioned at Opana Point near the island's northern tip. This post had been in training mode for months, but was not yet operational. The operators, Privates George Elliot Jr. and Joseph Lockard, reported a target to Private Joseph P. McDonald, who was stationed at Fort Shafter's Intercept Center near Pearl Harbor Lieutenant Kermit A. Tyler, a newly assigned officer at the thinly manned Intercept Center, presumed it was the scheduled arrival of six B-17 bombers from California. The Japanese planes were approaching from a direction very close (only a few degrees difference) to that of the bombers, and while the operators had never seen a formation as large on radar, they neglected to tell Tyler of its size. Tyler, for security reasons, could not tell the operators of the six B-17s that were due (even though it was widely known)."
MISC,0.50761694,SCR,73,76,Attack on Pearl Harbor,45,"As the first wave approached Oahu, it was detected by United States Army SCR-270 radar positioned at Opana Point near the island's northern tip. This post had been in training mode for months, but was not yet operational. The operators, Privates George Elliot Jr. and Joseph Lockard, reported a target to Private Joseph P. McDonald, who was stationed at Fort Shafter's Intercept Center near Pearl Harbor Lieutenant Kermit A. Tyler, a newly assigned officer at the thinly manned Intercept Center, presumed it was the scheduled arrival of six B-17 bombers from California. The Japanese planes were approaching from a direction very close (only a few degrees difference) to that of the bombers, and while the operators had never seen a formation as large on radar, they neglected to tell Tyler of its size. Tyler, for security reasons, could not tell the operators of the six B-17s that were due (even though it was widely known)."
MISC,0.53341115,270,77,80,Attack on Pearl Harbor,45,"As the first wave approached Oahu, it was detected by United States Army SCR-270 radar positioned at Opana Point near the island's northern tip. This post had been in training mode for months, but was not yet operational. The operators, Privates George Elliot Jr. and Joseph Lockard, reported a target to Private Joseph P. McDonald, who was stationed at Fort Shafter's Intercept Center near Pearl Harbor Lieutenant Kermit A. Tyler, a newly assigned officer at the thinly manned Intercept Center, presumed it was the scheduled arrival of six B-17 bombers from California. The Japanese planes were approaching from a direction very close (only a few degrees difference) to that of the bombers, and while the operators had never seen a formation as large on radar, they neglected to tell Tyler of its size. Tyler, for security reasons, could not tell the operators of the six B-17s that were due (even though it was widely known)."
LOC,0.74767506,Opana Point,101,112,Attack on Pearl Harbor,45,"As the first wave approached Oahu, it was detected by United States Army SCR-270 radar positioned at Opana Point near the island's northern tip. This post had been in training mode for months, but was not yet operational. The operators, Privates George Elliot Jr. and Joseph Lockard, reported a target to Private Joseph P. McDonald, who was stationed at Fort Shafter's Intercept Center near Pearl Harbor Lieutenant Kermit A. Tyler, a newly assigned officer at the thinly manned Intercept Center, presumed it was the scheduled arrival of six B-17 bombers from California. The Japanese planes were approaching from a direction very close (only a few degrees difference) to that of the bombers, and while the operators had never seen a formation as large on radar, they neglected to tell Tyler of its size. Tyler, for security reasons, could not tell the operators of the six B-17s that were due (even though it was widely known)."
PER,0.99927396,George Elliot Jr,246,262,Attack on Pearl Harbor,45,"As the first wave approached Oahu, it was detected by United States Army SCR-270 radar positioned at Opana Point near the island's northern tip. This post had been in training mode for months, but was not yet operational. The operators, Privates George Elliot Jr. and Joseph Lockard, reported a target to Private Joseph P. McDonald, who was stationed at Fort Shafter's Intercept Center near Pearl Harbor Lieutenant Kermit A. Tyler, a newly assigned officer at the thinly manned Intercept Center, presumed it was the scheduled arrival of six B-17 bombers from California. The Japanese planes were approaching from a direction very close (only a few degrees difference) to that of the bombers, and while the operators had never seen a formation as large on radar, they neglected to tell Tyler of its size. Tyler, for security reasons, could not tell the operators of the six B-17s that were due (even though it was widely known)."
PER,0.99660337,Joseph Lockard,268,282,Attack on Pearl Harbor,45,"As the first wave approached Oahu, it was detected by United States Army SCR-270 radar positioned at Opana Point near the island's northern tip. This post had been in training mode for months, but was not yet operational. The operators, Privates George Elliot Jr. and Joseph Lockard, reported a target to Private Joseph P. McDonald, who was stationed at Fort Shafter's Intercept Center near Pearl Harbor Lieutenant Kermit A. Tyler, a newly assigned officer at the thinly manned Intercept Center, presumed it was the scheduled arrival of six B-17 bombers from California. The Japanese planes were approaching from a direction very close (only a few degrees difference) to that of the bombers, and while the operators had never seen a formation as large on radar, they neglected to tell Tyler of its size. Tyler, for security reasons, could not tell the operators of the six B-17s that were due (even though it was widely known)."
PER,0.9979561,Joseph P. McDonald,313,331,Attack on Pearl Harbor,45,"As the first wave approached Oahu, it was detected by United States Army SCR-270 radar positioned at Opana Point near the island's northern tip. This post had been in training mode for months, but was not yet operational. The operators, Privates George Elliot Jr. and Joseph Lockard, reported a target to Private Joseph P. McDonald, who was stationed at Fort Shafter's Intercept Center near Pearl Harbor Lieutenant Kermit A. Tyler, a newly assigned officer at the thinly manned Intercept Center, presumed it was the scheduled arrival of six B-17 bombers from California. The Japanese planes were approaching from a direction very close (only a few degrees difference) to that of the bombers, and while the operators had never seen a formation as large on radar, they neglected to tell Tyler of its size. Tyler, for security reasons, could not tell the operators of the six B-17s that were due (even though it was widely known)."
LOC,0.96525073,Fort Shafter,354,366,Attack on Pearl Harbor,45,"As the first wave approached Oahu, it was detected by United States Army SCR-270 radar positioned at Opana Point near the island's northern tip. This post had been in training mode for months, but was not yet operational. The operators, Privates George Elliot Jr. and Joseph Lockard, reported a target to Private Joseph P. McDonald, who was stationed at Fort Shafter's Intercept Center near Pearl Harbor Lieutenant Kermit A. Tyler, a newly assigned officer at the thinly manned Intercept Center, presumed it was the scheduled arrival of six B-17 bombers from California. The Japanese planes were approaching from a direction very close (only a few degrees difference) to that of the bombers, and while the operators had never seen a formation as large on radar, they neglected to tell Tyler of its size. Tyler, for security reasons, could not tell the operators of the six B-17s that were due (even though it was widely known)."
LOC,0.62893647,Intercept Center,369,385,Attack on Pearl Harbor,45,"As the first wave approached Oahu, it was detected by United States Army SCR-270 radar positioned at Opana Point near the island's northern tip. This post had been in training mode for months, but was not yet operational. The operators, Privates George Elliot Jr. and Joseph Lockard, reported a target to Private Joseph P. McDonald, who was stationed at Fort Shafter's Intercept Center near Pearl Harbor Lieutenant Kermit A. Tyler, a newly assigned officer at the thinly manned Intercept Center, presumed it was the scheduled arrival of six B-17 bombers from California. The Japanese planes were approaching from a direction very close (only a few degrees difference) to that of the bombers, and while the operators had never seen a formation as large on radar, they neglected to tell Tyler of its size. Tyler, for security reasons, could not tell the operators of the six B-17s that were due (even though it was widely known)."
LOC,0.999244,Pearl Harbor,391,403,Attack on Pearl Harbor,45,"As the first wave approached Oahu, it was detected by United States Army SCR-270 radar positioned at Opana Point near the island's northern tip. This post had been in training mode for months, but was not yet operational. The operators, Privates George Elliot Jr. and Joseph Lockard, reported a target to Private Joseph P. McDonald, who was stationed at Fort Shafter's Intercept Center near Pearl Harbor Lieutenant Kermit A. Tyler, a newly assigned officer at the thinly manned Intercept Center, presumed it was the scheduled arrival of six B-17 bombers from California. The Japanese planes were approaching from a direction very close (only a few degrees difference) to that of the bombers, and while the operators had never seen a formation as large on radar, they neglected to tell Tyler of its size. Tyler, for security reasons, could not tell the operators of the six B-17s that were due (even though it was widely known)."
PER,0.96691275,Kermit A. Tyler,415,430,Attack on Pearl Harbor,45,"As the first wave approached Oahu, it was detected by United States Army SCR-270 radar positioned at Opana Point near the island's northern tip. This post had been in training mode for months, but was not yet operational. The operators, Privates George Elliot Jr. and Joseph Lockard, reported a target to Private Joseph P. McDonald, who was stationed at Fort Shafter's Intercept Center near Pearl Harbor Lieutenant Kermit A. Tyler, a newly assigned officer at the thinly manned Intercept Center, presumed it was the scheduled arrival of six B-17 bombers from California. The Japanese planes were approaching from a direction very close (only a few degrees difference) to that of the bombers, and while the operators had never seen a formation as large on radar, they neglected to tell Tyler of its size. Tyler, for security reasons, could not tell the operators of the six B-17s that were due (even though it was widely known)."
LOC,0.61657876,Intercept Center,478,494,Attack on Pearl Harbor,45,"As the first wave approached Oahu, it was detected by United States Army SCR-270 radar positioned at Opana Point near the island's northern tip. This post had been in training mode for months, but was not yet operational. The operators, Privates George Elliot Jr. and Joseph Lockard, reported a target to Private Joseph P. McDonald, who was stationed at Fort Shafter's Intercept Center near Pearl Harbor Lieutenant Kermit A. Tyler, a newly assigned officer at the thinly manned Intercept Center, presumed it was the scheduled arrival of six B-17 bombers from California. The Japanese planes were approaching from a direction very close (only a few degrees difference) to that of the bombers, and while the operators had never seen a formation as large on radar, they neglected to tell Tyler of its size. Tyler, for security reasons, could not tell the operators of the six B-17s that were due (even though it was widely known)."
MISC,0.9987025,B,541,542,Attack on Pearl Harbor,45,"As the first wave approached Oahu, it was detected by United States Army SCR-270 radar positioned at Opana Point near the island's northern tip. This post had been in training mode for months, but was not yet operational. The operators, Privates George Elliot Jr. and Joseph Lockard, reported a target to Private Joseph P. McDonald, who was stationed at Fort Shafter's Intercept Center near Pearl Harbor Lieutenant Kermit A. Tyler, a newly assigned officer at the thinly manned Intercept Center, presumed it was the scheduled arrival of six B-17 bombers from California. The Japanese planes were approaching from a direction very close (only a few degrees difference) to that of the bombers, and while the operators had never seen a formation as large on radar, they neglected to tell Tyler of its size. Tyler, for security reasons, could not tell the operators of the six B-17s that were due (even though it was widely known)."
MISC,0.9726218,17,543,545,Attack on Pearl Harbor,45,"As the first wave approached Oahu, it was detected by United States Army SCR-270 radar positioned at Opana Point near the island's northern tip. This post had been in training mode for months, but was not yet operational. The operators, Privates George Elliot Jr. and Joseph Lockard, reported a target to Private Joseph P. McDonald, who was stationed at Fort Shafter's Intercept Center near Pearl Harbor Lieutenant Kermit A. Tyler, a newly assigned officer at the thinly manned Intercept Center, presumed it was the scheduled arrival of six B-17 bombers from California. The Japanese planes were approaching from a direction very close (only a few degrees difference) to that of the bombers, and while the operators had never seen a formation as large on radar, they neglected to tell Tyler of its size. Tyler, for security reasons, could not tell the operators of the six B-17s that were due (even though it was widely known)."
LOC,0.9997563,California,559,569,Attack on Pearl Harbor,45,"As the first wave approached Oahu, it was detected by United States Army SCR-270 radar positioned at Opana Point near the island's northern tip. This post had been in training mode for months, but was not yet operational. The operators, Privates George Elliot Jr. and Joseph Lockard, reported a target to Private Joseph P. McDonald, who was stationed at Fort Shafter's Intercept Center near Pearl Harbor Lieutenant Kermit A. Tyler, a newly assigned officer at the thinly manned Intercept Center, presumed it was the scheduled arrival of six B-17 bombers from California. The Japanese planes were approaching from a direction very close (only a few degrees difference) to that of the bombers, and while the operators had never seen a formation as large on radar, they neglected to tell Tyler of its size. Tyler, for security reasons, could not tell the operators of the six B-17s that were due (even though it was widely known)."
MISC,0.9997744,Japanese,575,583,Attack on Pearl Harbor,45,"As the first wave approached Oahu, it was detected by United States Army SCR-270 radar positioned at Opana Point near the island's northern tip. This post had been in training mode for months, but was not yet operational. The operators, Privates George Elliot Jr. and Joseph Lockard, reported a target to Private Joseph P. McDonald, who was stationed at Fort Shafter's Intercept Center near Pearl Harbor Lieutenant Kermit A. Tyler, a newly assigned officer at the thinly manned Intercept Center, presumed it was the scheduled arrival of six B-17 bombers from California. The Japanese planes were approaching from a direction very close (only a few degrees difference) to that of the bombers, and while the operators had never seen a formation as large on radar, they neglected to tell Tyler of its size. Tyler, for security reasons, could not tell the operators of the six B-17s that were due (even though it was widely known)."
PER,0.99767095,Tyler,785,790,Attack on Pearl Harbor,45,"As the first wave approached Oahu, it was detected by United States Army SCR-270 radar positioned at Opana Point near the island's northern tip. This post had been in training mode for months, but was not yet operational. The operators, Privates George Elliot Jr. and Joseph Lockard, reported a target to Private Joseph P. McDonald, who was stationed at Fort Shafter's Intercept Center near Pearl Harbor Lieutenant Kermit A. Tyler, a newly assigned officer at the thinly manned Intercept Center, presumed it was the scheduled arrival of six B-17 bombers from California. The Japanese planes were approaching from a direction very close (only a few degrees difference) to that of the bombers, and while the operators had never seen a formation as large on radar, they neglected to tell Tyler of its size. Tyler, for security reasons, could not tell the operators of the six B-17s that were due (even though it was widely known)."
PER,0.9982235,Tyler,804,809,Attack on Pearl Harbor,45,"As the first wave approached Oahu, it was detected by United States Army SCR-270 radar positioned at Opana Point near the island's northern tip. This post had been in training mode for months, but was not yet operational. The operators, Privates George Elliot Jr. and Joseph Lockard, reported a target to Private Joseph P. McDonald, who was stationed at Fort Shafter's Intercept Center near Pearl Harbor Lieutenant Kermit A. Tyler, a newly assigned officer at the thinly manned Intercept Center, presumed it was the scheduled arrival of six B-17 bombers from California. The Japanese planes were approaching from a direction very close (only a few degrees difference) to that of the bombers, and while the operators had never seen a formation as large on radar, they neglected to tell Tyler of its size. Tyler, for security reasons, could not tell the operators of the six B-17s that were due (even though it was widely known)."
MISC,0.99855,B,873,874,Attack on Pearl Harbor,45,"As the first wave approached Oahu, it was detected by United States Army SCR-270 radar positioned at Opana Point near the island's northern tip. This post had been in training mode for months, but was not yet operational. The operators, Privates George Elliot Jr. and Joseph Lockard, reported a target to Private Joseph P. McDonald, who was stationed at Fort Shafter's Intercept Center near Pearl Harbor Lieutenant Kermit A. Tyler, a newly assigned officer at the thinly manned Intercept Center, presumed it was the scheduled arrival of six B-17 bombers from California. The Japanese planes were approaching from a direction very close (only a few degrees difference) to that of the bombers, and while the operators had never seen a formation as large on radar, they neglected to tell Tyler of its size. Tyler, for security reasons, could not tell the operators of the six B-17s that were due (even though it was widely known)."
LOC,0.5984126,Oahu,29,33,Attack on Pearl Harbor,46,"As the first wave approached Oahu, they encountered and shot down several small American civilian aircraft. At least one of these radioed a somewhat incoherent warning. Other warnings from ships off the harbor entrance were still being processed or awaiting confirmation when the Japanese air assault began at 7:48 a.m. Hawaiian time (3:18 a.m. December 8 Japanese Standard Time, as kept by ships of the Kido Butai), with the attack on Kaneohe. A total of 353 Japanese planes reached Oahu in two waves. Slow, vulnerable torpedo bombers led the first wave, exploiting the first moments of surprise to attack the most important ships present (the battleships), while dive bombers attacked American air bases across Oahu, starting with Hickam Field, the largest, and Wheeler Field, the main United States Army Air Forces fighter base. The 171 planes in the second wave attacked the Army Air Forces' Bellows Field, near Kaneohe on the windward side of the island, and Ford Island. The only aerial opposition came from a handful of P-36 Hawks, P-40 Warhawks and some SBD Dauntless dive bombers from the carrier Enterprise."
MISC,0.99978215,American,80,88,Attack on Pearl Harbor,46,"As the first wave approached Oahu, they encountered and shot down several small American civilian aircraft. At least one of these radioed a somewhat incoherent warning. Other warnings from ships off the harbor entrance were still being processed or awaiting confirmation when the Japanese air assault began at 7:48 a.m. Hawaiian time (3:18 a.m. December 8 Japanese Standard Time, as kept by ships of the Kido Butai), with the attack on Kaneohe. A total of 353 Japanese planes reached Oahu in two waves. Slow, vulnerable torpedo bombers led the first wave, exploiting the first moments of surprise to attack the most important ships present (the battleships), while dive bombers attacked American air bases across Oahu, starting with Hickam Field, the largest, and Wheeler Field, the main United States Army Air Forces fighter base. The 171 planes in the second wave attacked the Army Air Forces' Bellows Field, near Kaneohe on the windward side of the island, and Ford Island. The only aerial opposition came from a handful of P-36 Hawks, P-40 Warhawks and some SBD Dauntless dive bombers from the carrier Enterprise."
MISC,0.99973136,Japanese,280,288,Attack on Pearl Harbor,46,"As the first wave approached Oahu, they encountered and shot down several small American civilian aircraft. At least one of these radioed a somewhat incoherent warning. Other warnings from ships off the harbor entrance were still being processed or awaiting confirmation when the Japanese air assault began at 7:48 a.m. Hawaiian time (3:18 a.m. December 8 Japanese Standard Time, as kept by ships of the Kido Butai), with the attack on Kaneohe. A total of 353 Japanese planes reached Oahu in two waves. Slow, vulnerable torpedo bombers led the first wave, exploiting the first moments of surprise to attack the most important ships present (the battleships), while dive bombers attacked American air bases across Oahu, starting with Hickam Field, the largest, and Wheeler Field, the main United States Army Air Forces fighter base. The 171 planes in the second wave attacked the Army Air Forces' Bellows Field, near Kaneohe on the windward side of the island, and Ford Island. The only aerial opposition came from a handful of P-36 Hawks, P-40 Warhawks and some SBD Dauntless dive bombers from the carrier Enterprise."
MISC,0.9883044,Hawaiian,320,328,Attack on Pearl Harbor,46,"As the first wave approached Oahu, they encountered and shot down several small American civilian aircraft. At least one of these radioed a somewhat incoherent warning. Other warnings from ships off the harbor entrance were still being processed or awaiting confirmation when the Japanese air assault began at 7:48 a.m. Hawaiian time (3:18 a.m. December 8 Japanese Standard Time, as kept by ships of the Kido Butai), with the attack on Kaneohe. A total of 353 Japanese planes reached Oahu in two waves. Slow, vulnerable torpedo bombers led the first wave, exploiting the first moments of surprise to attack the most important ships present (the battleships), while dive bombers attacked American air bases across Oahu, starting with Hickam Field, the largest, and Wheeler Field, the main United States Army Air Forces fighter base. The 171 planes in the second wave attacked the Army Air Forces' Bellows Field, near Kaneohe on the windward side of the island, and Ford Island. The only aerial opposition came from a handful of P-36 Hawks, P-40 Warhawks and some SBD Dauntless dive bombers from the carrier Enterprise."
MISC,0.97401863,Japanese Standard Time,356,378,Attack on Pearl Harbor,46,"As the first wave approached Oahu, they encountered and shot down several small American civilian aircraft. At least one of these radioed a somewhat incoherent warning. Other warnings from ships off the harbor entrance were still being processed or awaiting confirmation when the Japanese air assault began at 7:48 a.m. Hawaiian time (3:18 a.m. December 8 Japanese Standard Time, as kept by ships of the Kido Butai), with the attack on Kaneohe. A total of 353 Japanese planes reached Oahu in two waves. Slow, vulnerable torpedo bombers led the first wave, exploiting the first moments of surprise to attack the most important ships present (the battleships), while dive bombers attacked American air bases across Oahu, starting with Hickam Field, the largest, and Wheeler Field, the main United States Army Air Forces fighter base. The 171 planes in the second wave attacked the Army Air Forces' Bellows Field, near Kaneohe on the windward side of the island, and Ford Island. The only aerial opposition came from a handful of P-36 Hawks, P-40 Warhawks and some SBD Dauntless dive bombers from the carrier Enterprise."
MISC,0.43795052,Kido Butai,404,414,Attack on Pearl Harbor,46,"As the first wave approached Oahu, they encountered and shot down several small American civilian aircraft. At least one of these radioed a somewhat incoherent warning. Other warnings from ships off the harbor entrance were still being processed or awaiting confirmation when the Japanese air assault began at 7:48 a.m. Hawaiian time (3:18 a.m. December 8 Japanese Standard Time, as kept by ships of the Kido Butai), with the attack on Kaneohe. A total of 353 Japanese planes reached Oahu in two waves. Slow, vulnerable torpedo bombers led the first wave, exploiting the first moments of surprise to attack the most important ships present (the battleships), while dive bombers attacked American air bases across Oahu, starting with Hickam Field, the largest, and Wheeler Field, the main United States Army Air Forces fighter base. The 171 planes in the second wave attacked the Army Air Forces' Bellows Field, near Kaneohe on the windward side of the island, and Ford Island. The only aerial opposition came from a handful of P-36 Hawks, P-40 Warhawks and some SBD Dauntless dive bombers from the carrier Enterprise."
LOC,0.6629368,Kaneohe,436,443,Attack on Pearl Harbor,46,"As the first wave approached Oahu, they encountered and shot down several small American civilian aircraft. At least one of these radioed a somewhat incoherent warning. Other warnings from ships off the harbor entrance were still being processed or awaiting confirmation when the Japanese air assault began at 7:48 a.m. Hawaiian time (3:18 a.m. December 8 Japanese Standard Time, as kept by ships of the Kido Butai), with the attack on Kaneohe. A total of 353 Japanese planes reached Oahu in two waves. Slow, vulnerable torpedo bombers led the first wave, exploiting the first moments of surprise to attack the most important ships present (the battleships), while dive bombers attacked American air bases across Oahu, starting with Hickam Field, the largest, and Wheeler Field, the main United States Army Air Forces fighter base. The 171 planes in the second wave attacked the Army Air Forces' Bellows Field, near Kaneohe on the windward side of the island, and Ford Island. The only aerial opposition came from a handful of P-36 Hawks, P-40 Warhawks and some SBD Dauntless dive bombers from the carrier Enterprise."
MISC,0.9997348,Japanese,460,468,Attack on Pearl Harbor,46,"As the first wave approached Oahu, they encountered and shot down several small American civilian aircraft. At least one of these radioed a somewhat incoherent warning. Other warnings from ships off the harbor entrance were still being processed or awaiting confirmation when the Japanese air assault began at 7:48 a.m. Hawaiian time (3:18 a.m. December 8 Japanese Standard Time, as kept by ships of the Kido Butai), with the attack on Kaneohe. A total of 353 Japanese planes reached Oahu in two waves. Slow, vulnerable torpedo bombers led the first wave, exploiting the first moments of surprise to attack the most important ships present (the battleships), while dive bombers attacked American air bases across Oahu, starting with Hickam Field, the largest, and Wheeler Field, the main United States Army Air Forces fighter base. The 171 planes in the second wave attacked the Army Air Forces' Bellows Field, near Kaneohe on the windward side of the island, and Ford Island. The only aerial opposition came from a handful of P-36 Hawks, P-40 Warhawks and some SBD Dauntless dive bombers from the carrier Enterprise."
LOC,0.50071347,Oahu,484,488,Attack on Pearl Harbor,46,"As the first wave approached Oahu, they encountered and shot down several small American civilian aircraft. At least one of these radioed a somewhat incoherent warning. Other warnings from ships off the harbor entrance were still being processed or awaiting confirmation when the Japanese air assault began at 7:48 a.m. Hawaiian time (3:18 a.m. December 8 Japanese Standard Time, as kept by ships of the Kido Butai), with the attack on Kaneohe. A total of 353 Japanese planes reached Oahu in two waves. Slow, vulnerable torpedo bombers led the first wave, exploiting the first moments of surprise to attack the most important ships present (the battleships), while dive bombers attacked American air bases across Oahu, starting with Hickam Field, the largest, and Wheeler Field, the main United States Army Air Forces fighter base. The 171 planes in the second wave attacked the Army Air Forces' Bellows Field, near Kaneohe on the windward side of the island, and Ford Island. The only aerial opposition came from a handful of P-36 Hawks, P-40 Warhawks and some SBD Dauntless dive bombers from the carrier Enterprise."
MISC,0.9997434,American,687,695,Attack on Pearl Harbor,46,"As the first wave approached Oahu, they encountered and shot down several small American civilian aircraft. At least one of these radioed a somewhat incoherent warning. Other warnings from ships off the harbor entrance were still being processed or awaiting confirmation when the Japanese air assault began at 7:48 a.m. Hawaiian time (3:18 a.m. December 8 Japanese Standard Time, as kept by ships of the Kido Butai), with the attack on Kaneohe. A total of 353 Japanese planes reached Oahu in two waves. Slow, vulnerable torpedo bombers led the first wave, exploiting the first moments of surprise to attack the most important ships present (the battleships), while dive bombers attacked American air bases across Oahu, starting with Hickam Field, the largest, and Wheeler Field, the main United States Army Air Forces fighter base. The 171 planes in the second wave attacked the Army Air Forces' Bellows Field, near Kaneohe on the windward side of the island, and Ford Island. The only aerial opposition came from a handful of P-36 Hawks, P-40 Warhawks and some SBD Dauntless dive bombers from the carrier Enterprise."
LOC,0.50688064,Oahu,713,717,Attack on Pearl Harbor,46,"As the first wave approached Oahu, they encountered and shot down several small American civilian aircraft. At least one of these radioed a somewhat incoherent warning. Other warnings from ships off the harbor entrance were still being processed or awaiting confirmation when the Japanese air assault began at 7:48 a.m. Hawaiian time (3:18 a.m. December 8 Japanese Standard Time, as kept by ships of the Kido Butai), with the attack on Kaneohe. A total of 353 Japanese planes reached Oahu in two waves. Slow, vulnerable torpedo bombers led the first wave, exploiting the first moments of surprise to attack the most important ships present (the battleships), while dive bombers attacked American air bases across Oahu, starting with Hickam Field, the largest, and Wheeler Field, the main United States Army Air Forces fighter base. The 171 planes in the second wave attacked the Army Air Forces' Bellows Field, near Kaneohe on the windward side of the island, and Ford Island. The only aerial opposition came from a handful of P-36 Hawks, P-40 Warhawks and some SBD Dauntless dive bombers from the carrier Enterprise."
LOC,0.7984383,Hickam Field,733,745,Attack on Pearl Harbor,46,"As the first wave approached Oahu, they encountered and shot down several small American civilian aircraft. At least one of these radioed a somewhat incoherent warning. Other warnings from ships off the harbor entrance were still being processed or awaiting confirmation when the Japanese air assault began at 7:48 a.m. Hawaiian time (3:18 a.m. December 8 Japanese Standard Time, as kept by ships of the Kido Butai), with the attack on Kaneohe. A total of 353 Japanese planes reached Oahu in two waves. Slow, vulnerable torpedo bombers led the first wave, exploiting the first moments of surprise to attack the most important ships present (the battleships), while dive bombers attacked American air bases across Oahu, starting with Hickam Field, the largest, and Wheeler Field, the main United States Army Air Forces fighter base. The 171 planes in the second wave attacked the Army Air Forces' Bellows Field, near Kaneohe on the windward side of the island, and Ford Island. The only aerial opposition came from a handful of P-36 Hawks, P-40 Warhawks and some SBD Dauntless dive bombers from the carrier Enterprise."
LOC,0.9860865,Wheeler Field,764,777,Attack on Pearl Harbor,46,"As the first wave approached Oahu, they encountered and shot down several small American civilian aircraft. At least one of these radioed a somewhat incoherent warning. Other warnings from ships off the harbor entrance were still being processed or awaiting confirmation when the Japanese air assault began at 7:48 a.m. Hawaiian time (3:18 a.m. December 8 Japanese Standard Time, as kept by ships of the Kido Butai), with the attack on Kaneohe. A total of 353 Japanese planes reached Oahu in two waves. Slow, vulnerable torpedo bombers led the first wave, exploiting the first moments of surprise to attack the most important ships present (the battleships), while dive bombers attacked American air bases across Oahu, starting with Hickam Field, the largest, and Wheeler Field, the main United States Army Air Forces fighter base. The 171 planes in the second wave attacked the Army Air Forces' Bellows Field, near Kaneohe on the windward side of the island, and Ford Island. The only aerial opposition came from a handful of P-36 Hawks, P-40 Warhawks and some SBD Dauntless dive bombers from the carrier Enterprise."
ORG,0.988692,United States Army Air Forces,788,817,Attack on Pearl Harbor,46,"As the first wave approached Oahu, they encountered and shot down several small American civilian aircraft. At least one of these radioed a somewhat incoherent warning. Other warnings from ships off the harbor entrance were still being processed or awaiting confirmation when the Japanese air assault began at 7:48 a.m. Hawaiian time (3:18 a.m. December 8 Japanese Standard Time, as kept by ships of the Kido Butai), with the attack on Kaneohe. A total of 353 Japanese planes reached Oahu in two waves. Slow, vulnerable torpedo bombers led the first wave, exploiting the first moments of surprise to attack the most important ships present (the battleships), while dive bombers attacked American air bases across Oahu, starting with Hickam Field, the largest, and Wheeler Field, the main United States Army Air Forces fighter base. The 171 planes in the second wave attacked the Army Air Forces' Bellows Field, near Kaneohe on the windward side of the island, and Ford Island. The only aerial opposition came from a handful of P-36 Hawks, P-40 Warhawks and some SBD Dauntless dive bombers from the carrier Enterprise."
ORG,0.99842435,Army Air Forces,879,894,Attack on Pearl Harbor,46,"As the first wave approached Oahu, they encountered and shot down several small American civilian aircraft. At least one of these radioed a somewhat incoherent warning. Other warnings from ships off the harbor entrance were still being processed or awaiting confirmation when the Japanese air assault began at 7:48 a.m. Hawaiian time (3:18 a.m. December 8 Japanese Standard Time, as kept by ships of the Kido Butai), with the attack on Kaneohe. A total of 353 Japanese planes reached Oahu in two waves. Slow, vulnerable torpedo bombers led the first wave, exploiting the first moments of surprise to attack the most important ships present (the battleships), while dive bombers attacked American air bases across Oahu, starting with Hickam Field, the largest, and Wheeler Field, the main United States Army Air Forces fighter base. The 171 planes in the second wave attacked the Army Air Forces' Bellows Field, near Kaneohe on the windward side of the island, and Ford Island. The only aerial opposition came from a handful of P-36 Hawks, P-40 Warhawks and some SBD Dauntless dive bombers from the carrier Enterprise."
LOC,0.74745554,Bellows Field,896,909,Attack on Pearl Harbor,46,"As the first wave approached Oahu, they encountered and shot down several small American civilian aircraft. At least one of these radioed a somewhat incoherent warning. Other warnings from ships off the harbor entrance were still being processed or awaiting confirmation when the Japanese air assault began at 7:48 a.m. Hawaiian time (3:18 a.m. December 8 Japanese Standard Time, as kept by ships of the Kido Butai), with the attack on Kaneohe. A total of 353 Japanese planes reached Oahu in two waves. Slow, vulnerable torpedo bombers led the first wave, exploiting the first moments of surprise to attack the most important ships present (the battleships), while dive bombers attacked American air bases across Oahu, starting with Hickam Field, the largest, and Wheeler Field, the main United States Army Air Forces fighter base. The 171 planes in the second wave attacked the Army Air Forces' Bellows Field, near Kaneohe on the windward side of the island, and Ford Island. The only aerial opposition came from a handful of P-36 Hawks, P-40 Warhawks and some SBD Dauntless dive bombers from the carrier Enterprise."
LOC,0.66252834,Kaneohe,916,923,Attack on Pearl Harbor,46,"As the first wave approached Oahu, they encountered and shot down several small American civilian aircraft. At least one of these radioed a somewhat incoherent warning. Other warnings from ships off the harbor entrance were still being processed or awaiting confirmation when the Japanese air assault began at 7:48 a.m. Hawaiian time (3:18 a.m. December 8 Japanese Standard Time, as kept by ships of the Kido Butai), with the attack on Kaneohe. A total of 353 Japanese planes reached Oahu in two waves. Slow, vulnerable torpedo bombers led the first wave, exploiting the first moments of surprise to attack the most important ships present (the battleships), while dive bombers attacked American air bases across Oahu, starting with Hickam Field, the largest, and Wheeler Field, the main United States Army Air Forces fighter base. The 171 planes in the second wave attacked the Army Air Forces' Bellows Field, near Kaneohe on the windward side of the island, and Ford Island. The only aerial opposition came from a handful of P-36 Hawks, P-40 Warhawks and some SBD Dauntless dive bombers from the carrier Enterprise."
LOC,0.9936031,Ford Island,964,975,Attack on Pearl Harbor,46,"As the first wave approached Oahu, they encountered and shot down several small American civilian aircraft. At least one of these radioed a somewhat incoherent warning. Other warnings from ships off the harbor entrance were still being processed or awaiting confirmation when the Japanese air assault began at 7:48 a.m. Hawaiian time (3:18 a.m. December 8 Japanese Standard Time, as kept by ships of the Kido Butai), with the attack on Kaneohe. A total of 353 Japanese planes reached Oahu in two waves. Slow, vulnerable torpedo bombers led the first wave, exploiting the first moments of surprise to attack the most important ships present (the battleships), while dive bombers attacked American air bases across Oahu, starting with Hickam Field, the largest, and Wheeler Field, the main United States Army Air Forces fighter base. The 171 planes in the second wave attacked the Army Air Forces' Bellows Field, near Kaneohe on the windward side of the island, and Ford Island. The only aerial opposition came from a handful of P-36 Hawks, P-40 Warhawks and some SBD Dauntless dive bombers from the carrier Enterprise."
MISC,0.926145,P - 36 Hawks,1027,1037,Attack on Pearl Harbor,46,"As the first wave approached Oahu, they encountered and shot down several small American civilian aircraft. At least one of these radioed a somewhat incoherent warning. Other warnings from ships off the harbor entrance were still being processed or awaiting confirmation when the Japanese air assault began at 7:48 a.m. Hawaiian time (3:18 a.m. December 8 Japanese Standard Time, as kept by ships of the Kido Butai), with the attack on Kaneohe. A total of 353 Japanese planes reached Oahu in two waves. Slow, vulnerable torpedo bombers led the first wave, exploiting the first moments of surprise to attack the most important ships present (the battleships), while dive bombers attacked American air bases across Oahu, starting with Hickam Field, the largest, and Wheeler Field, the main United States Army Air Forces fighter base. The 171 planes in the second wave attacked the Army Air Forces' Bellows Field, near Kaneohe on the windward side of the island, and Ford Island. The only aerial opposition came from a handful of P-36 Hawks, P-40 Warhawks and some SBD Dauntless dive bombers from the carrier Enterprise."
MISC,0.990855,P - 40 Warhawks,1039,1052,Attack on Pearl Harbor,46,"As the first wave approached Oahu, they encountered and shot down several small American civilian aircraft. At least one of these radioed a somewhat incoherent warning. Other warnings from ships off the harbor entrance were still being processed or awaiting confirmation when the Japanese air assault began at 7:48 a.m. Hawaiian time (3:18 a.m. December 8 Japanese Standard Time, as kept by ships of the Kido Butai), with the attack on Kaneohe. A total of 353 Japanese planes reached Oahu in two waves. Slow, vulnerable torpedo bombers led the first wave, exploiting the first moments of surprise to attack the most important ships present (the battleships), while dive bombers attacked American air bases across Oahu, starting with Hickam Field, the largest, and Wheeler Field, the main United States Army Air Forces fighter base. The 171 planes in the second wave attacked the Army Air Forces' Bellows Field, near Kaneohe on the windward side of the island, and Ford Island. The only aerial opposition came from a handful of P-36 Hawks, P-40 Warhawks and some SBD Dauntless dive bombers from the carrier Enterprise."
MISC,0.70121014,SBD Dauntless,1062,1075,Attack on Pearl Harbor,46,"As the first wave approached Oahu, they encountered and shot down several small American civilian aircraft. At least one of these radioed a somewhat incoherent warning. Other warnings from ships off the harbor entrance were still being processed or awaiting confirmation when the Japanese air assault began at 7:48 a.m. Hawaiian time (3:18 a.m. December 8 Japanese Standard Time, as kept by ships of the Kido Butai), with the attack on Kaneohe. A total of 353 Japanese planes reached Oahu in two waves. Slow, vulnerable torpedo bombers led the first wave, exploiting the first moments of surprise to attack the most important ships present (the battleships), while dive bombers attacked American air bases across Oahu, starting with Hickam Field, the largest, and Wheeler Field, the main United States Army Air Forces fighter base. The 171 planes in the second wave attacked the Army Air Forces' Bellows Field, near Kaneohe on the windward side of the island, and Ford Island. The only aerial opposition came from a handful of P-36 Hawks, P-40 Warhawks and some SBD Dauntless dive bombers from the carrier Enterprise."
ORG,0.85140014,Enterprise,1106,1116,Attack on Pearl Harbor,46,"As the first wave approached Oahu, they encountered and shot down several small American civilian aircraft. At least one of these radioed a somewhat incoherent warning. Other warnings from ships off the harbor entrance were still being processed or awaiting confirmation when the Japanese air assault began at 7:48 a.m. Hawaiian time (3:18 a.m. December 8 Japanese Standard Time, as kept by ships of the Kido Butai), with the attack on Kaneohe. A total of 353 Japanese planes reached Oahu in two waves. Slow, vulnerable torpedo bombers led the first wave, exploiting the first moments of surprise to attack the most important ships present (the battleships), while dive bombers attacked American air bases across Oahu, starting with Hickam Field, the largest, and Wheeler Field, the main United States Army Air Forces fighter base. The 171 planes in the second wave attacked the Army Air Forces' Bellows Field, near Kaneohe on the windward side of the island, and Ford Island. The only aerial opposition came from a handful of P-36 Hawks, P-40 Warhawks and some SBD Dauntless dive bombers from the carrier Enterprise."
LOC,0.792225,General Quarters,462,478,Attack on Pearl Harbor,47,"In the first-wave attack, about eight of the forty-nine 800‑kg (1760 lb) armor-piercing bombs dropped hit their intended battleship targets. At least two of those bombs broke up on impact, another detonated before penetrating an unarmored deck, and one was a dud. Thirteen of the forty torpedoes hit battleships, while four hit other ships. Men aboard the ships awoke to the sounds of alarms, bombs exploding, and gunfire, prompting them to dress as they ran to General Quarters stations. (The famous message ""Air raid Pearl Harbor. This is not drill."" was sent from the headquarters of Patrol Wing Two, the first senior Hawaiian command to respond.) American servicemen were caught unprepared by the attack. Ammunition lockers were locked, aircraft parked wingtip to wingtip in the open to prevent sabotage, guns unmanned (none of the Navy's 5""/38s, only a quarter of its machine guns, and only four of 31 Army batteries got in action). Despite this low alert status, many American military personnel responded effectively during the attack. Ensign Joseph Taussig Jr., aboard Nevada, commanded the ship's antiaircraft guns and was severely wounded but remained at his post. Lieutenant Commander F. J. Thomas commanded Nevada in the captain's absence and got her underway until the ship was grounded at 9:10 a.m. One of the destroyers, Aylwin, got underway with only four officers aboard, all ensigns, none with more than a year's sea duty; she operated at sea for 36 hours before her commanding officer managed to get back aboard. Captain Mervyn Bennion, commanding West Virginia, led his men until he was cut down by fragments from a bomb which hit Tennessee, moored alongside."
LOC,0.99929714,Pearl Harbor,519,531,Attack on Pearl Harbor,47,"In the first-wave attack, about eight of the forty-nine 800‑kg (1760 lb) armor-piercing bombs dropped hit their intended battleship targets. At least two of those bombs broke up on impact, another detonated before penetrating an unarmored deck, and one was a dud. Thirteen of the forty torpedoes hit battleships, while four hit other ships. Men aboard the ships awoke to the sounds of alarms, bombs exploding, and gunfire, prompting them to dress as they ran to General Quarters stations. (The famous message ""Air raid Pearl Harbor. This is not drill."" was sent from the headquarters of Patrol Wing Two, the first senior Hawaiian command to respond.) American servicemen were caught unprepared by the attack. Ammunition lockers were locked, aircraft parked wingtip to wingtip in the open to prevent sabotage, guns unmanned (none of the Navy's 5""/38s, only a quarter of its machine guns, and only four of 31 Army batteries got in action). Despite this low alert status, many American military personnel responded effectively during the attack. Ensign Joseph Taussig Jr., aboard Nevada, commanded the ship's antiaircraft guns and was severely wounded but remained at his post. Lieutenant Commander F. J. Thomas commanded Nevada in the captain's absence and got her underway until the ship was grounded at 9:10 a.m. One of the destroyers, Aylwin, got underway with only four officers aboard, all ensigns, none with more than a year's sea duty; she operated at sea for 36 hours before her commanding officer managed to get back aboard. Captain Mervyn Bennion, commanding West Virginia, led his men until he was cut down by fragments from a bomb which hit Tennessee, moored alongside."
ORG,0.94417566,Patrol Wing Two,587,602,Attack on Pearl Harbor,47,"In the first-wave attack, about eight of the forty-nine 800‑kg (1760 lb) armor-piercing bombs dropped hit their intended battleship targets. At least two of those bombs broke up on impact, another detonated before penetrating an unarmored deck, and one was a dud. Thirteen of the forty torpedoes hit battleships, while four hit other ships. Men aboard the ships awoke to the sounds of alarms, bombs exploding, and gunfire, prompting them to dress as they ran to General Quarters stations. (The famous message ""Air raid Pearl Harbor. This is not drill."" was sent from the headquarters of Patrol Wing Two, the first senior Hawaiian command to respond.) American servicemen were caught unprepared by the attack. Ammunition lockers were locked, aircraft parked wingtip to wingtip in the open to prevent sabotage, guns unmanned (none of the Navy's 5""/38s, only a quarter of its machine guns, and only four of 31 Army batteries got in action). Despite this low alert status, many American military personnel responded effectively during the attack. Ensign Joseph Taussig Jr., aboard Nevada, commanded the ship's antiaircraft guns and was severely wounded but remained at his post. Lieutenant Commander F. J. Thomas commanded Nevada in the captain's absence and got her underway until the ship was grounded at 9:10 a.m. One of the destroyers, Aylwin, got underway with only four officers aboard, all ensigns, none with more than a year's sea duty; she operated at sea for 36 hours before her commanding officer managed to get back aboard. Captain Mervyn Bennion, commanding West Virginia, led his men until he was cut down by fragments from a bomb which hit Tennessee, moored alongside."
MISC,0.9993814,Hawaiian,621,629,Attack on Pearl Harbor,47,"In the first-wave attack, about eight of the forty-nine 800‑kg (1760 lb) armor-piercing bombs dropped hit their intended battleship targets. At least two of those bombs broke up on impact, another detonated before penetrating an unarmored deck, and one was a dud. Thirteen of the forty torpedoes hit battleships, while four hit other ships. Men aboard the ships awoke to the sounds of alarms, bombs exploding, and gunfire, prompting them to dress as they ran to General Quarters stations. (The famous message ""Air raid Pearl Harbor. This is not drill."" was sent from the headquarters of Patrol Wing Two, the first senior Hawaiian command to respond.) American servicemen were caught unprepared by the attack. Ammunition lockers were locked, aircraft parked wingtip to wingtip in the open to prevent sabotage, guns unmanned (none of the Navy's 5""/38s, only a quarter of its machine guns, and only four of 31 Army batteries got in action). Despite this low alert status, many American military personnel responded effectively during the attack. Ensign Joseph Taussig Jr., aboard Nevada, commanded the ship's antiaircraft guns and was severely wounded but remained at his post. Lieutenant Commander F. J. Thomas commanded Nevada in the captain's absence and got her underway until the ship was grounded at 9:10 a.m. One of the destroyers, Aylwin, got underway with only four officers aboard, all ensigns, none with more than a year's sea duty; she operated at sea for 36 hours before her commanding officer managed to get back aboard. Captain Mervyn Bennion, commanding West Virginia, led his men until he was cut down by fragments from a bomb which hit Tennessee, moored alongside."
MISC,0.99977416,American,651,659,Attack on Pearl Harbor,47,"In the first-wave attack, about eight of the forty-nine 800‑kg (1760 lb) armor-piercing bombs dropped hit their intended battleship targets. At least two of those bombs broke up on impact, another detonated before penetrating an unarmored deck, and one was a dud. Thirteen of the forty torpedoes hit battleships, while four hit other ships. Men aboard the ships awoke to the sounds of alarms, bombs exploding, and gunfire, prompting them to dress as they ran to General Quarters stations. (The famous message ""Air raid Pearl Harbor. This is not drill."" was sent from the headquarters of Patrol Wing Two, the first senior Hawaiian command to respond.) American servicemen were caught unprepared by the attack. Ammunition lockers were locked, aircraft parked wingtip to wingtip in the open to prevent sabotage, guns unmanned (none of the Navy's 5""/38s, only a quarter of its machine guns, and only four of 31 Army batteries got in action). Despite this low alert status, many American military personnel responded effectively during the attack. Ensign Joseph Taussig Jr., aboard Nevada, commanded the ship's antiaircraft guns and was severely wounded but remained at his post. Lieutenant Commander F. J. Thomas commanded Nevada in the captain's absence and got her underway until the ship was grounded at 9:10 a.m. One of the destroyers, Aylwin, got underway with only four officers aboard, all ensigns, none with more than a year's sea duty; she operated at sea for 36 hours before her commanding officer managed to get back aboard. Captain Mervyn Bennion, commanding West Virginia, led his men until he was cut down by fragments from a bomb which hit Tennessee, moored alongside."
ORG,0.9931485,Navy,836,840,Attack on Pearl Harbor,47,"In the first-wave attack, about eight of the forty-nine 800‑kg (1760 lb) armor-piercing bombs dropped hit their intended battleship targets. At least two of those bombs broke up on impact, another detonated before penetrating an unarmored deck, and one was a dud. Thirteen of the forty torpedoes hit battleships, while four hit other ships. Men aboard the ships awoke to the sounds of alarms, bombs exploding, and gunfire, prompting them to dress as they ran to General Quarters stations. (The famous message ""Air raid Pearl Harbor. This is not drill."" was sent from the headquarters of Patrol Wing Two, the first senior Hawaiian command to respond.) American servicemen were caught unprepared by the attack. Ammunition lockers were locked, aircraft parked wingtip to wingtip in the open to prevent sabotage, guns unmanned (none of the Navy's 5""/38s, only a quarter of its machine guns, and only four of 31 Army batteries got in action). Despite this low alert status, many American military personnel responded effectively during the attack. Ensign Joseph Taussig Jr., aboard Nevada, commanded the ship's antiaircraft guns and was severely wounded but remained at his post. Lieutenant Commander F. J. Thomas commanded Nevada in the captain's absence and got her underway until the ship was grounded at 9:10 a.m. One of the destroyers, Aylwin, got underway with only four officers aboard, all ensigns, none with more than a year's sea duty; she operated at sea for 36 hours before her commanding officer managed to get back aboard. Captain Mervyn Bennion, commanding West Virginia, led his men until he was cut down by fragments from a bomb which hit Tennessee, moored alongside."
ORG,0.8792862,Army,907,911,Attack on Pearl Harbor,47,"In the first-wave attack, about eight of the forty-nine 800‑kg (1760 lb) armor-piercing bombs dropped hit their intended battleship targets. At least two of those bombs broke up on impact, another detonated before penetrating an unarmored deck, and one was a dud. Thirteen of the forty torpedoes hit battleships, while four hit other ships. Men aboard the ships awoke to the sounds of alarms, bombs exploding, and gunfire, prompting them to dress as they ran to General Quarters stations. (The famous message ""Air raid Pearl Harbor. This is not drill."" was sent from the headquarters of Patrol Wing Two, the first senior Hawaiian command to respond.) American servicemen were caught unprepared by the attack. Ammunition lockers were locked, aircraft parked wingtip to wingtip in the open to prevent sabotage, guns unmanned (none of the Navy's 5""/38s, only a quarter of its machine guns, and only four of 31 Army batteries got in action). Despite this low alert status, many American military personnel responded effectively during the attack. Ensign Joseph Taussig Jr., aboard Nevada, commanded the ship's antiaircraft guns and was severely wounded but remained at his post. Lieutenant Commander F. J. Thomas commanded Nevada in the captain's absence and got her underway until the ship was grounded at 9:10 a.m. One of the destroyers, Aylwin, got underway with only four officers aboard, all ensigns, none with more than a year's sea duty; she operated at sea for 36 hours before her commanding officer managed to get back aboard. Captain Mervyn Bennion, commanding West Virginia, led his men until he was cut down by fragments from a bomb which hit Tennessee, moored alongside."
MISC,0.9997359,American,974,982,Attack on Pearl Harbor,47,"In the first-wave attack, about eight of the forty-nine 800‑kg (1760 lb) armor-piercing bombs dropped hit their intended battleship targets. At least two of those bombs broke up on impact, another detonated before penetrating an unarmored deck, and one was a dud. Thirteen of the forty torpedoes hit battleships, while four hit other ships. Men aboard the ships awoke to the sounds of alarms, bombs exploding, and gunfire, prompting them to dress as they ran to General Quarters stations. (The famous message ""Air raid Pearl Harbor. This is not drill."" was sent from the headquarters of Patrol Wing Two, the first senior Hawaiian command to respond.) American servicemen were caught unprepared by the attack. Ammunition lockers were locked, aircraft parked wingtip to wingtip in the open to prevent sabotage, guns unmanned (none of the Navy's 5""/38s, only a quarter of its machine guns, and only four of 31 Army batteries got in action). Despite this low alert status, many American military personnel responded effectively during the attack. Ensign Joseph Taussig Jr., aboard Nevada, commanded the ship's antiaircraft guns and was severely wounded but remained at his post. Lieutenant Commander F. J. Thomas commanded Nevada in the captain's absence and got her underway until the ship was grounded at 9:10 a.m. One of the destroyers, Aylwin, got underway with only four officers aboard, all ensigns, none with more than a year's sea duty; she operated at sea for 36 hours before her commanding officer managed to get back aboard. Captain Mervyn Bennion, commanding West Virginia, led his men until he was cut down by fragments from a bomb which hit Tennessee, moored alongside."
PER,0.9815521,Joseph Taussig Jr,1050,1067,Attack on Pearl Harbor,47,"In the first-wave attack, about eight of the forty-nine 800‑kg (1760 lb) armor-piercing bombs dropped hit their intended battleship targets. At least two of those bombs broke up on impact, another detonated before penetrating an unarmored deck, and one was a dud. Thirteen of the forty torpedoes hit battleships, while four hit other ships. Men aboard the ships awoke to the sounds of alarms, bombs exploding, and gunfire, prompting them to dress as they ran to General Quarters stations. (The famous message ""Air raid Pearl Harbor. This is not drill."" was sent from the headquarters of Patrol Wing Two, the first senior Hawaiian command to respond.) American servicemen were caught unprepared by the attack. Ammunition lockers were locked, aircraft parked wingtip to wingtip in the open to prevent sabotage, guns unmanned (none of the Navy's 5""/38s, only a quarter of its machine guns, and only four of 31 Army batteries got in action). Despite this low alert status, many American military personnel responded effectively during the attack. Ensign Joseph Taussig Jr., aboard Nevada, commanded the ship's antiaircraft guns and was severely wounded but remained at his post. Lieutenant Commander F. J. Thomas commanded Nevada in the captain's absence and got her underway until the ship was grounded at 9:10 a.m. One of the destroyers, Aylwin, got underway with only four officers aboard, all ensigns, none with more than a year's sea duty; she operated at sea for 36 hours before her commanding officer managed to get back aboard. Captain Mervyn Bennion, commanding West Virginia, led his men until he was cut down by fragments from a bomb which hit Tennessee, moored alongside."
LOC,0.52291614,Nevada,1077,1083,Attack on Pearl Harbor,47,"In the first-wave attack, about eight of the forty-nine 800‑kg (1760 lb) armor-piercing bombs dropped hit their intended battleship targets. At least two of those bombs broke up on impact, another detonated before penetrating an unarmored deck, and one was a dud. Thirteen of the forty torpedoes hit battleships, while four hit other ships. Men aboard the ships awoke to the sounds of alarms, bombs exploding, and gunfire, prompting them to dress as they ran to General Quarters stations. (The famous message ""Air raid Pearl Harbor. This is not drill."" was sent from the headquarters of Patrol Wing Two, the first senior Hawaiian command to respond.) American servicemen were caught unprepared by the attack. Ammunition lockers were locked, aircraft parked wingtip to wingtip in the open to prevent sabotage, guns unmanned (none of the Navy's 5""/38s, only a quarter of its machine guns, and only four of 31 Army batteries got in action). Despite this low alert status, many American military personnel responded effectively during the attack. Ensign Joseph Taussig Jr., aboard Nevada, commanded the ship's antiaircraft guns and was severely wounded but remained at his post. Lieutenant Commander F. J. Thomas commanded Nevada in the captain's absence and got her underway until the ship was grounded at 9:10 a.m. One of the destroyers, Aylwin, got underway with only four officers aboard, all ensigns, none with more than a year's sea duty; she operated at sea for 36 hours before her commanding officer managed to get back aboard. Captain Mervyn Bennion, commanding West Virginia, led his men until he was cut down by fragments from a bomb which hit Tennessee, moored alongside."
PER,0.99875355,F,1196,1197,Attack on Pearl Harbor,47,"In the first-wave attack, about eight of the forty-nine 800‑kg (1760 lb) armor-piercing bombs dropped hit their intended battleship targets. At least two of those bombs broke up on impact, another detonated before penetrating an unarmored deck, and one was a dud. Thirteen of the forty torpedoes hit battleships, while four hit other ships. Men aboard the ships awoke to the sounds of alarms, bombs exploding, and gunfire, prompting them to dress as they ran to General Quarters stations. (The famous message ""Air raid Pearl Harbor. This is not drill."" was sent from the headquarters of Patrol Wing Two, the first senior Hawaiian command to respond.) American servicemen were caught unprepared by the attack. Ammunition lockers were locked, aircraft parked wingtip to wingtip in the open to prevent sabotage, guns unmanned (none of the Navy's 5""/38s, only a quarter of its machine guns, and only four of 31 Army batteries got in action). Despite this low alert status, many American military personnel responded effectively during the attack. Ensign Joseph Taussig Jr., aboard Nevada, commanded the ship's antiaircraft guns and was severely wounded but remained at his post. Lieutenant Commander F. J. Thomas commanded Nevada in the captain's absence and got her underway until the ship was grounded at 9:10 a.m. One of the destroyers, Aylwin, got underway with only four officers aboard, all ensigns, none with more than a year's sea duty; she operated at sea for 36 hours before her commanding officer managed to get back aboard. Captain Mervyn Bennion, commanding West Virginia, led his men until he was cut down by fragments from a bomb which hit Tennessee, moored alongside."
PER,0.7759883,. J. Thomas,1197,1208,Attack on Pearl Harbor,47,"In the first-wave attack, about eight of the forty-nine 800‑kg (1760 lb) armor-piercing bombs dropped hit their intended battleship targets. At least two of those bombs broke up on impact, another detonated before penetrating an unarmored deck, and one was a dud. Thirteen of the forty torpedoes hit battleships, while four hit other ships. Men aboard the ships awoke to the sounds of alarms, bombs exploding, and gunfire, prompting them to dress as they ran to General Quarters stations. (The famous message ""Air raid Pearl Harbor. This is not drill."" was sent from the headquarters of Patrol Wing Two, the first senior Hawaiian command to respond.) American servicemen were caught unprepared by the attack. Ammunition lockers were locked, aircraft parked wingtip to wingtip in the open to prevent sabotage, guns unmanned (none of the Navy's 5""/38s, only a quarter of its machine guns, and only four of 31 Army batteries got in action). Despite this low alert status, many American military personnel responded effectively during the attack. Ensign Joseph Taussig Jr., aboard Nevada, commanded the ship's antiaircraft guns and was severely wounded but remained at his post. Lieutenant Commander F. J. Thomas commanded Nevada in the captain's absence and got her underway until the ship was grounded at 9:10 a.m. One of the destroyers, Aylwin, got underway with only four officers aboard, all ensigns, none with more than a year's sea duty; she operated at sea for 36 hours before her commanding officer managed to get back aboard. Captain Mervyn Bennion, commanding West Virginia, led his men until he was cut down by fragments from a bomb which hit Tennessee, moored alongside."
LOC,0.5186954,Nevada,1219,1225,Attack on Pearl Harbor,47,"In the first-wave attack, about eight of the forty-nine 800‑kg (1760 lb) armor-piercing bombs dropped hit their intended battleship targets. At least two of those bombs broke up on impact, another detonated before penetrating an unarmored deck, and one was a dud. Thirteen of the forty torpedoes hit battleships, while four hit other ships. Men aboard the ships awoke to the sounds of alarms, bombs exploding, and gunfire, prompting them to dress as they ran to General Quarters stations. (The famous message ""Air raid Pearl Harbor. This is not drill."" was sent from the headquarters of Patrol Wing Two, the first senior Hawaiian command to respond.) American servicemen were caught unprepared by the attack. Ammunition lockers were locked, aircraft parked wingtip to wingtip in the open to prevent sabotage, guns unmanned (none of the Navy's 5""/38s, only a quarter of its machine guns, and only four of 31 Army batteries got in action). Despite this low alert status, many American military personnel responded effectively during the attack. Ensign Joseph Taussig Jr., aboard Nevada, commanded the ship's antiaircraft guns and was severely wounded but remained at his post. Lieutenant Commander F. J. Thomas commanded Nevada in the captain's absence and got her underway until the ship was grounded at 9:10 a.m. One of the destroyers, Aylwin, got underway with only four officers aboard, all ensigns, none with more than a year's sea duty; she operated at sea for 36 hours before her commanding officer managed to get back aboard. Captain Mervyn Bennion, commanding West Virginia, led his men until he was cut down by fragments from a bomb which hit Tennessee, moored alongside."
PER,0.8153182,Mervyn Bennion,1540,1554,Attack on Pearl Harbor,47,"In the first-wave attack, about eight of the forty-nine 800‑kg (1760 lb) armor-piercing bombs dropped hit their intended battleship targets. At least two of those bombs broke up on impact, another detonated before penetrating an unarmored deck, and one was a dud. Thirteen of the forty torpedoes hit battleships, while four hit other ships. Men aboard the ships awoke to the sounds of alarms, bombs exploding, and gunfire, prompting them to dress as they ran to General Quarters stations. (The famous message ""Air raid Pearl Harbor. This is not drill."" was sent from the headquarters of Patrol Wing Two, the first senior Hawaiian command to respond.) American servicemen were caught unprepared by the attack. Ammunition lockers were locked, aircraft parked wingtip to wingtip in the open to prevent sabotage, guns unmanned (none of the Navy's 5""/38s, only a quarter of its machine guns, and only four of 31 Army batteries got in action). Despite this low alert status, many American military personnel responded effectively during the attack. Ensign Joseph Taussig Jr., aboard Nevada, commanded the ship's antiaircraft guns and was severely wounded but remained at his post. Lieutenant Commander F. J. Thomas commanded Nevada in the captain's absence and got her underway until the ship was grounded at 9:10 a.m. One of the destroyers, Aylwin, got underway with only four officers aboard, all ensigns, none with more than a year's sea duty; she operated at sea for 36 hours before her commanding officer managed to get back aboard. Captain Mervyn Bennion, commanding West Virginia, led his men until he was cut down by fragments from a bomb which hit Tennessee, moored alongside."
LOC,0.9980948,West Virginia,1567,1580,Attack on Pearl Harbor,47,"In the first-wave attack, about eight of the forty-nine 800‑kg (1760 lb) armor-piercing bombs dropped hit their intended battleship targets. At least two of those bombs broke up on impact, another detonated before penetrating an unarmored deck, and one was a dud. Thirteen of the forty torpedoes hit battleships, while four hit other ships. Men aboard the ships awoke to the sounds of alarms, bombs exploding, and gunfire, prompting them to dress as they ran to General Quarters stations. (The famous message ""Air raid Pearl Harbor. This is not drill."" was sent from the headquarters of Patrol Wing Two, the first senior Hawaiian command to respond.) American servicemen were caught unprepared by the attack. Ammunition lockers were locked, aircraft parked wingtip to wingtip in the open to prevent sabotage, guns unmanned (none of the Navy's 5""/38s, only a quarter of its machine guns, and only four of 31 Army batteries got in action). Despite this low alert status, many American military personnel responded effectively during the attack. Ensign Joseph Taussig Jr., aboard Nevada, commanded the ship's antiaircraft guns and was severely wounded but remained at his post. Lieutenant Commander F. J. Thomas commanded Nevada in the captain's absence and got her underway until the ship was grounded at 9:10 a.m. One of the destroyers, Aylwin, got underway with only four officers aboard, all ensigns, none with more than a year's sea duty; she operated at sea for 36 hours before her commanding officer managed to get back aboard. Captain Mervyn Bennion, commanding West Virginia, led his men until he was cut down by fragments from a bomb which hit Tennessee, moored alongside."
LOC,0.9690661,Tennessee,1651,1660,Attack on Pearl Harbor,47,"In the first-wave attack, about eight of the forty-nine 800‑kg (1760 lb) armor-piercing bombs dropped hit their intended battleship targets. At least two of those bombs broke up on impact, another detonated before penetrating an unarmored deck, and one was a dud. Thirteen of the forty torpedoes hit battleships, while four hit other ships. Men aboard the ships awoke to the sounds of alarms, bombs exploding, and gunfire, prompting them to dress as they ran to General Quarters stations. (The famous message ""Air raid Pearl Harbor. This is not drill."" was sent from the headquarters of Patrol Wing Two, the first senior Hawaiian command to respond.) American servicemen were caught unprepared by the attack. Ammunition lockers were locked, aircraft parked wingtip to wingtip in the open to prevent sabotage, guns unmanned (none of the Navy's 5""/38s, only a quarter of its machine guns, and only four of 31 Army batteries got in action). Despite this low alert status, many American military personnel responded effectively during the attack. Ensign Joseph Taussig Jr., aboard Nevada, commanded the ship's antiaircraft guns and was severely wounded but remained at his post. Lieutenant Commander F. J. Thomas commanded Nevada in the captain's absence and got her underway until the ship was grounded at 9:10 a.m. One of the destroyers, Aylwin, got underway with only four officers aboard, all ensigns, none with more than a year's sea duty; she operated at sea for 36 hours before her commanding officer managed to get back aboard. Captain Mervyn Bennion, commanding West Virginia, led his men until he was cut down by fragments from a bomb which hit Tennessee, moored alongside."
PER,0.74009526,Shigekazu Shimazaki,114,133,Attack on Pearl Harbor,48,"The second planned wave consisted of 171 planes: 54 B5Ns, 81 D3As, and 36 A6Ms, commanded by Lieutenant-Commander Shigekazu Shimazaki. Four planes failed to launch because of technical difficulties. This wave and its targets also comprised three groups of planes:"
MISC,0.44614768,B5Ns,15,19,Attack on Pearl Harbor,49,1st Group – 54 B5Ns armed with 550 lb (249 kg) and 132 lb (60 kg) general-purpose bombs
LOC,0.6538474,Kaneohe,34,41,Attack on Pearl Harbor,50,"27 B5Ns – aircraft and hangars on Kaneohe, Ford Island, and Barbers Point"
LOC,0.9964205,Ford Island,43,54,Attack on Pearl Harbor,50,"27 B5Ns – aircraft and hangars on Kaneohe, Ford Island, and Barbers Point"
LOC,0.7487686,Barbers Point,60,73,Attack on Pearl Harbor,50,"27 B5Ns – aircraft and hangars on Kaneohe, Ford Island, and Barbers Point"
LOC,0.8109421,Hickam Field,34,46,Attack on Pearl Harbor,51,27 B5Ns – hangars and aircraft on Hickam Field
MISC,0.41028973,D3As,3,7,Attack on Pearl Harbor,53,"78 D3As armed with 550 lb (249 kg) general-purpose bombs, in four sections (3 aborted)"
ORG,0.65948033,3rd,0,3,Attack on Pearl Harbor,54,"3rd Group – (targets: aircraft at Ford Island, Hickam Field, Wheeler Field, Barber's Point, Kaneohe)"
LOC,0.9982546,Ford Island,34,45,Attack on Pearl Harbor,54,"3rd Group – (targets: aircraft at Ford Island, Hickam Field, Wheeler Field, Barber's Point, Kaneohe)"
LOC,0.8140856,Hickam Field,47,59,Attack on Pearl Harbor,54,"3rd Group – (targets: aircraft at Ford Island, Hickam Field, Wheeler Field, Barber's Point, Kaneohe)"
LOC,0.9924928,Wheeler Field,61,74,Attack on Pearl Harbor,54,"3rd Group – (targets: aircraft at Ford Island, Hickam Field, Wheeler Field, Barber's Point, Kaneohe)"
LOC,0.9945624,Barber ' s Point,76,90,Attack on Pearl Harbor,54,"3rd Group – (targets: aircraft at Ford Island, Hickam Field, Wheeler Field, Barber's Point, Kaneohe)"
LOC,0.6612146,Kaneohe,92,99,Attack on Pearl Harbor,54,"3rd Group – (targets: aircraft at Ford Island, Hickam Field, Wheeler Field, Barber's Point, Kaneohe)"
LOC,0.72005534,Kāneʻohe,72,80,Attack on Pearl Harbor,56,"The second wave was divided into three groups. One was tasked to attack Kāneʻohe, the rest Pearl Harbor proper. The separate sections arrived at the attack point almost simultaneously from several directions."
LOC,0.9992622,Pearl Harbor,91,103,Attack on Pearl Harbor,56,"The second wave was divided into three groups. One was tasked to attack Kāneʻohe, the rest Pearl Harbor proper. The separate sections arrived at the attack point almost simultaneously from several directions."
ORG,0.98257095,Army,148,152,Attack on Pearl Harbor,57,"Ninety minutes after it began, the attack was over. 2,008 sailors were killed and 710 others wounded; 218 soldiers and airmen (who were part of the Army before the independent United States Air Force in 1947) were killed and 364 wounded; 109 Marines were killed and 69 wounded; and 68 civilians were killed and 35 wounded. In total, 2,403 Americans were killed, and 1,178 were wounded. Eighteen ships were sunk or run aground, including five battleships. All of the Americans killed or wounded during the attack were legally non-combatants, given that there was no state of war when the attack occurred."
ORG,0.9943396,United States Air Force,176,199,Attack on Pearl Harbor,57,"Ninety minutes after it began, the attack was over. 2,008 sailors were killed and 710 others wounded; 218 soldiers and airmen (who were part of the Army before the independent United States Air Force in 1947) were killed and 364 wounded; 109 Marines were killed and 69 wounded; and 68 civilians were killed and 35 wounded. In total, 2,403 Americans were killed, and 1,178 were wounded. Eighteen ships were sunk or run aground, including five battleships. All of the Americans killed or wounded during the attack were legally non-combatants, given that there was no state of war when the attack occurred."
MISC,0.95758444,Marines,242,249,Attack on Pearl Harbor,57,"Ninety minutes after it began, the attack was over. 2,008 sailors were killed and 710 others wounded; 218 soldiers and airmen (who were part of the Army before the independent United States Air Force in 1947) were killed and 364 wounded; 109 Marines were killed and 69 wounded; and 68 civilians were killed and 35 wounded. In total, 2,403 Americans were killed, and 1,178 were wounded. Eighteen ships were sunk or run aground, including five battleships. All of the Americans killed or wounded during the attack were legally non-combatants, given that there was no state of war when the attack occurred."
MISC,0.99963284,Americans,339,348,Attack on Pearl Harbor,57,"Ninety minutes after it began, the attack was over. 2,008 sailors were killed and 710 others wounded; 218 soldiers and airmen (who were part of the Army before the independent United States Air Force in 1947) were killed and 364 wounded; 109 Marines were killed and 69 wounded; and 68 civilians were killed and 35 wounded. In total, 2,403 Americans were killed, and 1,178 were wounded. Eighteen ships were sunk or run aground, including five battleships. All of the Americans killed or wounded during the attack were legally non-combatants, given that there was no state of war when the attack occurred."
MISC,0.999688,Americans,466,475,Attack on Pearl Harbor,57,"Ninety minutes after it began, the attack was over. 2,008 sailors were killed and 710 others wounded; 218 soldiers and airmen (who were part of the Army before the independent United States Air Force in 1947) were killed and 364 wounded; 109 Marines were killed and 69 wounded; and 68 civilians were killed and 35 wounded. In total, 2,403 Americans were killed, and 1,178 were wounded. Eighteen ships were sunk or run aground, including five battleships. All of the Americans killed or wounded during the attack were legally non-combatants, given that there was no state of war when the attack occurred."
MISC,0.999772,American,7,15,Attack on Pearl Harbor,58,"Of the American fatalities, nearly half were due to the explosion of Arizona's forward magazine after she was hit by a modified 16-inch (410 mm) shell. Author Craig Nelson wrote that the vast majority of the US sailors killed at Pearl Harbor were junior enlisted personnel. ""The officers of the Navy all lived in houses and the junior people were the ones on the boats, so pretty much all of the people who died in the direct line of the attack were very junior people"", Nelson said. ""So everyone is about 17 or 18 whose story is told there."""
LOC,0.99924326,Arizona,69,76,Attack on Pearl Harbor,58,"Of the American fatalities, nearly half were due to the explosion of Arizona's forward magazine after she was hit by a modified 16-inch (410 mm) shell. Author Craig Nelson wrote that the vast majority of the US sailors killed at Pearl Harbor were junior enlisted personnel. ""The officers of the Navy all lived in houses and the junior people were the ones on the boats, so pretty much all of the people who died in the direct line of the attack were very junior people"", Nelson said. ""So everyone is about 17 or 18 whose story is told there."""
PER,0.99970496,Craig Nelson,159,171,Attack on Pearl Harbor,58,"Of the American fatalities, nearly half were due to the explosion of Arizona's forward magazine after she was hit by a modified 16-inch (410 mm) shell. Author Craig Nelson wrote that the vast majority of the US sailors killed at Pearl Harbor were junior enlisted personnel. ""The officers of the Navy all lived in houses and the junior people were the ones on the boats, so pretty much all of the people who died in the direct line of the attack were very junior people"", Nelson said. ""So everyone is about 17 or 18 whose story is told there."""
LOC,0.9802843,US,208,210,Attack on Pearl Harbor,58,"Of the American fatalities, nearly half were due to the explosion of Arizona's forward magazine after she was hit by a modified 16-inch (410 mm) shell. Author Craig Nelson wrote that the vast majority of the US sailors killed at Pearl Harbor were junior enlisted personnel. ""The officers of the Navy all lived in houses and the junior people were the ones on the boats, so pretty much all of the people who died in the direct line of the attack were very junior people"", Nelson said. ""So everyone is about 17 or 18 whose story is told there."""
LOC,0.99951196,Pearl Harbor,229,241,Attack on Pearl Harbor,58,"Of the American fatalities, nearly half were due to the explosion of Arizona's forward magazine after she was hit by a modified 16-inch (410 mm) shell. Author Craig Nelson wrote that the vast majority of the US sailors killed at Pearl Harbor were junior enlisted personnel. ""The officers of the Navy all lived in houses and the junior people were the ones on the boats, so pretty much all of the people who died in the direct line of the attack were very junior people"", Nelson said. ""So everyone is about 17 or 18 whose story is told there."""
ORG,0.99749774,Navy,295,299,Attack on Pearl Harbor,58,"Of the American fatalities, nearly half were due to the explosion of Arizona's forward magazine after she was hit by a modified 16-inch (410 mm) shell. Author Craig Nelson wrote that the vast majority of the US sailors killed at Pearl Harbor were junior enlisted personnel. ""The officers of the Navy all lived in houses and the junior people were the ones on the boats, so pretty much all of the people who died in the direct line of the attack were very junior people"", Nelson said. ""So everyone is about 17 or 18 whose story is told there."""
PER,0.99923444,Nelson,471,477,Attack on Pearl Harbor,58,"Of the American fatalities, nearly half were due to the explosion of Arizona's forward magazine after she was hit by a modified 16-inch (410 mm) shell. Author Craig Nelson wrote that the vast majority of the US sailors killed at Pearl Harbor were junior enlisted personnel. ""The officers of the Navy all lived in houses and the junior people were the ones on the boats, so pretty much all of the people who died in the direct line of the attack were very junior people"", Nelson said. ""So everyone is about 17 or 18 whose story is told there."""
ORG,0.9986167,Honolulu Fire Department,48,72,Attack on Pearl Harbor,59,"Among the notable civilian casualties were nine Honolulu Fire Department firefighters who responded to Hickam Field during the bombing in Honolulu, becoming the only fire department members on American soil to be attacked by a foreign power in history. Fireman Harry Tuck Lee Pang of Engine 6 was killed near the hangars by machine-gun fire from a Japanese plane. Captains Thomas Macy and John Carreira of Engine 4 and Engine 1, respectively, died while battling flames inside the hangar after a Japanese bomb crashed through the roof. An additional six firefighters were wounded by Japanese shrapnel. The wounded later received Purple Hearts (originally reserved for service members wounded by enemy action while partaking in armed conflicts) for their peacetime actions that day on June 13, 1944; the three firefighters killed did not receive theirs until December 7, 1984, on the 43rd anniversary of the attack. This made the nine men the only non-military firefighters to receive such an award in American history."
LOC,0.7993337,Hickam Field,103,115,Attack on Pearl Harbor,59,"Among the notable civilian casualties were nine Honolulu Fire Department firefighters who responded to Hickam Field during the bombing in Honolulu, becoming the only fire department members on American soil to be attacked by a foreign power in history. Fireman Harry Tuck Lee Pang of Engine 6 was killed near the hangars by machine-gun fire from a Japanese plane. Captains Thomas Macy and John Carreira of Engine 4 and Engine 1, respectively, died while battling flames inside the hangar after a Japanese bomb crashed through the roof. An additional six firefighters were wounded by Japanese shrapnel. The wounded later received Purple Hearts (originally reserved for service members wounded by enemy action while partaking in armed conflicts) for their peacetime actions that day on June 13, 1944; the three firefighters killed did not receive theirs until December 7, 1984, on the 43rd anniversary of the attack. This made the nine men the only non-military firefighters to receive such an award in American history."
LOC,0.99927396,Honolulu,138,146,Attack on Pearl Harbor,59,"Among the notable civilian casualties were nine Honolulu Fire Department firefighters who responded to Hickam Field during the bombing in Honolulu, becoming the only fire department members on American soil to be attacked by a foreign power in history. Fireman Harry Tuck Lee Pang of Engine 6 was killed near the hangars by machine-gun fire from a Japanese plane. Captains Thomas Macy and John Carreira of Engine 4 and Engine 1, respectively, died while battling flames inside the hangar after a Japanese bomb crashed through the roof. An additional six firefighters were wounded by Japanese shrapnel. The wounded later received Purple Hearts (originally reserved for service members wounded by enemy action while partaking in armed conflicts) for their peacetime actions that day on June 13, 1944; the three firefighters killed did not receive theirs until December 7, 1984, on the 43rd anniversary of the attack. This made the nine men the only non-military firefighters to receive such an award in American history."
MISC,0.9997696,American,193,201,Attack on Pearl Harbor,59,"Among the notable civilian casualties were nine Honolulu Fire Department firefighters who responded to Hickam Field during the bombing in Honolulu, becoming the only fire department members on American soil to be attacked by a foreign power in history. Fireman Harry Tuck Lee Pang of Engine 6 was killed near the hangars by machine-gun fire from a Japanese plane. Captains Thomas Macy and John Carreira of Engine 4 and Engine 1, respectively, died while battling flames inside the hangar after a Japanese bomb crashed through the roof. An additional six firefighters were wounded by Japanese shrapnel. The wounded later received Purple Hearts (originally reserved for service members wounded by enemy action while partaking in armed conflicts) for their peacetime actions that day on June 13, 1944; the three firefighters killed did not receive theirs until December 7, 1984, on the 43rd anniversary of the attack. This made the nine men the only non-military firefighters to receive such an award in American history."
PER,0.9965024,Harry Tuck Lee Pang,261,280,Attack on Pearl Harbor,59,"Among the notable civilian casualties were nine Honolulu Fire Department firefighters who responded to Hickam Field during the bombing in Honolulu, becoming the only fire department members on American soil to be attacked by a foreign power in history. Fireman Harry Tuck Lee Pang of Engine 6 was killed near the hangars by machine-gun fire from a Japanese plane. Captains Thomas Macy and John Carreira of Engine 4 and Engine 1, respectively, died while battling flames inside the hangar after a Japanese bomb crashed through the roof. An additional six firefighters were wounded by Japanese shrapnel. The wounded later received Purple Hearts (originally reserved for service members wounded by enemy action while partaking in armed conflicts) for their peacetime actions that day on June 13, 1944; the three firefighters killed did not receive theirs until December 7, 1984, on the 43rd anniversary of the attack. This made the nine men the only non-military firefighters to receive such an award in American history."
MISC,0.99975544,Japanese,348,356,Attack on Pearl Harbor,59,"Among the notable civilian casualties were nine Honolulu Fire Department firefighters who responded to Hickam Field during the bombing in Honolulu, becoming the only fire department members on American soil to be attacked by a foreign power in history. Fireman Harry Tuck Lee Pang of Engine 6 was killed near the hangars by machine-gun fire from a Japanese plane. Captains Thomas Macy and John Carreira of Engine 4 and Engine 1, respectively, died while battling flames inside the hangar after a Japanese bomb crashed through the roof. An additional six firefighters were wounded by Japanese shrapnel. The wounded later received Purple Hearts (originally reserved for service members wounded by enemy action while partaking in armed conflicts) for their peacetime actions that day on June 13, 1944; the three firefighters killed did not receive theirs until December 7, 1984, on the 43rd anniversary of the attack. This made the nine men the only non-military firefighters to receive such an award in American history."
PER,0.999701,Thomas Macy,373,384,Attack on Pearl Harbor,59,"Among the notable civilian casualties were nine Honolulu Fire Department firefighters who responded to Hickam Field during the bombing in Honolulu, becoming the only fire department members on American soil to be attacked by a foreign power in history. Fireman Harry Tuck Lee Pang of Engine 6 was killed near the hangars by machine-gun fire from a Japanese plane. Captains Thomas Macy and John Carreira of Engine 4 and Engine 1, respectively, died while battling flames inside the hangar after a Japanese bomb crashed through the roof. An additional six firefighters were wounded by Japanese shrapnel. The wounded later received Purple Hearts (originally reserved for service members wounded by enemy action while partaking in armed conflicts) for their peacetime actions that day on June 13, 1944; the three firefighters killed did not receive theirs until December 7, 1984, on the 43rd anniversary of the attack. This made the nine men the only non-military firefighters to receive such an award in American history."
PER,0.99959517,John Carreira,389,402,Attack on Pearl Harbor,59,"Among the notable civilian casualties were nine Honolulu Fire Department firefighters who responded to Hickam Field during the bombing in Honolulu, becoming the only fire department members on American soil to be attacked by a foreign power in history. Fireman Harry Tuck Lee Pang of Engine 6 was killed near the hangars by machine-gun fire from a Japanese plane. Captains Thomas Macy and John Carreira of Engine 4 and Engine 1, respectively, died while battling flames inside the hangar after a Japanese bomb crashed through the roof. An additional six firefighters were wounded by Japanese shrapnel. The wounded later received Purple Hearts (originally reserved for service members wounded by enemy action while partaking in armed conflicts) for their peacetime actions that day on June 13, 1944; the three firefighters killed did not receive theirs until December 7, 1984, on the 43rd anniversary of the attack. This made the nine men the only non-military firefighters to receive such an award in American history."
MISC,0.9997421,Japanese,496,504,Attack on Pearl Harbor,59,"Among the notable civilian casualties were nine Honolulu Fire Department firefighters who responded to Hickam Field during the bombing in Honolulu, becoming the only fire department members on American soil to be attacked by a foreign power in history. Fireman Harry Tuck Lee Pang of Engine 6 was killed near the hangars by machine-gun fire from a Japanese plane. Captains Thomas Macy and John Carreira of Engine 4 and Engine 1, respectively, died while battling flames inside the hangar after a Japanese bomb crashed through the roof. An additional six firefighters were wounded by Japanese shrapnel. The wounded later received Purple Hearts (originally reserved for service members wounded by enemy action while partaking in armed conflicts) for their peacetime actions that day on June 13, 1944; the three firefighters killed did not receive theirs until December 7, 1984, on the 43rd anniversary of the attack. This made the nine men the only non-military firefighters to receive such an award in American history."
MISC,0.999741,Japanese,583,591,Attack on Pearl Harbor,59,"Among the notable civilian casualties were nine Honolulu Fire Department firefighters who responded to Hickam Field during the bombing in Honolulu, becoming the only fire department members on American soil to be attacked by a foreign power in history. Fireman Harry Tuck Lee Pang of Engine 6 was killed near the hangars by machine-gun fire from a Japanese plane. Captains Thomas Macy and John Carreira of Engine 4 and Engine 1, respectively, died while battling flames inside the hangar after a Japanese bomb crashed through the roof. An additional six firefighters were wounded by Japanese shrapnel. The wounded later received Purple Hearts (originally reserved for service members wounded by enemy action while partaking in armed conflicts) for their peacetime actions that day on June 13, 1944; the three firefighters killed did not receive theirs until December 7, 1984, on the 43rd anniversary of the attack. This made the nine men the only non-military firefighters to receive such an award in American history."
MISC,0.99258107,Purple Hearts,629,642,Attack on Pearl Harbor,59,"Among the notable civilian casualties were nine Honolulu Fire Department firefighters who responded to Hickam Field during the bombing in Honolulu, becoming the only fire department members on American soil to be attacked by a foreign power in history. Fireman Harry Tuck Lee Pang of Engine 6 was killed near the hangars by machine-gun fire from a Japanese plane. Captains Thomas Macy and John Carreira of Engine 4 and Engine 1, respectively, died while battling flames inside the hangar after a Japanese bomb crashed through the roof. An additional six firefighters were wounded by Japanese shrapnel. The wounded later received Purple Hearts (originally reserved for service members wounded by enemy action while partaking in armed conflicts) for their peacetime actions that day on June 13, 1944; the three firefighters killed did not receive theirs until December 7, 1984, on the 43rd anniversary of the attack. This made the nine men the only non-military firefighters to receive such an award in American history."
MISC,0.9997242,American,1001,1009,Attack on Pearl Harbor,59,"Among the notable civilian casualties were nine Honolulu Fire Department firefighters who responded to Hickam Field during the bombing in Honolulu, becoming the only fire department members on American soil to be attacked by a foreign power in history. Fireman Harry Tuck Lee Pang of Engine 6 was killed near the hangars by machine-gun fire from a Japanese plane. Captains Thomas Macy and John Carreira of Engine 4 and Engine 1, respectively, died while battling flames inside the hangar after a Japanese bomb crashed through the roof. An additional six firefighters were wounded by Japanese shrapnel. The wounded later received Purple Hearts (originally reserved for service members wounded by enemy action while partaking in armed conflicts) for their peacetime actions that day on June 13, 1944; the three firefighters killed did not receive theirs until December 7, 1984, on the 43rd anniversary of the attack. This made the nine men the only non-military firefighters to receive such an award in American history."
LOC,0.9858499,Nevada,52,58,Attack on Pearl Harbor,60,"Already damaged by a torpedo and on fire amidships, Nevada attempted to exit the harbor. She was targeted by many Japanese bombers as she got underway and sustained more hits from 250 lb (113 kg) bombs, which started further fires. She was deliberately beached to avoid risking blocking the harbor entrance if she sank there. California was hit by two bombs and two torpedoes. The crew might have kept her afloat, but were ordered to abandon ship just as they were raising power for the pumps. Burning oil from Arizona and West Virginia was drifted down toward her and probably made the situation look worse than it was. The disarmed target ship Utah was holed twice by torpedoes. West Virginia was hit by seven torpedoes, the seventh tearing away her rudder. Oklahoma was hit by four torpedoes, the last two above her belt armor, which caused her to capsize. Maryland was hit by two of the converted 16"" shells, but neither caused serious damage."
MISC,0.9997068,Japanese,114,122,Attack on Pearl Harbor,60,"Already damaged by a torpedo and on fire amidships, Nevada attempted to exit the harbor. She was targeted by many Japanese bombers as she got underway and sustained more hits from 250 lb (113 kg) bombs, which started further fires. She was deliberately beached to avoid risking blocking the harbor entrance if she sank there. California was hit by two bombs and two torpedoes. The crew might have kept her afloat, but were ordered to abandon ship just as they were raising power for the pumps. Burning oil from Arizona and West Virginia was drifted down toward her and probably made the situation look worse than it was. The disarmed target ship Utah was holed twice by torpedoes. West Virginia was hit by seven torpedoes, the seventh tearing away her rudder. Oklahoma was hit by four torpedoes, the last two above her belt armor, which caused her to capsize. Maryland was hit by two of the converted 16"" shells, but neither caused serious damage."
LOC,0.9995134,California,326,336,Attack on Pearl Harbor,60,"Already damaged by a torpedo and on fire amidships, Nevada attempted to exit the harbor. She was targeted by many Japanese bombers as she got underway and sustained more hits from 250 lb (113 kg) bombs, which started further fires. She was deliberately beached to avoid risking blocking the harbor entrance if she sank there. California was hit by two bombs and two torpedoes. The crew might have kept her afloat, but were ordered to abandon ship just as they were raising power for the pumps. Burning oil from Arizona and West Virginia was drifted down toward her and probably made the situation look worse than it was. The disarmed target ship Utah was holed twice by torpedoes. West Virginia was hit by seven torpedoes, the seventh tearing away her rudder. Oklahoma was hit by four torpedoes, the last two above her belt armor, which caused her to capsize. Maryland was hit by two of the converted 16"" shells, but neither caused serious damage."
LOC,0.99874324,Arizona,511,518,Attack on Pearl Harbor,60,"Already damaged by a torpedo and on fire amidships, Nevada attempted to exit the harbor. She was targeted by many Japanese bombers as she got underway and sustained more hits from 250 lb (113 kg) bombs, which started further fires. She was deliberately beached to avoid risking blocking the harbor entrance if she sank there. California was hit by two bombs and two torpedoes. The crew might have kept her afloat, but were ordered to abandon ship just as they were raising power for the pumps. Burning oil from Arizona and West Virginia was drifted down toward her and probably made the situation look worse than it was. The disarmed target ship Utah was holed twice by torpedoes. West Virginia was hit by seven torpedoes, the seventh tearing away her rudder. Oklahoma was hit by four torpedoes, the last two above her belt armor, which caused her to capsize. Maryland was hit by two of the converted 16"" shells, but neither caused serious damage."
LOC,0.998979,West Virginia,523,536,Attack on Pearl Harbor,60,"Already damaged by a torpedo and on fire amidships, Nevada attempted to exit the harbor. She was targeted by many Japanese bombers as she got underway and sustained more hits from 250 lb (113 kg) bombs, which started further fires. She was deliberately beached to avoid risking blocking the harbor entrance if she sank there. California was hit by two bombs and two torpedoes. The crew might have kept her afloat, but were ordered to abandon ship just as they were raising power for the pumps. Burning oil from Arizona and West Virginia was drifted down toward her and probably made the situation look worse than it was. The disarmed target ship Utah was holed twice by torpedoes. West Virginia was hit by seven torpedoes, the seventh tearing away her rudder. Oklahoma was hit by four torpedoes, the last two above her belt armor, which caused her to capsize. Maryland was hit by two of the converted 16"" shells, but neither caused serious damage."
LOC,0.7865705,Utah,646,650,Attack on Pearl Harbor,60,"Already damaged by a torpedo and on fire amidships, Nevada attempted to exit the harbor. She was targeted by many Japanese bombers as she got underway and sustained more hits from 250 lb (113 kg) bombs, which started further fires. She was deliberately beached to avoid risking blocking the harbor entrance if she sank there. California was hit by two bombs and two torpedoes. The crew might have kept her afloat, but were ordered to abandon ship just as they were raising power for the pumps. Burning oil from Arizona and West Virginia was drifted down toward her and probably made the situation look worse than it was. The disarmed target ship Utah was holed twice by torpedoes. West Virginia was hit by seven torpedoes, the seventh tearing away her rudder. Oklahoma was hit by four torpedoes, the last two above her belt armor, which caused her to capsize. Maryland was hit by two of the converted 16"" shells, but neither caused serious damage."
LOC,0.9961339,West Virginia,681,694,Attack on Pearl Harbor,60,"Already damaged by a torpedo and on fire amidships, Nevada attempted to exit the harbor. She was targeted by many Japanese bombers as she got underway and sustained more hits from 250 lb (113 kg) bombs, which started further fires. She was deliberately beached to avoid risking blocking the harbor entrance if she sank there. California was hit by two bombs and two torpedoes. The crew might have kept her afloat, but were ordered to abandon ship just as they were raising power for the pumps. Burning oil from Arizona and West Virginia was drifted down toward her and probably made the situation look worse than it was. The disarmed target ship Utah was holed twice by torpedoes. West Virginia was hit by seven torpedoes, the seventh tearing away her rudder. Oklahoma was hit by four torpedoes, the last two above her belt armor, which caused her to capsize. Maryland was hit by two of the converted 16"" shells, but neither caused serious damage."
LOC,0.92326015,Oklahoma,760,768,Attack on Pearl Harbor,60,"Already damaged by a torpedo and on fire amidships, Nevada attempted to exit the harbor. She was targeted by many Japanese bombers as she got underway and sustained more hits from 250 lb (113 kg) bombs, which started further fires. She was deliberately beached to avoid risking blocking the harbor entrance if she sank there. California was hit by two bombs and two torpedoes. The crew might have kept her afloat, but were ordered to abandon ship just as they were raising power for the pumps. Burning oil from Arizona and West Virginia was drifted down toward her and probably made the situation look worse than it was. The disarmed target ship Utah was holed twice by torpedoes. West Virginia was hit by seven torpedoes, the seventh tearing away her rudder. Oklahoma was hit by four torpedoes, the last two above her belt armor, which caused her to capsize. Maryland was hit by two of the converted 16"" shells, but neither caused serious damage."
LOC,0.99175334,Maryland,860,868,Attack on Pearl Harbor,60,"Already damaged by a torpedo and on fire amidships, Nevada attempted to exit the harbor. She was targeted by many Japanese bombers as she got underway and sustained more hits from 250 lb (113 kg) bombs, which started further fires. She was deliberately beached to avoid risking blocking the harbor entrance if she sank there. California was hit by two bombs and two torpedoes. The crew might have kept her afloat, but were ordered to abandon ship just as they were raising power for the pumps. Burning oil from Arizona and West Virginia was drifted down toward her and probably made the situation look worse than it was. The disarmed target ship Utah was holed twice by torpedoes. West Virginia was hit by seven torpedoes, the seventh tearing away her rudder. Oklahoma was hit by four torpedoes, the last two above her belt armor, which caused her to capsize. Maryland was hit by two of the converted 16"" shells, but neither caused serious damage."
MISC,0.9996902,Japanese,13,21,Attack on Pearl Harbor,61,"Although the Japanese concentrated on battleships (the largest vessels present), they did not ignore other targets. The light cruiser Helena was torpedoed, and the concussion from the blast capsized the neighboring minelayer Oglala. Two destroyers in dry dock, Cassin and Downes, were destroyed when bombs penetrated their fuel bunkers. The leaking fuel caught fire; flooding the dry dock in an effort to fight fire made the burning oil rise, and both were burned out. Cassin slipped from her keel blocks and rolled against Downes. The light cruiser Raleigh was holed by a torpedo. The light cruiser Honolulu was damaged but remained in service. The repair vessel Vestal, moored alongside Arizona, was heavily damaged and beached. The seaplane tender Curtiss was also damaged. The destroyer Shaw was badly damaged when two bombs penetrated her forward magazine."
ORG,0.49739835,Helena,134,140,Attack on Pearl Harbor,61,"Although the Japanese concentrated on battleships (the largest vessels present), they did not ignore other targets. The light cruiser Helena was torpedoed, and the concussion from the blast capsized the neighboring minelayer Oglala. Two destroyers in dry dock, Cassin and Downes, were destroyed when bombs penetrated their fuel bunkers. The leaking fuel caught fire; flooding the dry dock in an effort to fight fire made the burning oil rise, and both were burned out. Cassin slipped from her keel blocks and rolled against Downes. The light cruiser Raleigh was holed by a torpedo. The light cruiser Honolulu was damaged but remained in service. The repair vessel Vestal, moored alongside Arizona, was heavily damaged and beached. The seaplane tender Curtiss was also damaged. The destroyer Shaw was badly damaged when two bombs penetrated her forward magazine."
LOC,0.41672504,Oglala,225,231,Attack on Pearl Harbor,61,"Although the Japanese concentrated on battleships (the largest vessels present), they did not ignore other targets. The light cruiser Helena was torpedoed, and the concussion from the blast capsized the neighboring minelayer Oglala. Two destroyers in dry dock, Cassin and Downes, were destroyed when bombs penetrated their fuel bunkers. The leaking fuel caught fire; flooding the dry dock in an effort to fight fire made the burning oil rise, and both were burned out. Cassin slipped from her keel blocks and rolled against Downes. The light cruiser Raleigh was holed by a torpedo. The light cruiser Honolulu was damaged but remained in service. The repair vessel Vestal, moored alongside Arizona, was heavily damaged and beached. The seaplane tender Curtiss was also damaged. The destroyer Shaw was badly damaged when two bombs penetrated her forward magazine."
PER,0.45778555,Cassin,261,267,Attack on Pearl Harbor,61,"Although the Japanese concentrated on battleships (the largest vessels present), they did not ignore other targets. The light cruiser Helena was torpedoed, and the concussion from the blast capsized the neighboring minelayer Oglala. Two destroyers in dry dock, Cassin and Downes, were destroyed when bombs penetrated their fuel bunkers. The leaking fuel caught fire; flooding the dry dock in an effort to fight fire made the burning oil rise, and both were burned out. Cassin slipped from her keel blocks and rolled against Downes. The light cruiser Raleigh was holed by a torpedo. The light cruiser Honolulu was damaged but remained in service. The repair vessel Vestal, moored alongside Arizona, was heavily damaged and beached. The seaplane tender Curtiss was also damaged. The destroyer Shaw was badly damaged when two bombs penetrated her forward magazine."
PER,0.39957696,Downes,272,278,Attack on Pearl Harbor,61,"Although the Japanese concentrated on battleships (the largest vessels present), they did not ignore other targets. The light cruiser Helena was torpedoed, and the concussion from the blast capsized the neighboring minelayer Oglala. Two destroyers in dry dock, Cassin and Downes, were destroyed when bombs penetrated their fuel bunkers. The leaking fuel caught fire; flooding the dry dock in an effort to fight fire made the burning oil rise, and both were burned out. Cassin slipped from her keel blocks and rolled against Downes. The light cruiser Raleigh was holed by a torpedo. The light cruiser Honolulu was damaged but remained in service. The repair vessel Vestal, moored alongside Arizona, was heavily damaged and beached. The seaplane tender Curtiss was also damaged. The destroyer Shaw was badly damaged when two bombs penetrated her forward magazine."
PER,0.44289726,Cassin,469,475,Attack on Pearl Harbor,61,"Although the Japanese concentrated on battleships (the largest vessels present), they did not ignore other targets. The light cruiser Helena was torpedoed, and the concussion from the blast capsized the neighboring minelayer Oglala. Two destroyers in dry dock, Cassin and Downes, were destroyed when bombs penetrated their fuel bunkers. The leaking fuel caught fire; flooding the dry dock in an effort to fight fire made the burning oil rise, and both were burned out. Cassin slipped from her keel blocks and rolled against Downes. The light cruiser Raleigh was holed by a torpedo. The light cruiser Honolulu was damaged but remained in service. The repair vessel Vestal, moored alongside Arizona, was heavily damaged and beached. The seaplane tender Curtiss was also damaged. The destroyer Shaw was badly damaged when two bombs penetrated her forward magazine."
PER,0.52618665,Downes,524,530,Attack on Pearl Harbor,61,"Although the Japanese concentrated on battleships (the largest vessels present), they did not ignore other targets. The light cruiser Helena was torpedoed, and the concussion from the blast capsized the neighboring minelayer Oglala. Two destroyers in dry dock, Cassin and Downes, were destroyed when bombs penetrated their fuel bunkers. The leaking fuel caught fire; flooding the dry dock in an effort to fight fire made the burning oil rise, and both were burned out. Cassin slipped from her keel blocks and rolled against Downes. The light cruiser Raleigh was holed by a torpedo. The light cruiser Honolulu was damaged but remained in service. The repair vessel Vestal, moored alongside Arizona, was heavily damaged and beached. The seaplane tender Curtiss was also damaged. The destroyer Shaw was badly damaged when two bombs penetrated her forward magazine."
ORG,0.83674735,Raleigh,550,557,Attack on Pearl Harbor,61,"Although the Japanese concentrated on battleships (the largest vessels present), they did not ignore other targets. The light cruiser Helena was torpedoed, and the concussion from the blast capsized the neighboring minelayer Oglala. Two destroyers in dry dock, Cassin and Downes, were destroyed when bombs penetrated their fuel bunkers. The leaking fuel caught fire; flooding the dry dock in an effort to fight fire made the burning oil rise, and both were burned out. Cassin slipped from her keel blocks and rolled against Downes. The light cruiser Raleigh was holed by a torpedo. The light cruiser Honolulu was damaged but remained in service. The repair vessel Vestal, moored alongside Arizona, was heavily damaged and beached. The seaplane tender Curtiss was also damaged. The destroyer Shaw was badly damaged when two bombs penetrated her forward magazine."
ORG,0.8999394,Honolulu,600,608,Attack on Pearl Harbor,61,"Although the Japanese concentrated on battleships (the largest vessels present), they did not ignore other targets. The light cruiser Helena was torpedoed, and the concussion from the blast capsized the neighboring minelayer Oglala. Two destroyers in dry dock, Cassin and Downes, were destroyed when bombs penetrated their fuel bunkers. The leaking fuel caught fire; flooding the dry dock in an effort to fight fire made the burning oil rise, and both were burned out. Cassin slipped from her keel blocks and rolled against Downes. The light cruiser Raleigh was holed by a torpedo. The light cruiser Honolulu was damaged but remained in service. The repair vessel Vestal, moored alongside Arizona, was heavily damaged and beached. The seaplane tender Curtiss was also damaged. The destroyer Shaw was badly damaged when two bombs penetrated her forward magazine."
ORG,0.48739442,Vestal,664,670,Attack on Pearl Harbor,61,"Although the Japanese concentrated on battleships (the largest vessels present), they did not ignore other targets. The light cruiser Helena was torpedoed, and the concussion from the blast capsized the neighboring minelayer Oglala. Two destroyers in dry dock, Cassin and Downes, were destroyed when bombs penetrated their fuel bunkers. The leaking fuel caught fire; flooding the dry dock in an effort to fight fire made the burning oil rise, and both were burned out. Cassin slipped from her keel blocks and rolled against Downes. The light cruiser Raleigh was holed by a torpedo. The light cruiser Honolulu was damaged but remained in service. The repair vessel Vestal, moored alongside Arizona, was heavily damaged and beached. The seaplane tender Curtiss was also damaged. The destroyer Shaw was badly damaged when two bombs penetrated her forward magazine."
LOC,0.94087327,Arizona,689,696,Attack on Pearl Harbor,61,"Although the Japanese concentrated on battleships (the largest vessels present), they did not ignore other targets. The light cruiser Helena was torpedoed, and the concussion from the blast capsized the neighboring minelayer Oglala. Two destroyers in dry dock, Cassin and Downes, were destroyed when bombs penetrated their fuel bunkers. The leaking fuel caught fire; flooding the dry dock in an effort to fight fire made the burning oil rise, and both were burned out. Cassin slipped from her keel blocks and rolled against Downes. The light cruiser Raleigh was holed by a torpedo. The light cruiser Honolulu was damaged but remained in service. The repair vessel Vestal, moored alongside Arizona, was heavily damaged and beached. The seaplane tender Curtiss was also damaged. The destroyer Shaw was badly damaged when two bombs penetrated her forward magazine."
ORG,0.45861492,Curtiss,751,758,Attack on Pearl Harbor,61,"Although the Japanese concentrated on battleships (the largest vessels present), they did not ignore other targets. The light cruiser Helena was torpedoed, and the concussion from the blast capsized the neighboring minelayer Oglala. Two destroyers in dry dock, Cassin and Downes, were destroyed when bombs penetrated their fuel bunkers. The leaking fuel caught fire; flooding the dry dock in an effort to fight fire made the burning oil rise, and both were burned out. Cassin slipped from her keel blocks and rolled against Downes. The light cruiser Raleigh was holed by a torpedo. The light cruiser Honolulu was damaged but remained in service. The repair vessel Vestal, moored alongside Arizona, was heavily damaged and beached. The seaplane tender Curtiss was also damaged. The destroyer Shaw was badly damaged when two bombs penetrated her forward magazine."
ORG,0.57469267,Shaw,791,795,Attack on Pearl Harbor,61,"Although the Japanese concentrated on battleships (the largest vessels present), they did not ignore other targets. The light cruiser Helena was torpedoed, and the concussion from the blast capsized the neighboring minelayer Oglala. Two destroyers in dry dock, Cassin and Downes, were destroyed when bombs penetrated their fuel bunkers. The leaking fuel caught fire; flooding the dry dock in an effort to fight fire made the burning oil rise, and both were burned out. Cassin slipped from her keel blocks and rolled against Downes. The light cruiser Raleigh was holed by a torpedo. The light cruiser Honolulu was damaged but remained in service. The repair vessel Vestal, moored alongside Arizona, was heavily damaged and beached. The seaplane tender Curtiss was also damaged. The destroyer Shaw was badly damaged when two bombs penetrated her forward magazine."
MISC,0.99968576,American,11,19,Attack on Pearl Harbor,62,"Of the 402 American aircraft in Hawaii, 188 were destroyed and 159 damaged, 155 of them on the ground. Almost none were actually ready to take off to defend the base. Eight Army Air Forces pilots managed to get airborne during the attack, and six were credited with downing at least one Japanese aircraft during the attack: 1st Lieutenant Lewis M. Sanders and 2nd Lieutenants Philip M. Rasmussen, Kenneth M. Taylor, George S. Welch, Harry W. Brown, and Gordon H. Sterling Jr. Of 33 Consolidated PBY Catalinas in Hawaii, 30 were destroyed, while three on patrol at the time of the attack returned undamaged. Friendly fire brought down some American planes on top of that, including four from an inbound flight from Enterprise."
LOC,0.99977666,Hawaii,32,38,Attack on Pearl Harbor,62,"Of the 402 American aircraft in Hawaii, 188 were destroyed and 159 damaged, 155 of them on the ground. Almost none were actually ready to take off to defend the base. Eight Army Air Forces pilots managed to get airborne during the attack, and six were credited with downing at least one Japanese aircraft during the attack: 1st Lieutenant Lewis M. Sanders and 2nd Lieutenants Philip M. Rasmussen, Kenneth M. Taylor, George S. Welch, Harry W. Brown, and Gordon H. Sterling Jr. Of 33 Consolidated PBY Catalinas in Hawaii, 30 were destroyed, while three on patrol at the time of the attack returned undamaged. Friendly fire brought down some American planes on top of that, including four from an inbound flight from Enterprise."
ORG,0.99890846,Army Air Forces,173,188,Attack on Pearl Harbor,62,"Of the 402 American aircraft in Hawaii, 188 were destroyed and 159 damaged, 155 of them on the ground. Almost none were actually ready to take off to defend the base. Eight Army Air Forces pilots managed to get airborne during the attack, and six were credited with downing at least one Japanese aircraft during the attack: 1st Lieutenant Lewis M. Sanders and 2nd Lieutenants Philip M. Rasmussen, Kenneth M. Taylor, George S. Welch, Harry W. Brown, and Gordon H. Sterling Jr. Of 33 Consolidated PBY Catalinas in Hawaii, 30 were destroyed, while three on patrol at the time of the attack returned undamaged. Friendly fire brought down some American planes on top of that, including four from an inbound flight from Enterprise."
MISC,0.99973136,Japanese,287,295,Attack on Pearl Harbor,62,"Of the 402 American aircraft in Hawaii, 188 were destroyed and 159 damaged, 155 of them on the ground. Almost none were actually ready to take off to defend the base. Eight Army Air Forces pilots managed to get airborne during the attack, and six were credited with downing at least one Japanese aircraft during the attack: 1st Lieutenant Lewis M. Sanders and 2nd Lieutenants Philip M. Rasmussen, Kenneth M. Taylor, George S. Welch, Harry W. Brown, and Gordon H. Sterling Jr. Of 33 Consolidated PBY Catalinas in Hawaii, 30 were destroyed, while three on patrol at the time of the attack returned undamaged. Friendly fire brought down some American planes on top of that, including four from an inbound flight from Enterprise."
PER,0.99855125,Lewis M. Sanders,339,355,Attack on Pearl Harbor,62,"Of the 402 American aircraft in Hawaii, 188 were destroyed and 159 damaged, 155 of them on the ground. Almost none were actually ready to take off to defend the base. Eight Army Air Forces pilots managed to get airborne during the attack, and six were credited with downing at least one Japanese aircraft during the attack: 1st Lieutenant Lewis M. Sanders and 2nd Lieutenants Philip M. Rasmussen, Kenneth M. Taylor, George S. Welch, Harry W. Brown, and Gordon H. Sterling Jr. Of 33 Consolidated PBY Catalinas in Hawaii, 30 were destroyed, while three on patrol at the time of the attack returned undamaged. Friendly fire brought down some American planes on top of that, including four from an inbound flight from Enterprise."
PER,0.99846655,Philip M. Rasmussen,376,395,Attack on Pearl Harbor,62,"Of the 402 American aircraft in Hawaii, 188 were destroyed and 159 damaged, 155 of them on the ground. Almost none were actually ready to take off to defend the base. Eight Army Air Forces pilots managed to get airborne during the attack, and six were credited with downing at least one Japanese aircraft during the attack: 1st Lieutenant Lewis M. Sanders and 2nd Lieutenants Philip M. Rasmussen, Kenneth M. Taylor, George S. Welch, Harry W. Brown, and Gordon H. Sterling Jr. Of 33 Consolidated PBY Catalinas in Hawaii, 30 were destroyed, while three on patrol at the time of the attack returned undamaged. Friendly fire brought down some American planes on top of that, including four from an inbound flight from Enterprise."
PER,0.9984545,Kenneth M. Taylor,397,414,Attack on Pearl Harbor,62,"Of the 402 American aircraft in Hawaii, 188 were destroyed and 159 damaged, 155 of them on the ground. Almost none were actually ready to take off to defend the base. Eight Army Air Forces pilots managed to get airborne during the attack, and six were credited with downing at least one Japanese aircraft during the attack: 1st Lieutenant Lewis M. Sanders and 2nd Lieutenants Philip M. Rasmussen, Kenneth M. Taylor, George S. Welch, Harry W. Brown, and Gordon H. Sterling Jr. Of 33 Consolidated PBY Catalinas in Hawaii, 30 were destroyed, while three on patrol at the time of the attack returned undamaged. Friendly fire brought down some American planes on top of that, including four from an inbound flight from Enterprise."
PER,0.996156,George S. Welch,416,431,Attack on Pearl Harbor,62,"Of the 402 American aircraft in Hawaii, 188 were destroyed and 159 damaged, 155 of them on the ground. Almost none were actually ready to take off to defend the base. Eight Army Air Forces pilots managed to get airborne during the attack, and six were credited with downing at least one Japanese aircraft during the attack: 1st Lieutenant Lewis M. Sanders and 2nd Lieutenants Philip M. Rasmussen, Kenneth M. Taylor, George S. Welch, Harry W. Brown, and Gordon H. Sterling Jr. Of 33 Consolidated PBY Catalinas in Hawaii, 30 were destroyed, while three on patrol at the time of the attack returned undamaged. Friendly fire brought down some American planes on top of that, including four from an inbound flight from Enterprise."
PER,0.99356824,Harry W. Brown,433,447,Attack on Pearl Harbor,62,"Of the 402 American aircraft in Hawaii, 188 were destroyed and 159 damaged, 155 of them on the ground. Almost none were actually ready to take off to defend the base. Eight Army Air Forces pilots managed to get airborne during the attack, and six were credited with downing at least one Japanese aircraft during the attack: 1st Lieutenant Lewis M. Sanders and 2nd Lieutenants Philip M. Rasmussen, Kenneth M. Taylor, George S. Welch, Harry W. Brown, and Gordon H. Sterling Jr. Of 33 Consolidated PBY Catalinas in Hawaii, 30 were destroyed, while three on patrol at the time of the attack returned undamaged. Friendly fire brought down some American planes on top of that, including four from an inbound flight from Enterprise."
PER,0.9975368,Gordon H. Sterling Jr,453,474,Attack on Pearl Harbor,62,"Of the 402 American aircraft in Hawaii, 188 were destroyed and 159 damaged, 155 of them on the ground. Almost none were actually ready to take off to defend the base. Eight Army Air Forces pilots managed to get airborne during the attack, and six were credited with downing at least one Japanese aircraft during the attack: 1st Lieutenant Lewis M. Sanders and 2nd Lieutenants Philip M. Rasmussen, Kenneth M. Taylor, George S. Welch, Harry W. Brown, and Gordon H. Sterling Jr. Of 33 Consolidated PBY Catalinas in Hawaii, 30 were destroyed, while three on patrol at the time of the attack returned undamaged. Friendly fire brought down some American planes on top of that, including four from an inbound flight from Enterprise."
MISC,0.97804826,Consolidated PBY,482,498,Attack on Pearl Harbor,62,"Of the 402 American aircraft in Hawaii, 188 were destroyed and 159 damaged, 155 of them on the ground. Almost none were actually ready to take off to defend the base. Eight Army Air Forces pilots managed to get airborne during the attack, and six were credited with downing at least one Japanese aircraft during the attack: 1st Lieutenant Lewis M. Sanders and 2nd Lieutenants Philip M. Rasmussen, Kenneth M. Taylor, George S. Welch, Harry W. Brown, and Gordon H. Sterling Jr. Of 33 Consolidated PBY Catalinas in Hawaii, 30 were destroyed, while three on patrol at the time of the attack returned undamaged. Friendly fire brought down some American planes on top of that, including four from an inbound flight from Enterprise."
LOC,0.9997309,Hawaii,512,518,Attack on Pearl Harbor,62,"Of the 402 American aircraft in Hawaii, 188 were destroyed and 159 damaged, 155 of them on the ground. Almost none were actually ready to take off to defend the base. Eight Army Air Forces pilots managed to get airborne during the attack, and six were credited with downing at least one Japanese aircraft during the attack: 1st Lieutenant Lewis M. Sanders and 2nd Lieutenants Philip M. Rasmussen, Kenneth M. Taylor, George S. Welch, Harry W. Brown, and Gordon H. Sterling Jr. Of 33 Consolidated PBY Catalinas in Hawaii, 30 were destroyed, while three on patrol at the time of the attack returned undamaged. Friendly fire brought down some American planes on top of that, including four from an inbound flight from Enterprise."
MISC,0.9997527,American,639,647,Attack on Pearl Harbor,62,"Of the 402 American aircraft in Hawaii, 188 were destroyed and 159 damaged, 155 of them on the ground. Almost none were actually ready to take off to defend the base. Eight Army Air Forces pilots managed to get airborne during the attack, and six were credited with downing at least one Japanese aircraft during the attack: 1st Lieutenant Lewis M. Sanders and 2nd Lieutenants Philip M. Rasmussen, Kenneth M. Taylor, George S. Welch, Harry W. Brown, and Gordon H. Sterling Jr. Of 33 Consolidated PBY Catalinas in Hawaii, 30 were destroyed, while three on patrol at the time of the attack returned undamaged. Friendly fire brought down some American planes on top of that, including four from an inbound flight from Enterprise."
LOC,0.7437468,Enterprise,714,724,Attack on Pearl Harbor,62,"Of the 402 American aircraft in Hawaii, 188 were destroyed and 159 damaged, 155 of them on the ground. Almost none were actually ready to take off to defend the base. Eight Army Air Forces pilots managed to get airborne during the attack, and six were credited with downing at least one Japanese aircraft during the attack: 1st Lieutenant Lewis M. Sanders and 2nd Lieutenants Philip M. Rasmussen, Kenneth M. Taylor, George S. Welch, Harry W. Brown, and Gordon H. Sterling Jr. Of 33 Consolidated PBY Catalinas in Hawaii, 30 were destroyed, while three on patrol at the time of the attack returned undamaged. Friendly fire brought down some American planes on top of that, including four from an inbound flight from Enterprise."
LOC,0.99953973,Pearl Harbor,81,93,Attack on Pearl Harbor,63,"At the time of the attack, nine civilian aircraft were flying in the vicinity of Pearl Harbor. Of these, three were shot down."
MISC,0.9997769,Japanese,11,19,Attack on Pearl Harbor,64,"Fifty-five Japanese airmen and nine submariners were killed in the attack, and one, Kazuo Sakamaki, was captured. Of Japan's 414 available planes, 350 took part in the raid. Twenty-nine were lost, nine in the first wave (three fighters, one dive bomber, and five torpedo bombers) and twenty in the second (six fighters and fourteen dive bombers), with another 74 damaged by anti-aircraft fire from the ground."
PER,0.90369815,Kazuo Sakamaki,84,98,Attack on Pearl Harbor,64,"Fifty-five Japanese airmen and nine submariners were killed in the attack, and one, Kazuo Sakamaki, was captured. Of Japan's 414 available planes, 350 took part in the raid. Twenty-nine were lost, nine in the first wave (three fighters, one dive bomber, and five torpedo bombers) and twenty in the second (six fighters and fourteen dive bombers), with another 74 damaged by anti-aircraft fire from the ground."
LOC,0.9997789,Japan,117,122,Attack on Pearl Harbor,64,"Fifty-five Japanese airmen and nine submariners were killed in the attack, and one, Kazuo Sakamaki, was captured. Of Japan's 414 available planes, 350 took part in the raid. Twenty-nine were lost, nine in the first wave (three fighters, one dive bomber, and five torpedo bombers) and twenty in the second (six fighters and fourteen dive bombers), with another 74 damaged by anti-aircraft fire from the ground."
MISC,0.99977463,Japanese,36,44,Attack on Pearl Harbor,65,"According to some accounts, several Japanese junior officers, including Fuchida and Genda, urged Nagumo to carry out a third strike in order to sink more of Pearl Harbor's remaining warships, and damage the base's maintenance shops, drydock facilities and oil tank yards. Most notably, Fuchida gave a firsthand account of this meeting several times after the war. However, some historians have cast doubt on this and many other of Fuchida's later claims, which sometimes conflict with documented historic records. Genda, who opined during the planning for the attack that without an invasion three strikes were necessary to fully destroy the Pacific Fleet, denied requesting an additional attack. Regardless, it is undisputed that the captains of the other five carriers in the task force reported they were willing and ready to carry out a third strike soon after the second returned, but Nagumo decided to withdraw for several reasons:"
PER,0.4539266,Fuchida,72,79,Attack on Pearl Harbor,65,"According to some accounts, several Japanese junior officers, including Fuchida and Genda, urged Nagumo to carry out a third strike in order to sink more of Pearl Harbor's remaining warships, and damage the base's maintenance shops, drydock facilities and oil tank yards. Most notably, Fuchida gave a firsthand account of this meeting several times after the war. However, some historians have cast doubt on this and many other of Fuchida's later claims, which sometimes conflict with documented historic records. Genda, who opined during the planning for the attack that without an invasion three strikes were necessary to fully destroy the Pacific Fleet, denied requesting an additional attack. Regardless, it is undisputed that the captains of the other five carriers in the task force reported they were willing and ready to carry out a third strike soon after the second returned, but Nagumo decided to withdraw for several reasons:"
PER,0.6407201,Genda,84,89,Attack on Pearl Harbor,65,"According to some accounts, several Japanese junior officers, including Fuchida and Genda, urged Nagumo to carry out a third strike in order to sink more of Pearl Harbor's remaining warships, and damage the base's maintenance shops, drydock facilities and oil tank yards. Most notably, Fuchida gave a firsthand account of this meeting several times after the war. However, some historians have cast doubt on this and many other of Fuchida's later claims, which sometimes conflict with documented historic records. Genda, who opined during the planning for the attack that without an invasion three strikes were necessary to fully destroy the Pacific Fleet, denied requesting an additional attack. Regardless, it is undisputed that the captains of the other five carriers in the task force reported they were willing and ready to carry out a third strike soon after the second returned, but Nagumo decided to withdraw for several reasons:"
PER,0.5739423,Nagumo,97,103,Attack on Pearl Harbor,65,"According to some accounts, several Japanese junior officers, including Fuchida and Genda, urged Nagumo to carry out a third strike in order to sink more of Pearl Harbor's remaining warships, and damage the base's maintenance shops, drydock facilities and oil tank yards. Most notably, Fuchida gave a firsthand account of this meeting several times after the war. However, some historians have cast doubt on this and many other of Fuchida's later claims, which sometimes conflict with documented historic records. Genda, who opined during the planning for the attack that without an invasion three strikes were necessary to fully destroy the Pacific Fleet, denied requesting an additional attack. Regardless, it is undisputed that the captains of the other five carriers in the task force reported they were willing and ready to carry out a third strike soon after the second returned, but Nagumo decided to withdraw for several reasons:"
LOC,0.9992767,Pearl Harbor,157,169,Attack on Pearl Harbor,65,"According to some accounts, several Japanese junior officers, including Fuchida and Genda, urged Nagumo to carry out a third strike in order to sink more of Pearl Harbor's remaining warships, and damage the base's maintenance shops, drydock facilities and oil tank yards. Most notably, Fuchida gave a firsthand account of this meeting several times after the war. However, some historians have cast doubt on this and many other of Fuchida's later claims, which sometimes conflict with documented historic records. Genda, who opined during the planning for the attack that without an invasion three strikes were necessary to fully destroy the Pacific Fleet, denied requesting an additional attack. Regardless, it is undisputed that the captains of the other five carriers in the task force reported they were willing and ready to carry out a third strike soon after the second returned, but Nagumo decided to withdraw for several reasons:"
PER,0.4765772,Fuchida,286,293,Attack on Pearl Harbor,65,"According to some accounts, several Japanese junior officers, including Fuchida and Genda, urged Nagumo to carry out a third strike in order to sink more of Pearl Harbor's remaining warships, and damage the base's maintenance shops, drydock facilities and oil tank yards. Most notably, Fuchida gave a firsthand account of this meeting several times after the war. However, some historians have cast doubt on this and many other of Fuchida's later claims, which sometimes conflict with documented historic records. Genda, who opined during the planning for the attack that without an invasion three strikes were necessary to fully destroy the Pacific Fleet, denied requesting an additional attack. Regardless, it is undisputed that the captains of the other five carriers in the task force reported they were willing and ready to carry out a third strike soon after the second returned, but Nagumo decided to withdraw for several reasons:"
PER,0.45822752,Fuchida,431,438,Attack on Pearl Harbor,65,"According to some accounts, several Japanese junior officers, including Fuchida and Genda, urged Nagumo to carry out a third strike in order to sink more of Pearl Harbor's remaining warships, and damage the base's maintenance shops, drydock facilities and oil tank yards. Most notably, Fuchida gave a firsthand account of this meeting several times after the war. However, some historians have cast doubt on this and many other of Fuchida's later claims, which sometimes conflict with documented historic records. Genda, who opined during the planning for the attack that without an invasion three strikes were necessary to fully destroy the Pacific Fleet, denied requesting an additional attack. Regardless, it is undisputed that the captains of the other five carriers in the task force reported they were willing and ready to carry out a third strike soon after the second returned, but Nagumo decided to withdraw for several reasons:"
PER,0.48646337,Genda,514,519,Attack on Pearl Harbor,65,"According to some accounts, several Japanese junior officers, including Fuchida and Genda, urged Nagumo to carry out a third strike in order to sink more of Pearl Harbor's remaining warships, and damage the base's maintenance shops, drydock facilities and oil tank yards. Most notably, Fuchida gave a firsthand account of this meeting several times after the war. However, some historians have cast doubt on this and many other of Fuchida's later claims, which sometimes conflict with documented historic records. Genda, who opined during the planning for the attack that without an invasion three strikes were necessary to fully destroy the Pacific Fleet, denied requesting an additional attack. Regardless, it is undisputed that the captains of the other five carriers in the task force reported they were willing and ready to carry out a third strike soon after the second returned, but Nagumo decided to withdraw for several reasons:"
LOC,0.9663754,Pacific Fleet,642,655,Attack on Pearl Harbor,65,"According to some accounts, several Japanese junior officers, including Fuchida and Genda, urged Nagumo to carry out a third strike in order to sink more of Pearl Harbor's remaining warships, and damage the base's maintenance shops, drydock facilities and oil tank yards. Most notably, Fuchida gave a firsthand account of this meeting several times after the war. However, some historians have cast doubt on this and many other of Fuchida's later claims, which sometimes conflict with documented historic records. Genda, who opined during the planning for the attack that without an invasion three strikes were necessary to fully destroy the Pacific Fleet, denied requesting an additional attack. Regardless, it is undisputed that the captains of the other five carriers in the task force reported they were willing and ready to carry out a third strike soon after the second returned, but Nagumo decided to withdraw for several reasons:"
PER,0.43301928,Nagumo,890,896,Attack on Pearl Harbor,65,"According to some accounts, several Japanese junior officers, including Fuchida and Genda, urged Nagumo to carry out a third strike in order to sink more of Pearl Harbor's remaining warships, and damage the base's maintenance shops, drydock facilities and oil tank yards. Most notably, Fuchida gave a firsthand account of this meeting several times after the war. However, some historians have cast doubt on this and many other of Fuchida's later claims, which sometimes conflict with documented historic records. Genda, who opined during the planning for the attack that without an invasion three strikes were necessary to fully destroy the Pacific Fleet, denied requesting an additional attack. Regardless, it is undisputed that the captains of the other five carriers in the task force reported they were willing and ready to carry out a third strike soon after the second returned, but Nagumo decided to withdraw for several reasons:"
MISC,0.9997626,American,0,8,Attack on Pearl Harbor,66,"American anti-aircraft performance had improved considerably during the second strike, and two-thirds of Japan's losses were incurred during the second wave."
LOC,0.99983203,Japan,105,110,Attack on Pearl Harbor,66,"American anti-aircraft performance had improved considerably during the second strike, and two-thirds of Japan's losses were incurred during the second wave."
PER,0.4326611,Nagumo,0,6,Attack on Pearl Harbor,67,"Nagumo felt if he launched a third strike, he would be risking three-quarters of the Combined Fleet's strength to wipe out the remaining targets (which included the facilities) while suffering higher aircraft losses."
ORG,0.99598,Combined Fleet,85,99,Attack on Pearl Harbor,67,"Nagumo felt if he launched a third strike, he would be risking three-quarters of the Combined Fleet's strength to wipe out the remaining targets (which included the facilities) while suffering higher aircraft losses."
MISC,0.99975187,American,26,34,Attack on Pearl Harbor,68,"The location of the three American carriers remained unknown. In addition, the admiral was concerned his force was now within range of American land-based bombers. Nagumo was uncertain whether the United States had enough surviving planes remaining on Hawaii to launch an attack against his carriers."
MISC,0.99979454,American,135,143,Attack on Pearl Harbor,68,"The location of the three American carriers remained unknown. In addition, the admiral was concerned his force was now within range of American land-based bombers. Nagumo was uncertain whether the United States had enough surviving planes remaining on Hawaii to launch an attack against his carriers."
PER,0.5266799,Nagumo,164,170,Attack on Pearl Harbor,68,"The location of the three American carriers remained unknown. In addition, the admiral was concerned his force was now within range of American land-based bombers. Nagumo was uncertain whether the United States had enough surviving planes remaining on Hawaii to launch an attack against his carriers."
LOC,0.99958867,United States,197,210,Attack on Pearl Harbor,68,"The location of the three American carriers remained unknown. In addition, the admiral was concerned his force was now within range of American land-based bombers. Nagumo was uncertain whether the United States had enough surviving planes remaining on Hawaii to launch an attack against his carriers."
LOC,0.99973255,Hawaii,252,258,Attack on Pearl Harbor,68,"The location of the three American carriers remained unknown. In addition, the admiral was concerned his force was now within range of American land-based bombers. Nagumo was uncertain whether the United States had enough surviving planes remaining on Hawaii to launch an attack against his carriers."
ORG,0.9978484,Royal Navy,171,181,Attack on Pearl Harbor,69,"A third wave would have required substantial preparation and turnaround time, and would have meant returning planes would have had to land at night. At the time, only the Royal Navy had developed night carrier techniques, so this was a substantial risk. The first two waves had launched the entirety of the Combined Fleet's air strength. A third wave would have required landing both the first and second wave before launching the first wave again. Compare Nagumo's situation in the Battle of Midway, where an attack returning from Midway kept Nagumo from launching an immediate strike on American carriers."
ORG,0.9951092,Combined Fleet,307,321,Attack on Pearl Harbor,69,"A third wave would have required substantial preparation and turnaround time, and would have meant returning planes would have had to land at night. At the time, only the Royal Navy had developed night carrier techniques, so this was a substantial risk. The first two waves had launched the entirety of the Combined Fleet's air strength. A third wave would have required landing both the first and second wave before launching the first wave again. Compare Nagumo's situation in the Battle of Midway, where an attack returning from Midway kept Nagumo from launching an immediate strike on American carriers."
PER,0.47514537,Nagumo,457,463,Attack on Pearl Harbor,69,"A third wave would have required substantial preparation and turnaround time, and would have meant returning planes would have had to land at night. At the time, only the Royal Navy had developed night carrier techniques, so this was a substantial risk. The first two waves had launched the entirety of the Combined Fleet's air strength. A third wave would have required landing both the first and second wave before launching the first wave again. Compare Nagumo's situation in the Battle of Midway, where an attack returning from Midway kept Nagumo from launching an immediate strike on American carriers."
MISC,0.92801833,Battle of Midway,483,499,Attack on Pearl Harbor,69,"A third wave would have required substantial preparation and turnaround time, and would have meant returning planes would have had to land at night. At the time, only the Royal Navy had developed night carrier techniques, so this was a substantial risk. The first two waves had launched the entirety of the Combined Fleet's air strength. A third wave would have required landing both the first and second wave before launching the first wave again. Compare Nagumo's situation in the Battle of Midway, where an attack returning from Midway kept Nagumo from launching an immediate strike on American carriers."
LOC,0.99736136,Midway,532,538,Attack on Pearl Harbor,69,"A third wave would have required substantial preparation and turnaround time, and would have meant returning planes would have had to land at night. At the time, only the Royal Navy had developed night carrier techniques, so this was a substantial risk. The first two waves had launched the entirety of the Combined Fleet's air strength. A third wave would have required landing both the first and second wave before launching the first wave again. Compare Nagumo's situation in the Battle of Midway, where an attack returning from Midway kept Nagumo from launching an immediate strike on American carriers."
PER,0.4655962,Nagumo,544,550,Attack on Pearl Harbor,69,"A third wave would have required substantial preparation and turnaround time, and would have meant returning planes would have had to land at night. At the time, only the Royal Navy had developed night carrier techniques, so this was a substantial risk. The first two waves had launched the entirety of the Combined Fleet's air strength. A third wave would have required landing both the first and second wave before launching the first wave again. Compare Nagumo's situation in the Battle of Midway, where an attack returning from Midway kept Nagumo from launching an immediate strike on American carriers."
MISC,0.9997385,American,589,597,Attack on Pearl Harbor,69,"A third wave would have required substantial preparation and turnaround time, and would have meant returning planes would have had to land at night. At the time, only the Royal Navy had developed night carrier techniques, so this was a substantial risk. The first two waves had launched the entirety of the Combined Fleet's air strength. A third wave would have required landing both the first and second wave before launching the first wave again. Compare Nagumo's situation in the Battle of Midway, where an attack returning from Midway kept Nagumo from launching an immediate strike on American carriers."
LOC,0.9996001,Pearl Harbor,80,92,Attack on Pearl Harbor,70,"The task force's fuel situation did not permit him to remain in waters north of Pearl Harbor much longer, since he was at the very limit of logistical support. To do so risked running unacceptably low on fuel, perhaps even having to abandon destroyers en route home."
LOC,0.7112373,United States,106,119,Attack on Pearl Harbor,71,"He believed the second strike had essentially accomplished the mission's main objective (neutralizing the United States Pacific Fleet) and did not wish to risk further losses. Moreover, it was IJN practice to prefer the conservation of strength over the total destruction of the enemy."
ORG,0.7120819,Pacific,120,127,Attack on Pearl Harbor,71,"He believed the second strike had essentially accomplished the mission's main objective (neutralizing the United States Pacific Fleet) and did not wish to risk further losses. Moreover, it was IJN practice to prefer the conservation of strength over the total destruction of the enemy."
LOC,0.5361596,Fleet,128,133,Attack on Pearl Harbor,71,"He believed the second strike had essentially accomplished the mission's main objective (neutralizing the United States Pacific Fleet) and did not wish to risk further losses. Moreover, it was IJN practice to prefer the conservation of strength over the total destruction of the enemy."
ORG,0.66092116,IJN,193,196,Attack on Pearl Harbor,71,"He believed the second strike had essentially accomplished the mission's main objective (neutralizing the United States Pacific Fleet) and did not wish to risk further losses. Moreover, it was IJN practice to prefer the conservation of strength over the total destruction of the enemy."
LOC,0.69927967,Pacific Fleet,201,214,Attack on Pearl Harbor,72,"Although a hypothetical third strike would have likely focused on the base's remaining warships, military historians have suggested any potential damage to the shore facilities would have hampered the Pacific Fleet far more seriously. If they had been wiped out, ""serious [American] operations in the Pacific would have been postponed for more than a year""; according to Admiral Chester W. Nimitz, later Commander in Chief of the Pacific Fleet, ""it would have prolonged the war another two years""."
MISC,0.99967456,American,273,281,Attack on Pearl Harbor,72,"Although a hypothetical third strike would have likely focused on the base's remaining warships, military historians have suggested any potential damage to the shore facilities would have hampered the Pacific Fleet far more seriously. If they had been wiped out, ""serious [American] operations in the Pacific would have been postponed for more than a year""; according to Admiral Chester W. Nimitz, later Commander in Chief of the Pacific Fleet, ""it would have prolonged the war another two years""."
LOC,0.9987085,Pacific,301,308,Attack on Pearl Harbor,72,"Although a hypothetical third strike would have likely focused on the base's remaining warships, military historians have suggested any potential damage to the shore facilities would have hampered the Pacific Fleet far more seriously. If they had been wiped out, ""serious [American] operations in the Pacific would have been postponed for more than a year""; according to Admiral Chester W. Nimitz, later Commander in Chief of the Pacific Fleet, ""it would have prolonged the war another two years""."
PER,0.9937975,Chester W. Nimitz,379,396,Attack on Pearl Harbor,72,"Although a hypothetical third strike would have likely focused on the base's remaining warships, military historians have suggested any potential damage to the shore facilities would have hampered the Pacific Fleet far more seriously. If they had been wiped out, ""serious [American] operations in the Pacific would have been postponed for more than a year""; according to Admiral Chester W. Nimitz, later Commander in Chief of the Pacific Fleet, ""it would have prolonged the war another two years""."
LOC,0.85798264,Pacific Fleet,430,443,Attack on Pearl Harbor,72,"Although a hypothetical third strike would have likely focused on the base's remaining warships, military historians have suggested any potential damage to the shore facilities would have hampered the Pacific Fleet far more seriously. If they had been wiped out, ""serious [American] operations in the Pacific would have been postponed for more than a year""; according to Admiral Chester W. Nimitz, later Commander in Chief of the Pacific Fleet, ""it would have prolonged the war another two years""."
PER,0.5304254,Yamamoto,59,67,Attack on Pearl Harbor,73,"At a conference aboard his flagship the following morning, Yamamoto supported Nagumo's withdrawal without launching a third wave. In retrospect, sparing the vital dockyards, maintenance shops, and the oil tank farm meant the United States could respond relatively quickly in the Pacific. Yamamoto later regretted Nagumo's decision to withdraw and categorically stated it had been a great mistake not to order a third strike."
PER,0.51758546,Nagumo,78,84,Attack on Pearl Harbor,73,"At a conference aboard his flagship the following morning, Yamamoto supported Nagumo's withdrawal without launching a third wave. In retrospect, sparing the vital dockyards, maintenance shops, and the oil tank farm meant the United States could respond relatively quickly in the Pacific. Yamamoto later regretted Nagumo's decision to withdraw and categorically stated it had been a great mistake not to order a third strike."
LOC,0.9995557,United States,225,238,Attack on Pearl Harbor,73,"At a conference aboard his flagship the following morning, Yamamoto supported Nagumo's withdrawal without launching a third wave. In retrospect, sparing the vital dockyards, maintenance shops, and the oil tank farm meant the United States could respond relatively quickly in the Pacific. Yamamoto later regretted Nagumo's decision to withdraw and categorically stated it had been a great mistake not to order a third strike."
LOC,0.9991928,Pacific,279,286,Attack on Pearl Harbor,73,"At a conference aboard his flagship the following morning, Yamamoto supported Nagumo's withdrawal without launching a third wave. In retrospect, sparing the vital dockyards, maintenance shops, and the oil tank farm meant the United States could respond relatively quickly in the Pacific. Yamamoto later regretted Nagumo's decision to withdraw and categorically stated it had been a great mistake not to order a third strike."
PER,0.52558255,Yamamoto,288,296,Attack on Pearl Harbor,73,"At a conference aboard his flagship the following morning, Yamamoto supported Nagumo's withdrawal without launching a third wave. In retrospect, sparing the vital dockyards, maintenance shops, and the oil tank farm meant the United States could respond relatively quickly in the Pacific. Yamamoto later regretted Nagumo's decision to withdraw and categorically stated it had been a great mistake not to order a third strike."
PER,0.48812044,Nagumo,313,319,Attack on Pearl Harbor,73,"At a conference aboard his flagship the following morning, Yamamoto supported Nagumo's withdrawal without launching a third wave. In retrospect, sparing the vital dockyards, maintenance shops, and the oil tank farm meant the United States could respond relatively quickly in the Pacific. Yamamoto later regretted Nagumo's decision to withdraw and categorically stated it had been a great mistake not to order a third strike."
MISC,0.9996094,American,11,19,Attack on Pearl Harbor,74,"Twenty-one American ships were damaged or lost in the attack, of which all but three were repaired and returned to service. Five of these battleships would, after major repair, participate in the last-ever battleship-on-battleship engagement at the Battle of Surigao Strait, which would result in several Japanese losses, including two battleships."
MISC,0.97346413,Battle of,249,258,Attack on Pearl Harbor,74,"Twenty-one American ships were damaged or lost in the attack, of which all but three were repaired and returned to service. Five of these battleships would, after major repair, participate in the last-ever battleship-on-battleship engagement at the Battle of Surigao Strait, which would result in several Japanese losses, including two battleships."
LOC,0.77343917,Surigao Strait,259,273,Attack on Pearl Harbor,74,"Twenty-one American ships were damaged or lost in the attack, of which all but three were repaired and returned to service. Five of these battleships would, after major repair, participate in the last-ever battleship-on-battleship engagement at the Battle of Surigao Strait, which would result in several Japanese losses, including two battleships."
MISC,0.9997086,Japanese,305,313,Attack on Pearl Harbor,74,"Twenty-one American ships were damaged or lost in the attack, of which all but three were repaired and returned to service. Five of these battleships would, after major repair, participate in the last-ever battleship-on-battleship engagement at the Battle of Surigao Strait, which would result in several Japanese losses, including two battleships."
LOC,0.9981352,Arizona,0,7,Attack on Pearl Harbor,75,"Arizona (Rear Admiral Isaac C. Kidd's flagship of Battleship Division One): hit by four armor-piercing bombs, exploded; total loss, not salvaged. 1,177 dead. Later memorialized."
PER,0.9930545,Isaac C. Kidd,22,35,Attack on Pearl Harbor,75,"Arizona (Rear Admiral Isaac C. Kidd's flagship of Battleship Division One): hit by four armor-piercing bombs, exploded; total loss, not salvaged. 1,177 dead. Later memorialized."
MISC,0.82892704,Battleship Division One,50,73,Attack on Pearl Harbor,75,"Arizona (Rear Admiral Isaac C. Kidd's flagship of Battleship Division One): hit by four armor-piercing bombs, exploded; total loss, not salvaged. 1,177 dead. Later memorialized."
LOC,0.9997894,Oklahoma,0,8,Attack on Pearl Harbor,76,"Oklahoma: hit by five torpedoes, capsized; total loss, salvaged, sank en route to scrapping May 1947. 429 dead."
LOC,0.9994462,West Virginia,0,13,Attack on Pearl Harbor,77,"West Virginia: hit by two bombs, seven torpedoes, sunk; returned to service July 1944. 106 dead."
LOC,0.99980634,California,0,10,Attack on Pearl Harbor,78,"California: hit by two bombs, two torpedoes, sunk; returned to service January 1944. 104 dead."
LOC,0.99980086,Nevada,0,6,Attack on Pearl Harbor,79,"Nevada: hit by six bombs, one torpedo, beached; returned to service October 1942. 60 dead."
LOC,0.9987974,Pennsylvania,0,12,Attack on Pearl Harbor,80,"Pennsylvania (Admiral Husband E. Kimmel's flagship of the United States Pacific Fleet): in dry dock with Cassin and Downes, hit by one bomb and debris from USS Cassin; remained in service. 9 dead."
PER,0.96475565,Husband E. Kimmel,22,39,Attack on Pearl Harbor,80,"Pennsylvania (Admiral Husband E. Kimmel's flagship of the United States Pacific Fleet): in dry dock with Cassin and Downes, hit by one bomb and debris from USS Cassin; remained in service. 9 dead."
LOC,0.8831888,United States,58,71,Attack on Pearl Harbor,80,"Pennsylvania (Admiral Husband E. Kimmel's flagship of the United States Pacific Fleet): in dry dock with Cassin and Downes, hit by one bomb and debris from USS Cassin; remained in service. 9 dead."
ORG,0.5019385,Pacific,72,79,Attack on Pearl Harbor,80,"Pennsylvania (Admiral Husband E. Kimmel's flagship of the United States Pacific Fleet): in dry dock with Cassin and Downes, hit by one bomb and debris from USS Cassin; remained in service. 9 dead."
LOC,0.6186906,Fleet,80,85,Attack on Pearl Harbor,80,"Pennsylvania (Admiral Husband E. Kimmel's flagship of the United States Pacific Fleet): in dry dock with Cassin and Downes, hit by one bomb and debris from USS Cassin; remained in service. 9 dead."
PER,0.3103837,Cassin,105,111,Attack on Pearl Harbor,80,"Pennsylvania (Admiral Husband E. Kimmel's flagship of the United States Pacific Fleet): in dry dock with Cassin and Downes, hit by one bomb and debris from USS Cassin; remained in service. 9 dead."
PER,0.37228358,Downes,116,122,Attack on Pearl Harbor,80,"Pennsylvania (Admiral Husband E. Kimmel's flagship of the United States Pacific Fleet): in dry dock with Cassin and Downes, hit by one bomb and debris from USS Cassin; remained in service. 9 dead."
LOC,0.6747032,USS Cassin,156,166,Attack on Pearl Harbor,80,"Pennsylvania (Admiral Husband E. Kimmel's flagship of the United States Pacific Fleet): in dry dock with Cassin and Downes, hit by one bomb and debris from USS Cassin; remained in service. 9 dead."
LOC,0.99972564,Tennessee,0,9,Attack on Pearl Harbor,81,Tennessee: hit by two bombs; returned to service February 1942. 5 dead.
LOC,0.9997789,Maryland,0,8,Attack on Pearl Harbor,82,Maryland: hit by two bombs; returned to service February 1942. 4 dead (including floatplane pilot shot down).
LOC,0.99982196,Utah,0,4,Attack on Pearl Harbor,83,"Utah: hit by two torpedoes, capsized; total loss, salvage stopped. 64 dead. Later memorialized."
LOC,0.9988972,Helena,0,6,Attack on Pearl Harbor,84,Helena: hit by one torpedo; returned to service January 1942. 20 dead.
LOC,0.8701757,Raleigh,0,7,Attack on Pearl Harbor,85,Raleigh: hit by one torpedo; returned to service February 1942.
LOC,0.9994709,Honolulu,0,8,Attack on Pearl Harbor,86,"Honolulu: near miss, light damage; remained in service."
LOC,0.4064271,Downes,24,30,Attack on Pearl Harbor,87,"Cassin: in drydock with Downes and Pennsylvania, hit by one bomb, burned; reconstructed and returned to service February 1944."
LOC,0.99807465,Pennsylvania,35,47,Attack on Pearl Harbor,87,"Cassin: in drydock with Downes and Pennsylvania, hit by one bomb, burned; reconstructed and returned to service February 1944."
LOC,0.26829183,Cassin,24,30,Attack on Pearl Harbor,88,"Downes: in drydock with Cassin and Pennsylvania, caught fire from Cassin, burned; reconstructed and returned to service November 1943."
LOC,0.99648106,Pennsylvania,35,47,Attack on Pearl Harbor,88,"Downes: in drydock with Cassin and Pennsylvania, caught fire from Cassin, burned; reconstructed and returned to service November 1943."
PER,0.41980952,Cassin,66,72,Attack on Pearl Harbor,88,"Downes: in drydock with Cassin and Pennsylvania, caught fire from Cassin, burned; reconstructed and returned to service November 1943."
LOC,0.9993243,West Loch,18,27,Attack on Pearl Harbor,89,"Helm: underway to West Loch, damaged by two near-miss bombs; continued patrol; dry-docked January 15, 1942, and sailed January 20, 1942."
PER,0.97549975,Shaw,0,4,Attack on Pearl Harbor,90,Shaw: hit by three bombs; returned to service June 1942.
LOC,0.9890442,Helena,46,52,Attack on Pearl Harbor,91,"Oglala (minelayer): damaged by torpedo hit on Helena, capsized; returned to service (as engine-repair ship) February 1944."
LOC,0.99970907,Arizona,60,67,Attack on Pearl Harbor,92,"Vestal (repair ship): hit by two bombs, blast and fire from Arizona, beached; returned to service by August 1942."
MISC,0.99967694,Japanese,56,64,Attack on Pearl Harbor,93,"Curtiss (seaplane tender): hit by one bomb, one crashed Japanese aircraft; returned to service January 1942. 19 dead."
LOC,0.76455295,Shaw,57,61,Attack on Pearl Harbor,94,Sotoyomo (harbor tug): damaged by explosion and fires in Shaw; sunk; returned to service August 1942.
MISC,0.3478817,YFD,0,3,Attack on Pearl Harbor,95,"YFD-2 (yard floating dock): damaged by bombs; sunk; returned to service January 25, 1942, servicing Shaw."
MISC,0.85862434,2,4,5,Attack on Pearl Harbor,95,"YFD-2 (yard floating dock): damaged by bombs; sunk; returned to service January 25, 1942, servicing Shaw."
ORG,0.4016066,Shaw,100,104,Attack on Pearl Harbor,95,"YFD-2 (yard floating dock): damaged by bombs; sunk; returned to service January 25, 1942, servicing Shaw."
PER,0.9958569,Homer N. Wallin,49,64,Attack on Pearl Harbor,96,"After a systematic search for survivors, Captain Homer N. Wallin was ordered to lead a formal salvage operation."
LOC,0.9994496,Pearl Harbor,7,19,Attack on Pearl Harbor,97,"Around Pearl Harbor, divers from the Navy (shore and tenders), the Pearl Harbor Naval Shipyard, and civilian contractors (Pacific Bridge Company and others) began work on the ships that could be refloated. They patched holes, cleared debris, and pumped water out of ships. Melvin Storer and other Navy divers worked inside the damaged ships. Within six months, five battleships and two cruisers were patched or refloated so they could be sent to shipyards in Pearl Harbor and on the mainland for extensive repair."
ORG,0.99702543,Navy,37,41,Attack on Pearl Harbor,97,"Around Pearl Harbor, divers from the Navy (shore and tenders), the Pearl Harbor Naval Shipyard, and civilian contractors (Pacific Bridge Company and others) began work on the ships that could be refloated. They patched holes, cleared debris, and pumped water out of ships. Melvin Storer and other Navy divers worked inside the damaged ships. Within six months, five battleships and two cruisers were patched or refloated so they could be sent to shipyards in Pearl Harbor and on the mainland for extensive repair."
LOC,0.9939439,Pearl Harbor Naval Shipyard,67,94,Attack on Pearl Harbor,97,"Around Pearl Harbor, divers from the Navy (shore and tenders), the Pearl Harbor Naval Shipyard, and civilian contractors (Pacific Bridge Company and others) began work on the ships that could be refloated. They patched holes, cleared debris, and pumped water out of ships. Melvin Storer and other Navy divers worked inside the damaged ships. Within six months, five battleships and two cruisers were patched or refloated so they could be sent to shipyards in Pearl Harbor and on the mainland for extensive repair."
ORG,0.9993317,Pacific Bridge Company,122,144,Attack on Pearl Harbor,97,"Around Pearl Harbor, divers from the Navy (shore and tenders), the Pearl Harbor Naval Shipyard, and civilian contractors (Pacific Bridge Company and others) began work on the ships that could be refloated. They patched holes, cleared debris, and pumped water out of ships. Melvin Storer and other Navy divers worked inside the damaged ships. Within six months, five battleships and two cruisers were patched or refloated so they could be sent to shipyards in Pearl Harbor and on the mainland for extensive repair."
PER,0.99882555,Melvin Storer,273,286,Attack on Pearl Harbor,97,"Around Pearl Harbor, divers from the Navy (shore and tenders), the Pearl Harbor Naval Shipyard, and civilian contractors (Pacific Bridge Company and others) began work on the ships that could be refloated. They patched holes, cleared debris, and pumped water out of ships. Melvin Storer and other Navy divers worked inside the damaged ships. Within six months, five battleships and two cruisers were patched or refloated so they could be sent to shipyards in Pearl Harbor and on the mainland for extensive repair."
ORG,0.9975248,Navy,297,301,Attack on Pearl Harbor,97,"Around Pearl Harbor, divers from the Navy (shore and tenders), the Pearl Harbor Naval Shipyard, and civilian contractors (Pacific Bridge Company and others) began work on the ships that could be refloated. They patched holes, cleared debris, and pumped water out of ships. Melvin Storer and other Navy divers worked inside the damaged ships. Within six months, five battleships and two cruisers were patched or refloated so they could be sent to shipyards in Pearl Harbor and on the mainland for extensive repair."
LOC,0.9994568,Pearl Harbor,459,471,Attack on Pearl Harbor,97,"Around Pearl Harbor, divers from the Navy (shore and tenders), the Pearl Harbor Naval Shipyard, and civilian contractors (Pacific Bridge Company and others) began work on the ships that could be refloated. They patched holes, cleared debris, and pumped water out of ships. Melvin Storer and other Navy divers worked inside the damaged ships. Within six months, five battleships and two cruisers were patched or refloated so they could be sent to shipyards in Pearl Harbor and on the mainland for extensive repair."
LOC,0.99819994,Arizona,103,110,Attack on Pearl Harbor,98,"Intensive salvage operations continued for another year, a total of some 20,000 man-hours under water. Arizona and the target ship Utah were too heavily damaged for salvage and remain where they were sunk, with Arizona becoming a war memorial. Oklahoma, while raised, was never repaired and capsized while under tow to the mainland in 1947.  Nevada proved particularly difficult to raise and repair; two men involved in the operation died after inhaling poisonous gases that had accumulated in the ship's interior. When feasible, armament and equipment were removed from vessels too damaged to repair and put to use to improve the anti-aircraft defense of the harbor or installed aboard other craft."
LOC,0.966968,Utah,131,135,Attack on Pearl Harbor,98,"Intensive salvage operations continued for another year, a total of some 20,000 man-hours under water. Arizona and the target ship Utah were too heavily damaged for salvage and remain where they were sunk, with Arizona becoming a war memorial. Oklahoma, while raised, was never repaired and capsized while under tow to the mainland in 1947.  Nevada proved particularly difficult to raise and repair; two men involved in the operation died after inhaling poisonous gases that had accumulated in the ship's interior. When feasible, armament and equipment were removed from vessels too damaged to repair and put to use to improve the anti-aircraft defense of the harbor or installed aboard other craft."
LOC,0.9993581,Arizona,211,218,Attack on Pearl Harbor,98,"Intensive salvage operations continued for another year, a total of some 20,000 man-hours under water. Arizona and the target ship Utah were too heavily damaged for salvage and remain where they were sunk, with Arizona becoming a war memorial. Oklahoma, while raised, was never repaired and capsized while under tow to the mainland in 1947.  Nevada proved particularly difficult to raise and repair; two men involved in the operation died after inhaling poisonous gases that had accumulated in the ship's interior. When feasible, armament and equipment were removed from vessels too damaged to repair and put to use to improve the anti-aircraft defense of the harbor or installed aboard other craft."
LOC,0.99958974,Oklahoma,244,252,Attack on Pearl Harbor,98,"Intensive salvage operations continued for another year, a total of some 20,000 man-hours under water. Arizona and the target ship Utah were too heavily damaged for salvage and remain where they were sunk, with Arizona becoming a war memorial. Oklahoma, while raised, was never repaired and capsized while under tow to the mainland in 1947.  Nevada proved particularly difficult to raise and repair; two men involved in the operation died after inhaling poisonous gases that had accumulated in the ship's interior. When feasible, armament and equipment were removed from vessels too damaged to repair and put to use to improve the anti-aircraft defense of the harbor or installed aboard other craft."
LOC,0.9997131,Nevada,342,348,Attack on Pearl Harbor,98,"Intensive salvage operations continued for another year, a total of some 20,000 man-hours under water. Arizona and the target ship Utah were too heavily damaged for salvage and remain where they were sunk, with Arizona becoming a war memorial. Oklahoma, while raised, was never repaired and capsized while under tow to the mainland in 1947.  Nevada proved particularly difficult to raise and repair; two men involved in the operation died after inhaling poisonous gases that had accumulated in the ship's interior. When feasible, armament and equipment were removed from vessels too damaged to repair and put to use to improve the anti-aircraft defense of the harbor or installed aboard other craft."
LOC,0.99947625,Pearl Harbor,42,54,Attack on Pearl Harbor,99,"The initial announcement of the attack on Pearl Harbor was made by the White House Press Secretary, Stephen Early, at 2:22 p.m. Eastern time (8:52 a.m. Hawaiian time): ""The Japanese have attacked Pearl Harbor from the air and all naval and military activities on the island of Oahu, principal American base in the Hawaiian islands."" As information developed, Early made a number of additional announcements to approximately 150 White House reporters over the course of the afternoon."
LOC,0.99883336,White House,71,82,Attack on Pearl Harbor,99,"The initial announcement of the attack on Pearl Harbor was made by the White House Press Secretary, Stephen Early, at 2:22 p.m. Eastern time (8:52 a.m. Hawaiian time): ""The Japanese have attacked Pearl Harbor from the air and all naval and military activities on the island of Oahu, principal American base in the Hawaiian islands."" As information developed, Early made a number of additional announcements to approximately 150 White House reporters over the course of the afternoon."
PER,0.9996871,Stephen Early,100,113,Attack on Pearl Harbor,99,"The initial announcement of the attack on Pearl Harbor was made by the White House Press Secretary, Stephen Early, at 2:22 p.m. Eastern time (8:52 a.m. Hawaiian time): ""The Japanese have attacked Pearl Harbor from the air and all naval and military activities on the island of Oahu, principal American base in the Hawaiian islands."" As information developed, Early made a number of additional announcements to approximately 150 White House reporters over the course of the afternoon."
MISC,0.99176604,Eastern,128,135,Attack on Pearl Harbor,99,"The initial announcement of the attack on Pearl Harbor was made by the White House Press Secretary, Stephen Early, at 2:22 p.m. Eastern time (8:52 a.m. Hawaiian time): ""The Japanese have attacked Pearl Harbor from the air and all naval and military activities on the island of Oahu, principal American base in the Hawaiian islands."" As information developed, Early made a number of additional announcements to approximately 150 White House reporters over the course of the afternoon."
MISC,0.9987734,Hawaiian,152,160,Attack on Pearl Harbor,99,"The initial announcement of the attack on Pearl Harbor was made by the White House Press Secretary, Stephen Early, at 2:22 p.m. Eastern time (8:52 a.m. Hawaiian time): ""The Japanese have attacked Pearl Harbor from the air and all naval and military activities on the island of Oahu, principal American base in the Hawaiian islands."" As information developed, Early made a number of additional announcements to approximately 150 White House reporters over the course of the afternoon."
MISC,0.9996087,Japanese,173,181,Attack on Pearl Harbor,99,"The initial announcement of the attack on Pearl Harbor was made by the White House Press Secretary, Stephen Early, at 2:22 p.m. Eastern time (8:52 a.m. Hawaiian time): ""The Japanese have attacked Pearl Harbor from the air and all naval and military activities on the island of Oahu, principal American base in the Hawaiian islands."" As information developed, Early made a number of additional announcements to approximately 150 White House reporters over the course of the afternoon."
LOC,0.9995039,Pearl Harbor,196,208,Attack on Pearl Harbor,99,"The initial announcement of the attack on Pearl Harbor was made by the White House Press Secretary, Stephen Early, at 2:22 p.m. Eastern time (8:52 a.m. Hawaiian time): ""The Japanese have attacked Pearl Harbor from the air and all naval and military activities on the island of Oahu, principal American base in the Hawaiian islands."" As information developed, Early made a number of additional announcements to approximately 150 White House reporters over the course of the afternoon."
LOC,0.5096868,Oahu,277,281,Attack on Pearl Harbor,99,"The initial announcement of the attack on Pearl Harbor was made by the White House Press Secretary, Stephen Early, at 2:22 p.m. Eastern time (8:52 a.m. Hawaiian time): ""The Japanese have attacked Pearl Harbor from the air and all naval and military activities on the island of Oahu, principal American base in the Hawaiian islands."" As information developed, Early made a number of additional announcements to approximately 150 White House reporters over the course of the afternoon."
MISC,0.9997646,American,293,301,Attack on Pearl Harbor,99,"The initial announcement of the attack on Pearl Harbor was made by the White House Press Secretary, Stephen Early, at 2:22 p.m. Eastern time (8:52 a.m. Hawaiian time): ""The Japanese have attacked Pearl Harbor from the air and all naval and military activities on the island of Oahu, principal American base in the Hawaiian islands."" As information developed, Early made a number of additional announcements to approximately 150 White House reporters over the course of the afternoon."
MISC,0.99759513,Hawaiian,314,322,Attack on Pearl Harbor,99,"The initial announcement of the attack on Pearl Harbor was made by the White House Press Secretary, Stephen Early, at 2:22 p.m. Eastern time (8:52 a.m. Hawaiian time): ""The Japanese have attacked Pearl Harbor from the air and all naval and military activities on the island of Oahu, principal American base in the Hawaiian islands."" As information developed, Early made a number of additional announcements to approximately 150 White House reporters over the course of the afternoon."
PER,0.9979424,Early,359,364,Attack on Pearl Harbor,99,"The initial announcement of the attack on Pearl Harbor was made by the White House Press Secretary, Stephen Early, at 2:22 p.m. Eastern time (8:52 a.m. Hawaiian time): ""The Japanese have attacked Pearl Harbor from the air and all naval and military activities on the island of Oahu, principal American base in the Hawaiian islands."" As information developed, Early made a number of additional announcements to approximately 150 White House reporters over the course of the afternoon."
LOC,0.99850893,White House,428,439,Attack on Pearl Harbor,99,"The initial announcement of the attack on Pearl Harbor was made by the White House Press Secretary, Stephen Early, at 2:22 p.m. Eastern time (8:52 a.m. Hawaiian time): ""The Japanese have attacked Pearl Harbor from the air and all naval and military activities on the island of Oahu, principal American base in the Hawaiian islands."" As information developed, Early made a number of additional announcements to approximately 150 White House reporters over the course of the afternoon."
MISC,0.98818433,Eastern,77,84,Attack on Pearl Harbor,100,"Initial reports of the attack moved on news wires at approximately 2:25 p.m. Eastern time. The first radio coverage (which, at the time, represented the earliest opportunity for ordinary people to learn of the attack) was on the CBS radio network's scheduled news program, World News Today, at 2:30 p.m. Eastern time. John Charles Daly read the initial report, then switched to London, where Robert Trout ad-libbed on the possible London reaction. The first report on NBC cut into a play, a dramatization of The Inspector-General, at 2:33 p.m. Eastern time and lasted only 21 seconds. Unlike the later practice with major news stories, there were only brief interruptions of scheduled commercial programming."
ORG,0.98703986,CBS,229,232,Attack on Pearl Harbor,100,"Initial reports of the attack moved on news wires at approximately 2:25 p.m. Eastern time. The first radio coverage (which, at the time, represented the earliest opportunity for ordinary people to learn of the attack) was on the CBS radio network's scheduled news program, World News Today, at 2:30 p.m. Eastern time. John Charles Daly read the initial report, then switched to London, where Robert Trout ad-libbed on the possible London reaction. The first report on NBC cut into a play, a dramatization of The Inspector-General, at 2:33 p.m. Eastern time and lasted only 21 seconds. Unlike the later practice with major news stories, there were only brief interruptions of scheduled commercial programming."
MISC,0.98272365,World News Today,273,289,Attack on Pearl Harbor,100,"Initial reports of the attack moved on news wires at approximately 2:25 p.m. Eastern time. The first radio coverage (which, at the time, represented the earliest opportunity for ordinary people to learn of the attack) was on the CBS radio network's scheduled news program, World News Today, at 2:30 p.m. Eastern time. John Charles Daly read the initial report, then switched to London, where Robert Trout ad-libbed on the possible London reaction. The first report on NBC cut into a play, a dramatization of The Inspector-General, at 2:33 p.m. Eastern time and lasted only 21 seconds. Unlike the later practice with major news stories, there were only brief interruptions of scheduled commercial programming."
MISC,0.9544069,Eastern,304,311,Attack on Pearl Harbor,100,"Initial reports of the attack moved on news wires at approximately 2:25 p.m. Eastern time. The first radio coverage (which, at the time, represented the earliest opportunity for ordinary people to learn of the attack) was on the CBS radio network's scheduled news program, World News Today, at 2:30 p.m. Eastern time. John Charles Daly read the initial report, then switched to London, where Robert Trout ad-libbed on the possible London reaction. The first report on NBC cut into a play, a dramatization of The Inspector-General, at 2:33 p.m. Eastern time and lasted only 21 seconds. Unlike the later practice with major news stories, there were only brief interruptions of scheduled commercial programming."
PER,0.99943584,John Charles Daly,318,335,Attack on Pearl Harbor,100,"Initial reports of the attack moved on news wires at approximately 2:25 p.m. Eastern time. The first radio coverage (which, at the time, represented the earliest opportunity for ordinary people to learn of the attack) was on the CBS radio network's scheduled news program, World News Today, at 2:30 p.m. Eastern time. John Charles Daly read the initial report, then switched to London, where Robert Trout ad-libbed on the possible London reaction. The first report on NBC cut into a play, a dramatization of The Inspector-General, at 2:33 p.m. Eastern time and lasted only 21 seconds. Unlike the later practice with major news stories, there were only brief interruptions of scheduled commercial programming."
LOC,0.9996464,London,378,384,Attack on Pearl Harbor,100,"Initial reports of the attack moved on news wires at approximately 2:25 p.m. Eastern time. The first radio coverage (which, at the time, represented the earliest opportunity for ordinary people to learn of the attack) was on the CBS radio network's scheduled news program, World News Today, at 2:30 p.m. Eastern time. John Charles Daly read the initial report, then switched to London, where Robert Trout ad-libbed on the possible London reaction. The first report on NBC cut into a play, a dramatization of The Inspector-General, at 2:33 p.m. Eastern time and lasted only 21 seconds. Unlike the later practice with major news stories, there were only brief interruptions of scheduled commercial programming."
PER,0.99970484,Robert Trout,392,404,Attack on Pearl Harbor,100,"Initial reports of the attack moved on news wires at approximately 2:25 p.m. Eastern time. The first radio coverage (which, at the time, represented the earliest opportunity for ordinary people to learn of the attack) was on the CBS radio network's scheduled news program, World News Today, at 2:30 p.m. Eastern time. John Charles Daly read the initial report, then switched to London, where Robert Trout ad-libbed on the possible London reaction. The first report on NBC cut into a play, a dramatization of The Inspector-General, at 2:33 p.m. Eastern time and lasted only 21 seconds. Unlike the later practice with major news stories, there were only brief interruptions of scheduled commercial programming."
LOC,0.99966586,London,431,437,Attack on Pearl Harbor,100,"Initial reports of the attack moved on news wires at approximately 2:25 p.m. Eastern time. The first radio coverage (which, at the time, represented the earliest opportunity for ordinary people to learn of the attack) was on the CBS radio network's scheduled news program, World News Today, at 2:30 p.m. Eastern time. John Charles Daly read the initial report, then switched to London, where Robert Trout ad-libbed on the possible London reaction. The first report on NBC cut into a play, a dramatization of The Inspector-General, at 2:33 p.m. Eastern time and lasted only 21 seconds. Unlike the later practice with major news stories, there were only brief interruptions of scheduled commercial programming."
ORG,0.9984244,NBC,468,471,Attack on Pearl Harbor,100,"Initial reports of the attack moved on news wires at approximately 2:25 p.m. Eastern time. The first radio coverage (which, at the time, represented the earliest opportunity for ordinary people to learn of the attack) was on the CBS radio network's scheduled news program, World News Today, at 2:30 p.m. Eastern time. John Charles Daly read the initial report, then switched to London, where Robert Trout ad-libbed on the possible London reaction. The first report on NBC cut into a play, a dramatization of The Inspector-General, at 2:33 p.m. Eastern time and lasted only 21 seconds. Unlike the later practice with major news stories, there were only brief interruptions of scheduled commercial programming."
MISC,0.80634356,The Inspector,508,521,Attack on Pearl Harbor,100,"Initial reports of the attack moved on news wires at approximately 2:25 p.m. Eastern time. The first radio coverage (which, at the time, represented the earliest opportunity for ordinary people to learn of the attack) was on the CBS radio network's scheduled news program, World News Today, at 2:30 p.m. Eastern time. John Charles Daly read the initial report, then switched to London, where Robert Trout ad-libbed on the possible London reaction. The first report on NBC cut into a play, a dramatization of The Inspector-General, at 2:33 p.m. Eastern time and lasted only 21 seconds. Unlike the later practice with major news stories, there were only brief interruptions of scheduled commercial programming."
MISC,0.8689507,General,522,529,Attack on Pearl Harbor,100,"Initial reports of the attack moved on news wires at approximately 2:25 p.m. Eastern time. The first radio coverage (which, at the time, represented the earliest opportunity for ordinary people to learn of the attack) was on the CBS radio network's scheduled news program, World News Today, at 2:30 p.m. Eastern time. John Charles Daly read the initial report, then switched to London, where Robert Trout ad-libbed on the possible London reaction. The first report on NBC cut into a play, a dramatization of The Inspector-General, at 2:33 p.m. Eastern time and lasted only 21 seconds. Unlike the later practice with major news stories, there were only brief interruptions of scheduled commercial programming."
MISC,0.99127495,Eastern,544,551,Attack on Pearl Harbor,100,"Initial reports of the attack moved on news wires at approximately 2:25 p.m. Eastern time. The first radio coverage (which, at the time, represented the earliest opportunity for ordinary people to learn of the attack) was on the CBS radio network's scheduled news program, World News Today, at 2:30 p.m. Eastern time. John Charles Daly read the initial report, then switched to London, where Robert Trout ad-libbed on the possible London reaction. The first report on NBC cut into a play, a dramatization of The Inspector-General, at 2:33 p.m. Eastern time and lasted only 21 seconds. Unlike the later practice with major news stories, there were only brief interruptions of scheduled commercial programming."
LOC,0.99940956,United States,175,188,Attack on Pearl Harbor,101,"The attacks were covered on television but the extent of it was limited; as commercial television had started just six months earlier, ""a few thousand TV sets existed"" in the United States, with most being in the Greater New York City area, and only a handful of stations existed which were all in New York, Chicago, Los Angeles and Philadelphia. WNBT from New York was the only TV station that was regularly airing that day in the country, with the comedy movie Millionaire Playboy, which was scheduled for 3:30-4:30 PM, being interrupted with the news of the attack. The other station known to cover the attacks was WCBW, also out of New York, where a special report on the attack was broadcast that evening. There are no recordings of either station's coverage, either visual or audio."
LOC,0.98706716,Greater New York City,213,234,Attack on Pearl Harbor,101,"The attacks were covered on television but the extent of it was limited; as commercial television had started just six months earlier, ""a few thousand TV sets existed"" in the United States, with most being in the Greater New York City area, and only a handful of stations existed which were all in New York, Chicago, Los Angeles and Philadelphia. WNBT from New York was the only TV station that was regularly airing that day in the country, with the comedy movie Millionaire Playboy, which was scheduled for 3:30-4:30 PM, being interrupted with the news of the attack. The other station known to cover the attacks was WCBW, also out of New York, where a special report on the attack was broadcast that evening. There are no recordings of either station's coverage, either visual or audio."
LOC,0.9993814,New York,298,306,Attack on Pearl Harbor,101,"The attacks were covered on television but the extent of it was limited; as commercial television had started just six months earlier, ""a few thousand TV sets existed"" in the United States, with most being in the Greater New York City area, and only a handful of stations existed which were all in New York, Chicago, Los Angeles and Philadelphia. WNBT from New York was the only TV station that was regularly airing that day in the country, with the comedy movie Millionaire Playboy, which was scheduled for 3:30-4:30 PM, being interrupted with the news of the attack. The other station known to cover the attacks was WCBW, also out of New York, where a special report on the attack was broadcast that evening. There are no recordings of either station's coverage, either visual or audio."
LOC,0.99957556,Chicago,308,315,Attack on Pearl Harbor,101,"The attacks were covered on television but the extent of it was limited; as commercial television had started just six months earlier, ""a few thousand TV sets existed"" in the United States, with most being in the Greater New York City area, and only a handful of stations existed which were all in New York, Chicago, Los Angeles and Philadelphia. WNBT from New York was the only TV station that was regularly airing that day in the country, with the comedy movie Millionaire Playboy, which was scheduled for 3:30-4:30 PM, being interrupted with the news of the attack. The other station known to cover the attacks was WCBW, also out of New York, where a special report on the attack was broadcast that evening. There are no recordings of either station's coverage, either visual or audio."
LOC,0.99959075,Los Angeles,317,328,Attack on Pearl Harbor,101,"The attacks were covered on television but the extent of it was limited; as commercial television had started just six months earlier, ""a few thousand TV sets existed"" in the United States, with most being in the Greater New York City area, and only a handful of stations existed which were all in New York, Chicago, Los Angeles and Philadelphia. WNBT from New York was the only TV station that was regularly airing that day in the country, with the comedy movie Millionaire Playboy, which was scheduled for 3:30-4:30 PM, being interrupted with the news of the attack. The other station known to cover the attacks was WCBW, also out of New York, where a special report on the attack was broadcast that evening. There are no recordings of either station's coverage, either visual or audio."
LOC,0.9995491,Philadelphia,333,345,Attack on Pearl Harbor,101,"The attacks were covered on television but the extent of it was limited; as commercial television had started just six months earlier, ""a few thousand TV sets existed"" in the United States, with most being in the Greater New York City area, and only a handful of stations existed which were all in New York, Chicago, Los Angeles and Philadelphia. WNBT from New York was the only TV station that was regularly airing that day in the country, with the comedy movie Millionaire Playboy, which was scheduled for 3:30-4:30 PM, being interrupted with the news of the attack. The other station known to cover the attacks was WCBW, also out of New York, where a special report on the attack was broadcast that evening. There are no recordings of either station's coverage, either visual or audio."
ORG,0.7225636,WNBT,347,351,Attack on Pearl Harbor,101,"The attacks were covered on television but the extent of it was limited; as commercial television had started just six months earlier, ""a few thousand TV sets existed"" in the United States, with most being in the Greater New York City area, and only a handful of stations existed which were all in New York, Chicago, Los Angeles and Philadelphia. WNBT from New York was the only TV station that was regularly airing that day in the country, with the comedy movie Millionaire Playboy, which was scheduled for 3:30-4:30 PM, being interrupted with the news of the attack. The other station known to cover the attacks was WCBW, also out of New York, where a special report on the attack was broadcast that evening. There are no recordings of either station's coverage, either visual or audio."
LOC,0.99945366,New York,357,365,Attack on Pearl Harbor,101,"The attacks were covered on television but the extent of it was limited; as commercial television had started just six months earlier, ""a few thousand TV sets existed"" in the United States, with most being in the Greater New York City area, and only a handful of stations existed which were all in New York, Chicago, Los Angeles and Philadelphia. WNBT from New York was the only TV station that was regularly airing that day in the country, with the comedy movie Millionaire Playboy, which was scheduled for 3:30-4:30 PM, being interrupted with the news of the attack. The other station known to cover the attacks was WCBW, also out of New York, where a special report on the attack was broadcast that evening. There are no recordings of either station's coverage, either visual or audio."
MISC,0.6911304,Millionaire Playboy,463,482,Attack on Pearl Harbor,101,"The attacks were covered on television but the extent of it was limited; as commercial television had started just six months earlier, ""a few thousand TV sets existed"" in the United States, with most being in the Greater New York City area, and only a handful of stations existed which were all in New York, Chicago, Los Angeles and Philadelphia. WNBT from New York was the only TV station that was regularly airing that day in the country, with the comedy movie Millionaire Playboy, which was scheduled for 3:30-4:30 PM, being interrupted with the news of the attack. The other station known to cover the attacks was WCBW, also out of New York, where a special report on the attack was broadcast that evening. There are no recordings of either station's coverage, either visual or audio."
ORG,0.6621571,WCBW,618,622,Attack on Pearl Harbor,101,"The attacks were covered on television but the extent of it was limited; as commercial television had started just six months earlier, ""a few thousand TV sets existed"" in the United States, with most being in the Greater New York City area, and only a handful of stations existed which were all in New York, Chicago, Los Angeles and Philadelphia. WNBT from New York was the only TV station that was regularly airing that day in the country, with the comedy movie Millionaire Playboy, which was scheduled for 3:30-4:30 PM, being interrupted with the news of the attack. The other station known to cover the attacks was WCBW, also out of New York, where a special report on the attack was broadcast that evening. There are no recordings of either station's coverage, either visual or audio."
LOC,0.9993618,New York,636,644,Attack on Pearl Harbor,101,"The attacks were covered on television but the extent of it was limited; as commercial television had started just six months earlier, ""a few thousand TV sets existed"" in the United States, with most being in the Greater New York City area, and only a handful of stations existed which were all in New York, Chicago, Los Angeles and Philadelphia. WNBT from New York was the only TV station that was regularly airing that day in the country, with the comedy movie Millionaire Playboy, which was scheduled for 3:30-4:30 PM, being interrupted with the news of the attack. The other station known to cover the attacks was WCBW, also out of New York, where a special report on the attack was broadcast that evening. There are no recordings of either station's coverage, either visual or audio."
MISC,0.99820065,National Football League,57,81,Attack on Pearl Harbor,102,"At the time of the attack, the last three regular season National Football League games were happening. The Chicago Bears were playing the Chicago Cardinals at Comiskey Park; the Brooklyn Dodgers were playing the New York Giants at the Polo Grounds; and the Philadelphia Eagles were playing the Washington Redskins at Washington's Griffith Stadium. All three games were in progress as the attacks began, and no official announcements were made at any of the games concerning the attacks, with many fans finding out from phone calls placed at the stadium or from newsboys outside the stadium. However, throughout the Redskins game, happening in Washington, many military, government and diplomatic personnel were asked to call their offices or return to them. At the Giants game, OSS head, Col. William J. Donovan, was paged to call his office immediately, and all military personnel were asked to return to their stations at the conclusion of the game. The Washington game, thanks to the announcements and general curiosity of the happenings, ended in a near-empty stadium. When asked why an announcement was not made at his game, Redskins owner George Preston Marshall simply stated, ""I didn't want to divert the fans' attention from the game."""
ORG,0.9989377,Chicago Bears,108,121,Attack on Pearl Harbor,102,"At the time of the attack, the last three regular season National Football League games were happening. The Chicago Bears were playing the Chicago Cardinals at Comiskey Park; the Brooklyn Dodgers were playing the New York Giants at the Polo Grounds; and the Philadelphia Eagles were playing the Washington Redskins at Washington's Griffith Stadium. All three games were in progress as the attacks began, and no official announcements were made at any of the games concerning the attacks, with many fans finding out from phone calls placed at the stadium or from newsboys outside the stadium. However, throughout the Redskins game, happening in Washington, many military, government and diplomatic personnel were asked to call their offices or return to them. At the Giants game, OSS head, Col. William J. Donovan, was paged to call his office immediately, and all military personnel were asked to return to their stations at the conclusion of the game. The Washington game, thanks to the announcements and general curiosity of the happenings, ended in a near-empty stadium. When asked why an announcement was not made at his game, Redskins owner George Preston Marshall simply stated, ""I didn't want to divert the fans' attention from the game."""
ORG,0.9987798,Chicago Cardinals,139,156,Attack on Pearl Harbor,102,"At the time of the attack, the last three regular season National Football League games were happening. The Chicago Bears were playing the Chicago Cardinals at Comiskey Park; the Brooklyn Dodgers were playing the New York Giants at the Polo Grounds; and the Philadelphia Eagles were playing the Washington Redskins at Washington's Griffith Stadium. All three games were in progress as the attacks began, and no official announcements were made at any of the games concerning the attacks, with many fans finding out from phone calls placed at the stadium or from newsboys outside the stadium. However, throughout the Redskins game, happening in Washington, many military, government and diplomatic personnel were asked to call their offices or return to them. At the Giants game, OSS head, Col. William J. Donovan, was paged to call his office immediately, and all military personnel were asked to return to their stations at the conclusion of the game. The Washington game, thanks to the announcements and general curiosity of the happenings, ended in a near-empty stadium. When asked why an announcement was not made at his game, Redskins owner George Preston Marshall simply stated, ""I didn't want to divert the fans' attention from the game."""
LOC,0.8081137,Comiskey Park,160,173,Attack on Pearl Harbor,102,"At the time of the attack, the last three regular season National Football League games were happening. The Chicago Bears were playing the Chicago Cardinals at Comiskey Park; the Brooklyn Dodgers were playing the New York Giants at the Polo Grounds; and the Philadelphia Eagles were playing the Washington Redskins at Washington's Griffith Stadium. All three games were in progress as the attacks began, and no official announcements were made at any of the games concerning the attacks, with many fans finding out from phone calls placed at the stadium or from newsboys outside the stadium. However, throughout the Redskins game, happening in Washington, many military, government and diplomatic personnel were asked to call their offices or return to them. At the Giants game, OSS head, Col. William J. Donovan, was paged to call his office immediately, and all military personnel were asked to return to their stations at the conclusion of the game. The Washington game, thanks to the announcements and general curiosity of the happenings, ended in a near-empty stadium. When asked why an announcement was not made at his game, Redskins owner George Preston Marshall simply stated, ""I didn't want to divert the fans' attention from the game."""
ORG,0.9992409,Brooklyn Dodgers,179,195,Attack on Pearl Harbor,102,"At the time of the attack, the last three regular season National Football League games were happening. The Chicago Bears were playing the Chicago Cardinals at Comiskey Park; the Brooklyn Dodgers were playing the New York Giants at the Polo Grounds; and the Philadelphia Eagles were playing the Washington Redskins at Washington's Griffith Stadium. All three games were in progress as the attacks began, and no official announcements were made at any of the games concerning the attacks, with many fans finding out from phone calls placed at the stadium or from newsboys outside the stadium. However, throughout the Redskins game, happening in Washington, many military, government and diplomatic personnel were asked to call their offices or return to them. At the Giants game, OSS head, Col. William J. Donovan, was paged to call his office immediately, and all military personnel were asked to return to their stations at the conclusion of the game. The Washington game, thanks to the announcements and general curiosity of the happenings, ended in a near-empty stadium. When asked why an announcement was not made at his game, Redskins owner George Preston Marshall simply stated, ""I didn't want to divert the fans' attention from the game."""
ORG,0.99907607,New York Giants,213,228,Attack on Pearl Harbor,102,"At the time of the attack, the last three regular season National Football League games were happening. The Chicago Bears were playing the Chicago Cardinals at Comiskey Park; the Brooklyn Dodgers were playing the New York Giants at the Polo Grounds; and the Philadelphia Eagles were playing the Washington Redskins at Washington's Griffith Stadium. All three games were in progress as the attacks began, and no official announcements were made at any of the games concerning the attacks, with many fans finding out from phone calls placed at the stadium or from newsboys outside the stadium. However, throughout the Redskins game, happening in Washington, many military, government and diplomatic personnel were asked to call their offices or return to them. At the Giants game, OSS head, Col. William J. Donovan, was paged to call his office immediately, and all military personnel were asked to return to their stations at the conclusion of the game. The Washington game, thanks to the announcements and general curiosity of the happenings, ended in a near-empty stadium. When asked why an announcement was not made at his game, Redskins owner George Preston Marshall simply stated, ""I didn't want to divert the fans' attention from the game."""
LOC,0.9964608,Polo Grounds,236,248,Attack on Pearl Harbor,102,"At the time of the attack, the last three regular season National Football League games were happening. The Chicago Bears were playing the Chicago Cardinals at Comiskey Park; the Brooklyn Dodgers were playing the New York Giants at the Polo Grounds; and the Philadelphia Eagles were playing the Washington Redskins at Washington's Griffith Stadium. All three games were in progress as the attacks began, and no official announcements were made at any of the games concerning the attacks, with many fans finding out from phone calls placed at the stadium or from newsboys outside the stadium. However, throughout the Redskins game, happening in Washington, many military, government and diplomatic personnel were asked to call their offices or return to them. At the Giants game, OSS head, Col. William J. Donovan, was paged to call his office immediately, and all military personnel were asked to return to their stations at the conclusion of the game. The Washington game, thanks to the announcements and general curiosity of the happenings, ended in a near-empty stadium. When asked why an announcement was not made at his game, Redskins owner George Preston Marshall simply stated, ""I didn't want to divert the fans' attention from the game."""
ORG,0.99907774,Philadelphia Eagles,258,277,Attack on Pearl Harbor,102,"At the time of the attack, the last three regular season National Football League games were happening. The Chicago Bears were playing the Chicago Cardinals at Comiskey Park; the Brooklyn Dodgers were playing the New York Giants at the Polo Grounds; and the Philadelphia Eagles were playing the Washington Redskins at Washington's Griffith Stadium. All three games were in progress as the attacks began, and no official announcements were made at any of the games concerning the attacks, with many fans finding out from phone calls placed at the stadium or from newsboys outside the stadium. However, throughout the Redskins game, happening in Washington, many military, government and diplomatic personnel were asked to call their offices or return to them. At the Giants game, OSS head, Col. William J. Donovan, was paged to call his office immediately, and all military personnel were asked to return to their stations at the conclusion of the game. The Washington game, thanks to the announcements and general curiosity of the happenings, ended in a near-empty stadium. When asked why an announcement was not made at his game, Redskins owner George Preston Marshall simply stated, ""I didn't want to divert the fans' attention from the game."""
ORG,0.99892104,Washington Redskins,295,314,Attack on Pearl Harbor,102,"At the time of the attack, the last three regular season National Football League games were happening. The Chicago Bears were playing the Chicago Cardinals at Comiskey Park; the Brooklyn Dodgers were playing the New York Giants at the Polo Grounds; and the Philadelphia Eagles were playing the Washington Redskins at Washington's Griffith Stadium. All three games were in progress as the attacks began, and no official announcements were made at any of the games concerning the attacks, with many fans finding out from phone calls placed at the stadium or from newsboys outside the stadium. However, throughout the Redskins game, happening in Washington, many military, government and diplomatic personnel were asked to call their offices or return to them. At the Giants game, OSS head, Col. William J. Donovan, was paged to call his office immediately, and all military personnel were asked to return to their stations at the conclusion of the game. The Washington game, thanks to the announcements and general curiosity of the happenings, ended in a near-empty stadium. When asked why an announcement was not made at his game, Redskins owner George Preston Marshall simply stated, ""I didn't want to divert the fans' attention from the game."""
LOC,0.9988852,Washington,318,328,Attack on Pearl Harbor,102,"At the time of the attack, the last three regular season National Football League games were happening. The Chicago Bears were playing the Chicago Cardinals at Comiskey Park; the Brooklyn Dodgers were playing the New York Giants at the Polo Grounds; and the Philadelphia Eagles were playing the Washington Redskins at Washington's Griffith Stadium. All three games were in progress as the attacks began, and no official announcements were made at any of the games concerning the attacks, with many fans finding out from phone calls placed at the stadium or from newsboys outside the stadium. However, throughout the Redskins game, happening in Washington, many military, government and diplomatic personnel were asked to call their offices or return to them. At the Giants game, OSS head, Col. William J. Donovan, was paged to call his office immediately, and all military personnel were asked to return to their stations at the conclusion of the game. The Washington game, thanks to the announcements and general curiosity of the happenings, ended in a near-empty stadium. When asked why an announcement was not made at his game, Redskins owner George Preston Marshall simply stated, ""I didn't want to divert the fans' attention from the game."""
LOC,0.9957918,Griffith Stadium,331,347,Attack on Pearl Harbor,102,"At the time of the attack, the last three regular season National Football League games were happening. The Chicago Bears were playing the Chicago Cardinals at Comiskey Park; the Brooklyn Dodgers were playing the New York Giants at the Polo Grounds; and the Philadelphia Eagles were playing the Washington Redskins at Washington's Griffith Stadium. All three games were in progress as the attacks began, and no official announcements were made at any of the games concerning the attacks, with many fans finding out from phone calls placed at the stadium or from newsboys outside the stadium. However, throughout the Redskins game, happening in Washington, many military, government and diplomatic personnel were asked to call their offices or return to them. At the Giants game, OSS head, Col. William J. Donovan, was paged to call his office immediately, and all military personnel were asked to return to their stations at the conclusion of the game. The Washington game, thanks to the announcements and general curiosity of the happenings, ended in a near-empty stadium. When asked why an announcement was not made at his game, Redskins owner George Preston Marshall simply stated, ""I didn't want to divert the fans' attention from the game."""
ORG,0.99509263,Redskins,616,624,Attack on Pearl Harbor,102,"At the time of the attack, the last three regular season National Football League games were happening. The Chicago Bears were playing the Chicago Cardinals at Comiskey Park; the Brooklyn Dodgers were playing the New York Giants at the Polo Grounds; and the Philadelphia Eagles were playing the Washington Redskins at Washington's Griffith Stadium. All three games were in progress as the attacks began, and no official announcements were made at any of the games concerning the attacks, with many fans finding out from phone calls placed at the stadium or from newsboys outside the stadium. However, throughout the Redskins game, happening in Washington, many military, government and diplomatic personnel were asked to call their offices or return to them. At the Giants game, OSS head, Col. William J. Donovan, was paged to call his office immediately, and all military personnel were asked to return to their stations at the conclusion of the game. The Washington game, thanks to the announcements and general curiosity of the happenings, ended in a near-empty stadium. When asked why an announcement was not made at his game, Redskins owner George Preston Marshall simply stated, ""I didn't want to divert the fans' attention from the game."""
LOC,0.9986092,Washington,644,654,Attack on Pearl Harbor,102,"At the time of the attack, the last three regular season National Football League games were happening. The Chicago Bears were playing the Chicago Cardinals at Comiskey Park; the Brooklyn Dodgers were playing the New York Giants at the Polo Grounds; and the Philadelphia Eagles were playing the Washington Redskins at Washington's Griffith Stadium. All three games were in progress as the attacks began, and no official announcements were made at any of the games concerning the attacks, with many fans finding out from phone calls placed at the stadium or from newsboys outside the stadium. However, throughout the Redskins game, happening in Washington, many military, government and diplomatic personnel were asked to call their offices or return to them. At the Giants game, OSS head, Col. William J. Donovan, was paged to call his office immediately, and all military personnel were asked to return to their stations at the conclusion of the game. The Washington game, thanks to the announcements and general curiosity of the happenings, ended in a near-empty stadium. When asked why an announcement was not made at his game, Redskins owner George Preston Marshall simply stated, ""I didn't want to divert the fans' attention from the game."""
ORG,0.99744886,Giants,766,772,Attack on Pearl Harbor,102,"At the time of the attack, the last three regular season National Football League games were happening. The Chicago Bears were playing the Chicago Cardinals at Comiskey Park; the Brooklyn Dodgers were playing the New York Giants at the Polo Grounds; and the Philadelphia Eagles were playing the Washington Redskins at Washington's Griffith Stadium. All three games were in progress as the attacks began, and no official announcements were made at any of the games concerning the attacks, with many fans finding out from phone calls placed at the stadium or from newsboys outside the stadium. However, throughout the Redskins game, happening in Washington, many military, government and diplomatic personnel were asked to call their offices or return to them. At the Giants game, OSS head, Col. William J. Donovan, was paged to call his office immediately, and all military personnel were asked to return to their stations at the conclusion of the game. The Washington game, thanks to the announcements and general curiosity of the happenings, ended in a near-empty stadium. When asked why an announcement was not made at his game, Redskins owner George Preston Marshall simply stated, ""I didn't want to divert the fans' attention from the game."""
ORG,0.50004685,OSS,779,782,Attack on Pearl Harbor,102,"At the time of the attack, the last three regular season National Football League games were happening. The Chicago Bears were playing the Chicago Cardinals at Comiskey Park; the Brooklyn Dodgers were playing the New York Giants at the Polo Grounds; and the Philadelphia Eagles were playing the Washington Redskins at Washington's Griffith Stadium. All three games were in progress as the attacks began, and no official announcements were made at any of the games concerning the attacks, with many fans finding out from phone calls placed at the stadium or from newsboys outside the stadium. However, throughout the Redskins game, happening in Washington, many military, government and diplomatic personnel were asked to call their offices or return to them. At the Giants game, OSS head, Col. William J. Donovan, was paged to call his office immediately, and all military personnel were asked to return to their stations at the conclusion of the game. The Washington game, thanks to the announcements and general curiosity of the happenings, ended in a near-empty stadium. When asked why an announcement was not made at his game, Redskins owner George Preston Marshall simply stated, ""I didn't want to divert the fans' attention from the game."""
PER,0.9951181,William J,794,803,Attack on Pearl Harbor,102,"At the time of the attack, the last three regular season National Football League games were happening. The Chicago Bears were playing the Chicago Cardinals at Comiskey Park; the Brooklyn Dodgers were playing the New York Giants at the Polo Grounds; and the Philadelphia Eagles were playing the Washington Redskins at Washington's Griffith Stadium. All three games were in progress as the attacks began, and no official announcements were made at any of the games concerning the attacks, with many fans finding out from phone calls placed at the stadium or from newsboys outside the stadium. However, throughout the Redskins game, happening in Washington, many military, government and diplomatic personnel were asked to call their offices or return to them. At the Giants game, OSS head, Col. William J. Donovan, was paged to call his office immediately, and all military personnel were asked to return to their stations at the conclusion of the game. The Washington game, thanks to the announcements and general curiosity of the happenings, ended in a near-empty stadium. When asked why an announcement was not made at his game, Redskins owner George Preston Marshall simply stated, ""I didn't want to divert the fans' attention from the game."""
PER,0.9995454,Donovan,805,812,Attack on Pearl Harbor,102,"At the time of the attack, the last three regular season National Football League games were happening. The Chicago Bears were playing the Chicago Cardinals at Comiskey Park; the Brooklyn Dodgers were playing the New York Giants at the Polo Grounds; and the Philadelphia Eagles were playing the Washington Redskins at Washington's Griffith Stadium. All three games were in progress as the attacks began, and no official announcements were made at any of the games concerning the attacks, with many fans finding out from phone calls placed at the stadium or from newsboys outside the stadium. However, throughout the Redskins game, happening in Washington, many military, government and diplomatic personnel were asked to call their offices or return to them. At the Giants game, OSS head, Col. William J. Donovan, was paged to call his office immediately, and all military personnel were asked to return to their stations at the conclusion of the game. The Washington game, thanks to the announcements and general curiosity of the happenings, ended in a near-empty stadium. When asked why an announcement was not made at his game, Redskins owner George Preston Marshall simply stated, ""I didn't want to divert the fans' attention from the game."""
LOC,0.99467397,Washington,957,967,Attack on Pearl Harbor,102,"At the time of the attack, the last three regular season National Football League games were happening. The Chicago Bears were playing the Chicago Cardinals at Comiskey Park; the Brooklyn Dodgers were playing the New York Giants at the Polo Grounds; and the Philadelphia Eagles were playing the Washington Redskins at Washington's Griffith Stadium. All three games were in progress as the attacks began, and no official announcements were made at any of the games concerning the attacks, with many fans finding out from phone calls placed at the stadium or from newsboys outside the stadium. However, throughout the Redskins game, happening in Washington, many military, government and diplomatic personnel were asked to call their offices or return to them. At the Giants game, OSS head, Col. William J. Donovan, was paged to call his office immediately, and all military personnel were asked to return to their stations at the conclusion of the game. The Washington game, thanks to the announcements and general curiosity of the happenings, ended in a near-empty stadium. When asked why an announcement was not made at his game, Redskins owner George Preston Marshall simply stated, ""I didn't want to divert the fans' attention from the game."""
ORG,0.9987295,Redskins,1131,1139,Attack on Pearl Harbor,102,"At the time of the attack, the last three regular season National Football League games were happening. The Chicago Bears were playing the Chicago Cardinals at Comiskey Park; the Brooklyn Dodgers were playing the New York Giants at the Polo Grounds; and the Philadelphia Eagles were playing the Washington Redskins at Washington's Griffith Stadium. All three games were in progress as the attacks began, and no official announcements were made at any of the games concerning the attacks, with many fans finding out from phone calls placed at the stadium or from newsboys outside the stadium. However, throughout the Redskins game, happening in Washington, many military, government and diplomatic personnel were asked to call their offices or return to them. At the Giants game, OSS head, Col. William J. Donovan, was paged to call his office immediately, and all military personnel were asked to return to their stations at the conclusion of the game. The Washington game, thanks to the announcements and general curiosity of the happenings, ended in a near-empty stadium. When asked why an announcement was not made at his game, Redskins owner George Preston Marshall simply stated, ""I didn't want to divert the fans' attention from the game."""
PER,0.9995844,George Preston Marshall,1146,1169,Attack on Pearl Harbor,102,"At the time of the attack, the last three regular season National Football League games were happening. The Chicago Bears were playing the Chicago Cardinals at Comiskey Park; the Brooklyn Dodgers were playing the New York Giants at the Polo Grounds; and the Philadelphia Eagles were playing the Washington Redskins at Washington's Griffith Stadium. All three games were in progress as the attacks began, and no official announcements were made at any of the games concerning the attacks, with many fans finding out from phone calls placed at the stadium or from newsboys outside the stadium. However, throughout the Redskins game, happening in Washington, many military, government and diplomatic personnel were asked to call their offices or return to them. At the Giants game, OSS head, Col. William J. Donovan, was paged to call his office immediately, and all military personnel were asked to return to their stations at the conclusion of the game. The Washington game, thanks to the announcements and general curiosity of the happenings, ended in a near-empty stadium. When asked why an announcement was not made at his game, Redskins owner George Preston Marshall simply stated, ""I didn't want to divert the fans' attention from the game."""
MISC,0.8982787,Battle of,62,71,Attack on Pearl Harbor,103,"A contemporaneous newspaper report compared the attack to the Battle of Port Arthur in which the Imperial Japanese Navy attacked the Imperial Russian Navy, triggering the Russo-Japanese War, 37 years prior. Modern writers have continued to note parallels between the attacks, albeit more dispassionately."
LOC,0.861397,Port Arthur,72,83,Attack on Pearl Harbor,103,"A contemporaneous newspaper report compared the attack to the Battle of Port Arthur in which the Imperial Japanese Navy attacked the Imperial Russian Navy, triggering the Russo-Japanese War, 37 years prior. Modern writers have continued to note parallels between the attacks, albeit more dispassionately."
ORG,0.8699265,Imperial Japanese Navy,97,119,Attack on Pearl Harbor,103,"A contemporaneous newspaper report compared the attack to the Battle of Port Arthur in which the Imperial Japanese Navy attacked the Imperial Russian Navy, triggering the Russo-Japanese War, 37 years prior. Modern writers have continued to note parallels between the attacks, albeit more dispassionately."
ORG,0.8462991,Imperial,133,141,Attack on Pearl Harbor,103,"A contemporaneous newspaper report compared the attack to the Battle of Port Arthur in which the Imperial Japanese Navy attacked the Imperial Russian Navy, triggering the Russo-Japanese War, 37 years prior. Modern writers have continued to note parallels between the attacks, albeit more dispassionately."
MISC,0.8617384,Russian,142,149,Attack on Pearl Harbor,103,"A contemporaneous newspaper report compared the attack to the Battle of Port Arthur in which the Imperial Japanese Navy attacked the Imperial Russian Navy, triggering the Russo-Japanese War, 37 years prior. Modern writers have continued to note parallels between the attacks, albeit more dispassionately."
ORG,0.62080413,Navy,150,154,Attack on Pearl Harbor,103,"A contemporaneous newspaper report compared the attack to the Battle of Port Arthur in which the Imperial Japanese Navy attacked the Imperial Russian Navy, triggering the Russo-Japanese War, 37 years prior. Modern writers have continued to note parallels between the attacks, albeit more dispassionately."
MISC,0.9870605,Russo - Japanese War,171,189,Attack on Pearl Harbor,103,"A contemporaneous newspaper report compared the attack to the Battle of Port Arthur in which the Imperial Japanese Navy attacked the Imperial Russian Navy, triggering the Russo-Japanese War, 37 years prior. Modern writers have continued to note parallels between the attacks, albeit more dispassionately."
MISC,0.9669562,Japanese Standard Time,52,74,Attack on Pearl Harbor,104,"News of the attack was first broadcast at 11:30 AM (Japanese Standard Time), however it had already been announced ""shortly after"" 7 AM (Japanese Standard Time) that Japan had ""entered into a situation of war with the United States and Britain in the Western Pacific before dawn"". There was no further elaboration or explanation, and the attacks were already finished by that time. The attack on Pearl Harbor was eventually covered in the Japanese press, but press in wartime Japan was heavily censored. One Japanese newspaper, The Asahi Shimbun did report on the attack the day it occurred, and from that point onward their editorials began to back governmental decisions regardless of what they were. The Asahi Shimbun also reported the declaration of war on the United States after the attacks, framing it as an Imperial Order, with most Japanese people taking it that way. In contrast, coverage in The New York Times focused on ""the danger to democracy and to the nation"" brought on by the Japanese attack. NHK broadcast twelve special news reports along with its six regularly scheduled ones that day. NHK covered the news of Pearl Harbor and other attacks positively throughout the rest of the month."
MISC,0.966415,Japanese Standard Time,137,159,Attack on Pearl Harbor,104,"News of the attack was first broadcast at 11:30 AM (Japanese Standard Time), however it had already been announced ""shortly after"" 7 AM (Japanese Standard Time) that Japan had ""entered into a situation of war with the United States and Britain in the Western Pacific before dawn"". There was no further elaboration or explanation, and the attacks were already finished by that time. The attack on Pearl Harbor was eventually covered in the Japanese press, but press in wartime Japan was heavily censored. One Japanese newspaper, The Asahi Shimbun did report on the attack the day it occurred, and from that point onward their editorials began to back governmental decisions regardless of what they were. The Asahi Shimbun also reported the declaration of war on the United States after the attacks, framing it as an Imperial Order, with most Japanese people taking it that way. In contrast, coverage in The New York Times focused on ""the danger to democracy and to the nation"" brought on by the Japanese attack. NHK broadcast twelve special news reports along with its six regularly scheduled ones that day. NHK covered the news of Pearl Harbor and other attacks positively throughout the rest of the month."
LOC,0.9997732,Japan,166,171,Attack on Pearl Harbor,104,"News of the attack was first broadcast at 11:30 AM (Japanese Standard Time), however it had already been announced ""shortly after"" 7 AM (Japanese Standard Time) that Japan had ""entered into a situation of war with the United States and Britain in the Western Pacific before dawn"". There was no further elaboration or explanation, and the attacks were already finished by that time. The attack on Pearl Harbor was eventually covered in the Japanese press, but press in wartime Japan was heavily censored. One Japanese newspaper, The Asahi Shimbun did report on the attack the day it occurred, and from that point onward their editorials began to back governmental decisions regardless of what they were. The Asahi Shimbun also reported the declaration of war on the United States after the attacks, framing it as an Imperial Order, with most Japanese people taking it that way. In contrast, coverage in The New York Times focused on ""the danger to democracy and to the nation"" brought on by the Japanese attack. NHK broadcast twelve special news reports along with its six regularly scheduled ones that day. NHK covered the news of Pearl Harbor and other attacks positively throughout the rest of the month."
LOC,0.9995682,United States,218,231,Attack on Pearl Harbor,104,"News of the attack was first broadcast at 11:30 AM (Japanese Standard Time), however it had already been announced ""shortly after"" 7 AM (Japanese Standard Time) that Japan had ""entered into a situation of war with the United States and Britain in the Western Pacific before dawn"". There was no further elaboration or explanation, and the attacks were already finished by that time. The attack on Pearl Harbor was eventually covered in the Japanese press, but press in wartime Japan was heavily censored. One Japanese newspaper, The Asahi Shimbun did report on the attack the day it occurred, and from that point onward their editorials began to back governmental decisions regardless of what they were. The Asahi Shimbun also reported the declaration of war on the United States after the attacks, framing it as an Imperial Order, with most Japanese people taking it that way. In contrast, coverage in The New York Times focused on ""the danger to democracy and to the nation"" brought on by the Japanese attack. NHK broadcast twelve special news reports along with its six regularly scheduled ones that day. NHK covered the news of Pearl Harbor and other attacks positively throughout the rest of the month."
LOC,0.9997738,Britain,236,243,Attack on Pearl Harbor,104,"News of the attack was first broadcast at 11:30 AM (Japanese Standard Time), however it had already been announced ""shortly after"" 7 AM (Japanese Standard Time) that Japan had ""entered into a situation of war with the United States and Britain in the Western Pacific before dawn"". There was no further elaboration or explanation, and the attacks were already finished by that time. The attack on Pearl Harbor was eventually covered in the Japanese press, but press in wartime Japan was heavily censored. One Japanese newspaper, The Asahi Shimbun did report on the attack the day it occurred, and from that point onward their editorials began to back governmental decisions regardless of what they were. The Asahi Shimbun also reported the declaration of war on the United States after the attacks, framing it as an Imperial Order, with most Japanese people taking it that way. In contrast, coverage in The New York Times focused on ""the danger to democracy and to the nation"" brought on by the Japanese attack. NHK broadcast twelve special news reports along with its six regularly scheduled ones that day. NHK covered the news of Pearl Harbor and other attacks positively throughout the rest of the month."
LOC,0.99767673,Western Pacific,251,266,Attack on Pearl Harbor,104,"News of the attack was first broadcast at 11:30 AM (Japanese Standard Time), however it had already been announced ""shortly after"" 7 AM (Japanese Standard Time) that Japan had ""entered into a situation of war with the United States and Britain in the Western Pacific before dawn"". There was no further elaboration or explanation, and the attacks were already finished by that time. The attack on Pearl Harbor was eventually covered in the Japanese press, but press in wartime Japan was heavily censored. One Japanese newspaper, The Asahi Shimbun did report on the attack the day it occurred, and from that point onward their editorials began to back governmental decisions regardless of what they were. The Asahi Shimbun also reported the declaration of war on the United States after the attacks, framing it as an Imperial Order, with most Japanese people taking it that way. In contrast, coverage in The New York Times focused on ""the danger to democracy and to the nation"" brought on by the Japanese attack. NHK broadcast twelve special news reports along with its six regularly scheduled ones that day. NHK covered the news of Pearl Harbor and other attacks positively throughout the rest of the month."
LOC,0.9995364,Pearl Harbor,396,408,Attack on Pearl Harbor,104,"News of the attack was first broadcast at 11:30 AM (Japanese Standard Time), however it had already been announced ""shortly after"" 7 AM (Japanese Standard Time) that Japan had ""entered into a situation of war with the United States and Britain in the Western Pacific before dawn"". There was no further elaboration or explanation, and the attacks were already finished by that time. The attack on Pearl Harbor was eventually covered in the Japanese press, but press in wartime Japan was heavily censored. One Japanese newspaper, The Asahi Shimbun did report on the attack the day it occurred, and from that point onward their editorials began to back governmental decisions regardless of what they were. The Asahi Shimbun also reported the declaration of war on the United States after the attacks, framing it as an Imperial Order, with most Japanese people taking it that way. In contrast, coverage in The New York Times focused on ""the danger to democracy and to the nation"" brought on by the Japanese attack. NHK broadcast twelve special news reports along with its six regularly scheduled ones that day. NHK covered the news of Pearl Harbor and other attacks positively throughout the rest of the month."
MISC,0.99977237,Japanese,439,447,Attack on Pearl Harbor,104,"News of the attack was first broadcast at 11:30 AM (Japanese Standard Time), however it had already been announced ""shortly after"" 7 AM (Japanese Standard Time) that Japan had ""entered into a situation of war with the United States and Britain in the Western Pacific before dawn"". There was no further elaboration or explanation, and the attacks were already finished by that time. The attack on Pearl Harbor was eventually covered in the Japanese press, but press in wartime Japan was heavily censored. One Japanese newspaper, The Asahi Shimbun did report on the attack the day it occurred, and from that point onward their editorials began to back governmental decisions regardless of what they were. The Asahi Shimbun also reported the declaration of war on the United States after the attacks, framing it as an Imperial Order, with most Japanese people taking it that way. In contrast, coverage in The New York Times focused on ""the danger to democracy and to the nation"" brought on by the Japanese attack. NHK broadcast twelve special news reports along with its six regularly scheduled ones that day. NHK covered the news of Pearl Harbor and other attacks positively throughout the rest of the month."
LOC,0.999772,Japan,476,481,Attack on Pearl Harbor,104,"News of the attack was first broadcast at 11:30 AM (Japanese Standard Time), however it had already been announced ""shortly after"" 7 AM (Japanese Standard Time) that Japan had ""entered into a situation of war with the United States and Britain in the Western Pacific before dawn"". There was no further elaboration or explanation, and the attacks were already finished by that time. The attack on Pearl Harbor was eventually covered in the Japanese press, but press in wartime Japan was heavily censored. One Japanese newspaper, The Asahi Shimbun did report on the attack the day it occurred, and from that point onward their editorials began to back governmental decisions regardless of what they were. The Asahi Shimbun also reported the declaration of war on the United States after the attacks, framing it as an Imperial Order, with most Japanese people taking it that way. In contrast, coverage in The New York Times focused on ""the danger to democracy and to the nation"" brought on by the Japanese attack. NHK broadcast twelve special news reports along with its six regularly scheduled ones that day. NHK covered the news of Pearl Harbor and other attacks positively throughout the rest of the month."
MISC,0.9997489,Japanese,508,516,Attack on Pearl Harbor,104,"News of the attack was first broadcast at 11:30 AM (Japanese Standard Time), however it had already been announced ""shortly after"" 7 AM (Japanese Standard Time) that Japan had ""entered into a situation of war with the United States and Britain in the Western Pacific before dawn"". There was no further elaboration or explanation, and the attacks were already finished by that time. The attack on Pearl Harbor was eventually covered in the Japanese press, but press in wartime Japan was heavily censored. One Japanese newspaper, The Asahi Shimbun did report on the attack the day it occurred, and from that point onward their editorials began to back governmental decisions regardless of what they were. The Asahi Shimbun also reported the declaration of war on the United States after the attacks, framing it as an Imperial Order, with most Japanese people taking it that way. In contrast, coverage in The New York Times focused on ""the danger to democracy and to the nation"" brought on by the Japanese attack. NHK broadcast twelve special news reports along with its six regularly scheduled ones that day. NHK covered the news of Pearl Harbor and other attacks positively throughout the rest of the month."
ORG,0.9936681,The Asahi Shimbun,528,545,Attack on Pearl Harbor,104,"News of the attack was first broadcast at 11:30 AM (Japanese Standard Time), however it had already been announced ""shortly after"" 7 AM (Japanese Standard Time) that Japan had ""entered into a situation of war with the United States and Britain in the Western Pacific before dawn"". There was no further elaboration or explanation, and the attacks were already finished by that time. The attack on Pearl Harbor was eventually covered in the Japanese press, but press in wartime Japan was heavily censored. One Japanese newspaper, The Asahi Shimbun did report on the attack the day it occurred, and from that point onward their editorials began to back governmental decisions regardless of what they were. The Asahi Shimbun also reported the declaration of war on the United States after the attacks, framing it as an Imperial Order, with most Japanese people taking it that way. In contrast, coverage in The New York Times focused on ""the danger to democracy and to the nation"" brought on by the Japanese attack. NHK broadcast twelve special news reports along with its six regularly scheduled ones that day. NHK covered the news of Pearl Harbor and other attacks positively throughout the rest of the month."
ORG,0.74556804,Asahi Shimbun,707,720,Attack on Pearl Harbor,104,"News of the attack was first broadcast at 11:30 AM (Japanese Standard Time), however it had already been announced ""shortly after"" 7 AM (Japanese Standard Time) that Japan had ""entered into a situation of war with the United States and Britain in the Western Pacific before dawn"". There was no further elaboration or explanation, and the attacks were already finished by that time. The attack on Pearl Harbor was eventually covered in the Japanese press, but press in wartime Japan was heavily censored. One Japanese newspaper, The Asahi Shimbun did report on the attack the day it occurred, and from that point onward their editorials began to back governmental decisions regardless of what they were. The Asahi Shimbun also reported the declaration of war on the United States after the attacks, framing it as an Imperial Order, with most Japanese people taking it that way. In contrast, coverage in The New York Times focused on ""the danger to democracy and to the nation"" brought on by the Japanese attack. NHK broadcast twelve special news reports along with its six regularly scheduled ones that day. NHK covered the news of Pearl Harbor and other attacks positively throughout the rest of the month."
LOC,0.99954164,United States,765,778,Attack on Pearl Harbor,104,"News of the attack was first broadcast at 11:30 AM (Japanese Standard Time), however it had already been announced ""shortly after"" 7 AM (Japanese Standard Time) that Japan had ""entered into a situation of war with the United States and Britain in the Western Pacific before dawn"". There was no further elaboration or explanation, and the attacks were already finished by that time. The attack on Pearl Harbor was eventually covered in the Japanese press, but press in wartime Japan was heavily censored. One Japanese newspaper, The Asahi Shimbun did report on the attack the day it occurred, and from that point onward their editorials began to back governmental decisions regardless of what they were. The Asahi Shimbun also reported the declaration of war on the United States after the attacks, framing it as an Imperial Order, with most Japanese people taking it that way. In contrast, coverage in The New York Times focused on ""the danger to democracy and to the nation"" brought on by the Japanese attack. NHK broadcast twelve special news reports along with its six regularly scheduled ones that day. NHK covered the news of Pearl Harbor and other attacks positively throughout the rest of the month."
MISC,0.80342656,Imperial Order,815,829,Attack on Pearl Harbor,104,"News of the attack was first broadcast at 11:30 AM (Japanese Standard Time), however it had already been announced ""shortly after"" 7 AM (Japanese Standard Time) that Japan had ""entered into a situation of war with the United States and Britain in the Western Pacific before dawn"". There was no further elaboration or explanation, and the attacks were already finished by that time. The attack on Pearl Harbor was eventually covered in the Japanese press, but press in wartime Japan was heavily censored. One Japanese newspaper, The Asahi Shimbun did report on the attack the day it occurred, and from that point onward their editorials began to back governmental decisions regardless of what they were. The Asahi Shimbun also reported the declaration of war on the United States after the attacks, framing it as an Imperial Order, with most Japanese people taking it that way. In contrast, coverage in The New York Times focused on ""the danger to democracy and to the nation"" brought on by the Japanese attack. NHK broadcast twelve special news reports along with its six regularly scheduled ones that day. NHK covered the news of Pearl Harbor and other attacks positively throughout the rest of the month."
MISC,0.9997688,Japanese,841,849,Attack on Pearl Harbor,104,"News of the attack was first broadcast at 11:30 AM (Japanese Standard Time), however it had already been announced ""shortly after"" 7 AM (Japanese Standard Time) that Japan had ""entered into a situation of war with the United States and Britain in the Western Pacific before dawn"". There was no further elaboration or explanation, and the attacks were already finished by that time. The attack on Pearl Harbor was eventually covered in the Japanese press, but press in wartime Japan was heavily censored. One Japanese newspaper, The Asahi Shimbun did report on the attack the day it occurred, and from that point onward their editorials began to back governmental decisions regardless of what they were. The Asahi Shimbun also reported the declaration of war on the United States after the attacks, framing it as an Imperial Order, with most Japanese people taking it that way. In contrast, coverage in The New York Times focused on ""the danger to democracy and to the nation"" brought on by the Japanese attack. NHK broadcast twelve special news reports along with its six regularly scheduled ones that day. NHK covered the news of Pearl Harbor and other attacks positively throughout the rest of the month."
ORG,0.99629945,The New York Times,902,920,Attack on Pearl Harbor,104,"News of the attack was first broadcast at 11:30 AM (Japanese Standard Time), however it had already been announced ""shortly after"" 7 AM (Japanese Standard Time) that Japan had ""entered into a situation of war with the United States and Britain in the Western Pacific before dawn"". There was no further elaboration or explanation, and the attacks were already finished by that time. The attack on Pearl Harbor was eventually covered in the Japanese press, but press in wartime Japan was heavily censored. One Japanese newspaper, The Asahi Shimbun did report on the attack the day it occurred, and from that point onward their editorials began to back governmental decisions regardless of what they were. The Asahi Shimbun also reported the declaration of war on the United States after the attacks, framing it as an Imperial Order, with most Japanese people taking it that way. In contrast, coverage in The New York Times focused on ""the danger to democracy and to the nation"" brought on by the Japanese attack. NHK broadcast twelve special news reports along with its six regularly scheduled ones that day. NHK covered the news of Pearl Harbor and other attacks positively throughout the rest of the month."
MISC,0.9997545,Japanese,994,1002,Attack on Pearl Harbor,104,"News of the attack was first broadcast at 11:30 AM (Japanese Standard Time), however it had already been announced ""shortly after"" 7 AM (Japanese Standard Time) that Japan had ""entered into a situation of war with the United States and Britain in the Western Pacific before dawn"". There was no further elaboration or explanation, and the attacks were already finished by that time. The attack on Pearl Harbor was eventually covered in the Japanese press, but press in wartime Japan was heavily censored. One Japanese newspaper, The Asahi Shimbun did report on the attack the day it occurred, and from that point onward their editorials began to back governmental decisions regardless of what they were. The Asahi Shimbun also reported the declaration of war on the United States after the attacks, framing it as an Imperial Order, with most Japanese people taking it that way. In contrast, coverage in The New York Times focused on ""the danger to democracy and to the nation"" brought on by the Japanese attack. NHK broadcast twelve special news reports along with its six regularly scheduled ones that day. NHK covered the news of Pearl Harbor and other attacks positively throughout the rest of the month."
ORG,0.49957678,NHK,1011,1014,Attack on Pearl Harbor,104,"News of the attack was first broadcast at 11:30 AM (Japanese Standard Time), however it had already been announced ""shortly after"" 7 AM (Japanese Standard Time) that Japan had ""entered into a situation of war with the United States and Britain in the Western Pacific before dawn"". There was no further elaboration or explanation, and the attacks were already finished by that time. The attack on Pearl Harbor was eventually covered in the Japanese press, but press in wartime Japan was heavily censored. One Japanese newspaper, The Asahi Shimbun did report on the attack the day it occurred, and from that point onward their editorials began to back governmental decisions regardless of what they were. The Asahi Shimbun also reported the declaration of war on the United States after the attacks, framing it as an Imperial Order, with most Japanese people taking it that way. In contrast, coverage in The New York Times focused on ""the danger to democracy and to the nation"" brought on by the Japanese attack. NHK broadcast twelve special news reports along with its six regularly scheduled ones that day. NHK covered the news of Pearl Harbor and other attacks positively throughout the rest of the month."
ORG,0.49950737,NHK,1107,1110,Attack on Pearl Harbor,104,"News of the attack was first broadcast at 11:30 AM (Japanese Standard Time), however it had already been announced ""shortly after"" 7 AM (Japanese Standard Time) that Japan had ""entered into a situation of war with the United States and Britain in the Western Pacific before dawn"". There was no further elaboration or explanation, and the attacks were already finished by that time. The attack on Pearl Harbor was eventually covered in the Japanese press, but press in wartime Japan was heavily censored. One Japanese newspaper, The Asahi Shimbun did report on the attack the day it occurred, and from that point onward their editorials began to back governmental decisions regardless of what they were. The Asahi Shimbun also reported the declaration of war on the United States after the attacks, framing it as an Imperial Order, with most Japanese people taking it that way. In contrast, coverage in The New York Times focused on ""the danger to democracy and to the nation"" brought on by the Japanese attack. NHK broadcast twelve special news reports along with its six regularly scheduled ones that day. NHK covered the news of Pearl Harbor and other attacks positively throughout the rest of the month."
LOC,0.99947727,Pearl Harbor,1131,1143,Attack on Pearl Harbor,104,"News of the attack was first broadcast at 11:30 AM (Japanese Standard Time), however it had already been announced ""shortly after"" 7 AM (Japanese Standard Time) that Japan had ""entered into a situation of war with the United States and Britain in the Western Pacific before dawn"". There was no further elaboration or explanation, and the attacks were already finished by that time. The attack on Pearl Harbor was eventually covered in the Japanese press, but press in wartime Japan was heavily censored. One Japanese newspaper, The Asahi Shimbun did report on the attack the day it occurred, and from that point onward their editorials began to back governmental decisions regardless of what they were. The Asahi Shimbun also reported the declaration of war on the United States after the attacks, framing it as an Imperial Order, with most Japanese people taking it that way. In contrast, coverage in The New York Times focused on ""the danger to democracy and to the nation"" brought on by the Japanese attack. NHK broadcast twelve special news reports along with its six regularly scheduled ones that day. NHK covered the news of Pearl Harbor and other attacks positively throughout the rest of the month."
LOC,0.9993007,United Kingdom,4,18,Attack on Pearl Harbor,105,The United Kingdom's BBC broadcast news of the attack and that Manila was also under attack.
ORG,0.99930215,BBC,21,24,Attack on Pearl Harbor,105,The United Kingdom's BBC broadcast news of the attack and that Manila was also under attack.
LOC,0.9996413,Manila,63,69,Attack on Pearl Harbor,105,The United Kingdom's BBC broadcast news of the attack and that Manila was also under attack.
LOC,0.9221717,US,26,28,Attack on Pearl Harbor,106,"The day after the attack, US president Franklin D. Roosevelt delivered his famous Day of Infamy speech to a Joint Session of Congress, calling for a formal declaration of war on the Empire of Japan. Congress obliged his request less than an hour later. On December 11, Germany and Italy declared war on the United States, even though the Tripartite Pact did not require it. Congress issued a declaration of war against Germany and Italy later that same day."
PER,0.9897041,Franklin D. Roosevelt,39,60,Attack on Pearl Harbor,106,"The day after the attack, US president Franklin D. Roosevelt delivered his famous Day of Infamy speech to a Joint Session of Congress, calling for a formal declaration of war on the Empire of Japan. Congress obliged his request less than an hour later. On December 11, Germany and Italy declared war on the United States, even though the Tripartite Pact did not require it. Congress issued a declaration of war against Germany and Italy later that same day."
MISC,0.99013233,Day of Infamy,82,95,Attack on Pearl Harbor,106,"The day after the attack, US president Franklin D. Roosevelt delivered his famous Day of Infamy speech to a Joint Session of Congress, calling for a formal declaration of war on the Empire of Japan. Congress obliged his request less than an hour later. On December 11, Germany and Italy declared war on the United States, even though the Tripartite Pact did not require it. Congress issued a declaration of war against Germany and Italy later that same day."
ORG,0.7085955,Joint Session of,108,124,Attack on Pearl Harbor,106,"The day after the attack, US president Franklin D. Roosevelt delivered his famous Day of Infamy speech to a Joint Session of Congress, calling for a formal declaration of war on the Empire of Japan. Congress obliged his request less than an hour later. On December 11, Germany and Italy declared war on the United States, even though the Tripartite Pact did not require it. Congress issued a declaration of war against Germany and Italy later that same day."
ORG,0.7600416,Congress,125,133,Attack on Pearl Harbor,106,"The day after the attack, US president Franklin D. Roosevelt delivered his famous Day of Infamy speech to a Joint Session of Congress, calling for a formal declaration of war on the Empire of Japan. Congress obliged his request less than an hour later. On December 11, Germany and Italy declared war on the United States, even though the Tripartite Pact did not require it. Congress issued a declaration of war against Germany and Italy later that same day."
LOC,0.72115785,Empire of Japan,182,197,Attack on Pearl Harbor,106,"The day after the attack, US president Franklin D. Roosevelt delivered his famous Day of Infamy speech to a Joint Session of Congress, calling for a formal declaration of war on the Empire of Japan. Congress obliged his request less than an hour later. On December 11, Germany and Italy declared war on the United States, even though the Tripartite Pact did not require it. Congress issued a declaration of war against Germany and Italy later that same day."
ORG,0.99851006,Congress,199,207,Attack on Pearl Harbor,106,"The day after the attack, US president Franklin D. Roosevelt delivered his famous Day of Infamy speech to a Joint Session of Congress, calling for a formal declaration of war on the Empire of Japan. Congress obliged his request less than an hour later. On December 11, Germany and Italy declared war on the United States, even though the Tripartite Pact did not require it. Congress issued a declaration of war against Germany and Italy later that same day."
LOC,0.9997677,Germany,269,276,Attack on Pearl Harbor,106,"The day after the attack, US president Franklin D. Roosevelt delivered his famous Day of Infamy speech to a Joint Session of Congress, calling for a formal declaration of war on the Empire of Japan. Congress obliged his request less than an hour later. On December 11, Germany and Italy declared war on the United States, even though the Tripartite Pact did not require it. Congress issued a declaration of war against Germany and Italy later that same day."
LOC,0.9998123,Italy,281,286,Attack on Pearl Harbor,106,"The day after the attack, US president Franklin D. Roosevelt delivered his famous Day of Infamy speech to a Joint Session of Congress, calling for a formal declaration of war on the Empire of Japan. Congress obliged his request less than an hour later. On December 11, Germany and Italy declared war on the United States, even though the Tripartite Pact did not require it. Congress issued a declaration of war against Germany and Italy later that same day."
LOC,0.99953836,United States,307,320,Attack on Pearl Harbor,106,"The day after the attack, US president Franklin D. Roosevelt delivered his famous Day of Infamy speech to a Joint Session of Congress, calling for a formal declaration of war on the Empire of Japan. Congress obliged his request less than an hour later. On December 11, Germany and Italy declared war on the United States, even though the Tripartite Pact did not require it. Congress issued a declaration of war against Germany and Italy later that same day."
MISC,0.8184542,Tripartite Pact,338,353,Attack on Pearl Harbor,106,"The day after the attack, US president Franklin D. Roosevelt delivered his famous Day of Infamy speech to a Joint Session of Congress, calling for a formal declaration of war on the Empire of Japan. Congress obliged his request less than an hour later. On December 11, Germany and Italy declared war on the United States, even though the Tripartite Pact did not require it. Congress issued a declaration of war against Germany and Italy later that same day."
ORG,0.9984547,Congress,374,382,Attack on Pearl Harbor,106,"The day after the attack, US president Franklin D. Roosevelt delivered his famous Day of Infamy speech to a Joint Session of Congress, calling for a formal declaration of war on the Empire of Japan. Congress obliged his request less than an hour later. On December 11, Germany and Italy declared war on the United States, even though the Tripartite Pact did not require it. Congress issued a declaration of war against Germany and Italy later that same day."
LOC,0.99970907,Germany,419,426,Attack on Pearl Harbor,106,"The day after the attack, US president Franklin D. Roosevelt delivered his famous Day of Infamy speech to a Joint Session of Congress, calling for a formal declaration of war on the Empire of Japan. Congress obliged his request less than an hour later. On December 11, Germany and Italy declared war on the United States, even though the Tripartite Pact did not require it. Congress issued a declaration of war against Germany and Italy later that same day."
LOC,0.99977773,Italy,431,436,Attack on Pearl Harbor,106,"The day after the attack, US president Franklin D. Roosevelt delivered his famous Day of Infamy speech to a Joint Session of Congress, calling for a formal declaration of war on the Empire of Japan. Congress obliged his request less than an hour later. On December 11, Germany and Italy declared war on the United States, even though the Tripartite Pact did not require it. Congress issued a declaration of war against Germany and Italy later that same day."
LOC,0.9995179,United Kingdom,4,18,Attack on Pearl Harbor,107,"The United Kingdom had already been at war with Germany since September 1939 and with Italy since June 1940, and British prime minister Winston Churchill had promised to declare war ""within the hour"" of a Japanese attack on the United States. Upon learning of the Japanese attacks on Malaya, Singapore, and Hong Kong, Churchill promptly determined there was no need to either wait or further consult the US government and immediately summoned the Japanese ambassador. As a result, the United Kingdom declared war on Japan nine hours before the United States did."
LOC,0.99978024,Germany,48,55,Attack on Pearl Harbor,107,"The United Kingdom had already been at war with Germany since September 1939 and with Italy since June 1940, and British prime minister Winston Churchill had promised to declare war ""within the hour"" of a Japanese attack on the United States. Upon learning of the Japanese attacks on Malaya, Singapore, and Hong Kong, Churchill promptly determined there was no need to either wait or further consult the US government and immediately summoned the Japanese ambassador. As a result, the United Kingdom declared war on Japan nine hours before the United States did."
LOC,0.9998227,Italy,86,91,Attack on Pearl Harbor,107,"The United Kingdom had already been at war with Germany since September 1939 and with Italy since June 1940, and British prime minister Winston Churchill had promised to declare war ""within the hour"" of a Japanese attack on the United States. Upon learning of the Japanese attacks on Malaya, Singapore, and Hong Kong, Churchill promptly determined there was no need to either wait or further consult the US government and immediately summoned the Japanese ambassador. As a result, the United Kingdom declared war on Japan nine hours before the United States did."
MISC,0.99978894,British,113,120,Attack on Pearl Harbor,107,"The United Kingdom had already been at war with Germany since September 1939 and with Italy since June 1940, and British prime minister Winston Churchill had promised to declare war ""within the hour"" of a Japanese attack on the United States. Upon learning of the Japanese attacks on Malaya, Singapore, and Hong Kong, Churchill promptly determined there was no need to either wait or further consult the US government and immediately summoned the Japanese ambassador. As a result, the United Kingdom declared war on Japan nine hours before the United States did."
PER,0.99942064,Winston Churchill,136,153,Attack on Pearl Harbor,107,"The United Kingdom had already been at war with Germany since September 1939 and with Italy since June 1940, and British prime minister Winston Churchill had promised to declare war ""within the hour"" of a Japanese attack on the United States. Upon learning of the Japanese attacks on Malaya, Singapore, and Hong Kong, Churchill promptly determined there was no need to either wait or further consult the US government and immediately summoned the Japanese ambassador. As a result, the United Kingdom declared war on Japan nine hours before the United States did."
MISC,0.99978524,Japanese,205,213,Attack on Pearl Harbor,107,"The United Kingdom had already been at war with Germany since September 1939 and with Italy since June 1940, and British prime minister Winston Churchill had promised to declare war ""within the hour"" of a Japanese attack on the United States. Upon learning of the Japanese attacks on Malaya, Singapore, and Hong Kong, Churchill promptly determined there was no need to either wait or further consult the US government and immediately summoned the Japanese ambassador. As a result, the United Kingdom declared war on Japan nine hours before the United States did."
LOC,0.9995667,United States,228,241,Attack on Pearl Harbor,107,"The United Kingdom had already been at war with Germany since September 1939 and with Italy since June 1940, and British prime minister Winston Churchill had promised to declare war ""within the hour"" of a Japanese attack on the United States. Upon learning of the Japanese attacks on Malaya, Singapore, and Hong Kong, Churchill promptly determined there was no need to either wait or further consult the US government and immediately summoned the Japanese ambassador. As a result, the United Kingdom declared war on Japan nine hours before the United States did."
MISC,0.9997452,Japanese,264,272,Attack on Pearl Harbor,107,"The United Kingdom had already been at war with Germany since September 1939 and with Italy since June 1940, and British prime minister Winston Churchill had promised to declare war ""within the hour"" of a Japanese attack on the United States. Upon learning of the Japanese attacks on Malaya, Singapore, and Hong Kong, Churchill promptly determined there was no need to either wait or further consult the US government and immediately summoned the Japanese ambassador. As a result, the United Kingdom declared war on Japan nine hours before the United States did."
LOC,0.99976283,Malaya,284,290,Attack on Pearl Harbor,107,"The United Kingdom had already been at war with Germany since September 1939 and with Italy since June 1940, and British prime minister Winston Churchill had promised to declare war ""within the hour"" of a Japanese attack on the United States. Upon learning of the Japanese attacks on Malaya, Singapore, and Hong Kong, Churchill promptly determined there was no need to either wait or further consult the US government and immediately summoned the Japanese ambassador. As a result, the United Kingdom declared war on Japan nine hours before the United States did."
LOC,0.9997657,Singapore,292,301,Attack on Pearl Harbor,107,"The United Kingdom had already been at war with Germany since September 1939 and with Italy since June 1940, and British prime minister Winston Churchill had promised to declare war ""within the hour"" of a Japanese attack on the United States. Upon learning of the Japanese attacks on Malaya, Singapore, and Hong Kong, Churchill promptly determined there was no need to either wait or further consult the US government and immediately summoned the Japanese ambassador. As a result, the United Kingdom declared war on Japan nine hours before the United States did."
LOC,0.99964976,Hong Kong,307,316,Attack on Pearl Harbor,107,"The United Kingdom had already been at war with Germany since September 1939 and with Italy since June 1940, and British prime minister Winston Churchill had promised to declare war ""within the hour"" of a Japanese attack on the United States. Upon learning of the Japanese attacks on Malaya, Singapore, and Hong Kong, Churchill promptly determined there was no need to either wait or further consult the US government and immediately summoned the Japanese ambassador. As a result, the United Kingdom declared war on Japan nine hours before the United States did."
PER,0.99885297,Churchill,318,327,Attack on Pearl Harbor,107,"The United Kingdom had already been at war with Germany since September 1939 and with Italy since June 1940, and British prime minister Winston Churchill had promised to declare war ""within the hour"" of a Japanese attack on the United States. Upon learning of the Japanese attacks on Malaya, Singapore, and Hong Kong, Churchill promptly determined there was no need to either wait or further consult the US government and immediately summoned the Japanese ambassador. As a result, the United Kingdom declared war on Japan nine hours before the United States did."
LOC,0.99228114,US,404,406,Attack on Pearl Harbor,107,"The United Kingdom had already been at war with Germany since September 1939 and with Italy since June 1940, and British prime minister Winston Churchill had promised to declare war ""within the hour"" of a Japanese attack on the United States. Upon learning of the Japanese attacks on Malaya, Singapore, and Hong Kong, Churchill promptly determined there was no need to either wait or further consult the US government and immediately summoned the Japanese ambassador. As a result, the United Kingdom declared war on Japan nine hours before the United States did."
MISC,0.99977225,Japanese,447,455,Attack on Pearl Harbor,107,"The United Kingdom had already been at war with Germany since September 1939 and with Italy since June 1940, and British prime minister Winston Churchill had promised to declare war ""within the hour"" of a Japanese attack on the United States. Upon learning of the Japanese attacks on Malaya, Singapore, and Hong Kong, Churchill promptly determined there was no need to either wait or further consult the US government and immediately summoned the Japanese ambassador. As a result, the United Kingdom declared war on Japan nine hours before the United States did."
LOC,0.9994483,United Kingdom,485,499,Attack on Pearl Harbor,107,"The United Kingdom had already been at war with Germany since September 1939 and with Italy since June 1940, and British prime minister Winston Churchill had promised to declare war ""within the hour"" of a Japanese attack on the United States. Upon learning of the Japanese attacks on Malaya, Singapore, and Hong Kong, Churchill promptly determined there was no need to either wait or further consult the US government and immediately summoned the Japanese ambassador. As a result, the United Kingdom declared war on Japan nine hours before the United States did."
LOC,0.99978834,Japan,516,521,Attack on Pearl Harbor,107,"The United Kingdom had already been at war with Germany since September 1939 and with Italy since June 1940, and British prime minister Winston Churchill had promised to declare war ""within the hour"" of a Japanese attack on the United States. Upon learning of the Japanese attacks on Malaya, Singapore, and Hong Kong, Churchill promptly determined there was no need to either wait or further consult the US government and immediately summoned the Japanese ambassador. As a result, the United Kingdom declared war on Japan nine hours before the United States did."
LOC,0.9995747,United States,544,557,Attack on Pearl Harbor,107,"The United Kingdom had already been at war with Germany since September 1939 and with Italy since June 1940, and British prime minister Winston Churchill had promised to declare war ""within the hour"" of a Japanese attack on the United States. Upon learning of the Japanese attacks on Malaya, Singapore, and Hong Kong, Churchill promptly determined there was no need to either wait or further consult the US government and immediately summoned the Japanese ambassador. As a result, the United Kingdom declared war on Japan nine hours before the United States did."
MISC,0.9928433,Allies,34,40,Attack on Pearl Harbor,108,"The attack was a shock to all the Allies in the Pacific Theater. Further losses compounded the alarming setback. Japan began the Philippines campaign (1941–1942) hours later (because of the time difference, it was December 8 in the Philippines). Only three days after the attack on Pearl Harbor, Prince of Wales and Repulse were sunk off Malaya. Churchill recollected ""In all the war I never received a more direct shock. As I turned and twisted in bed the full horror of the news sank in upon me. There were no British or American capital ships in the Indian Ocean or the Pacific except the American survivors of Pearl Harbor who were hastening back to California. Over this vast expanse of waters, Japan was supreme and we everywhere were weak and naked."""
LOC,0.97293675,Pacific Theater,48,63,Attack on Pearl Harbor,108,"The attack was a shock to all the Allies in the Pacific Theater. Further losses compounded the alarming setback. Japan began the Philippines campaign (1941–1942) hours later (because of the time difference, it was December 8 in the Philippines). Only three days after the attack on Pearl Harbor, Prince of Wales and Repulse were sunk off Malaya. Churchill recollected ""In all the war I never received a more direct shock. As I turned and twisted in bed the full horror of the news sank in upon me. There were no British or American capital ships in the Indian Ocean or the Pacific except the American survivors of Pearl Harbor who were hastening back to California. Over this vast expanse of waters, Japan was supreme and we everywhere were weak and naked."""
LOC,0.99982506,Japan,113,118,Attack on Pearl Harbor,108,"The attack was a shock to all the Allies in the Pacific Theater. Further losses compounded the alarming setback. Japan began the Philippines campaign (1941–1942) hours later (because of the time difference, it was December 8 in the Philippines). Only three days after the attack on Pearl Harbor, Prince of Wales and Repulse were sunk off Malaya. Churchill recollected ""In all the war I never received a more direct shock. As I turned and twisted in bed the full horror of the news sank in upon me. There were no British or American capital ships in the Indian Ocean or the Pacific except the American survivors of Pearl Harbor who were hastening back to California. Over this vast expanse of waters, Japan was supreme and we everywhere were weak and naked."""
LOC,0.9996736,Philippines,129,140,Attack on Pearl Harbor,108,"The attack was a shock to all the Allies in the Pacific Theater. Further losses compounded the alarming setback. Japan began the Philippines campaign (1941–1942) hours later (because of the time difference, it was December 8 in the Philippines). Only three days after the attack on Pearl Harbor, Prince of Wales and Repulse were sunk off Malaya. Churchill recollected ""In all the war I never received a more direct shock. As I turned and twisted in bed the full horror of the news sank in upon me. There were no British or American capital ships in the Indian Ocean or the Pacific except the American survivors of Pearl Harbor who were hastening back to California. Over this vast expanse of waters, Japan was supreme and we everywhere were weak and naked."""
LOC,0.9998053,Philippines,232,243,Attack on Pearl Harbor,108,"The attack was a shock to all the Allies in the Pacific Theater. Further losses compounded the alarming setback. Japan began the Philippines campaign (1941–1942) hours later (because of the time difference, it was December 8 in the Philippines). Only three days after the attack on Pearl Harbor, Prince of Wales and Repulse were sunk off Malaya. Churchill recollected ""In all the war I never received a more direct shock. As I turned and twisted in bed the full horror of the news sank in upon me. There were no British or American capital ships in the Indian Ocean or the Pacific except the American survivors of Pearl Harbor who were hastening back to California. Over this vast expanse of waters, Japan was supreme and we everywhere were weak and naked."""
LOC,0.9995316,Pearl Harbor,282,294,Attack on Pearl Harbor,108,"The attack was a shock to all the Allies in the Pacific Theater. Further losses compounded the alarming setback. Japan began the Philippines campaign (1941–1942) hours later (because of the time difference, it was December 8 in the Philippines). Only three days after the attack on Pearl Harbor, Prince of Wales and Repulse were sunk off Malaya. Churchill recollected ""In all the war I never received a more direct shock. As I turned and twisted in bed the full horror of the news sank in upon me. There were no British or American capital ships in the Indian Ocean or the Pacific except the American survivors of Pearl Harbor who were hastening back to California. Over this vast expanse of waters, Japan was supreme and we everywhere were weak and naked."""
ORG,0.74659586,Prince of Wales,296,311,Attack on Pearl Harbor,108,"The attack was a shock to all the Allies in the Pacific Theater. Further losses compounded the alarming setback. Japan began the Philippines campaign (1941–1942) hours later (because of the time difference, it was December 8 in the Philippines). Only three days after the attack on Pearl Harbor, Prince of Wales and Repulse were sunk off Malaya. Churchill recollected ""In all the war I never received a more direct shock. As I turned and twisted in bed the full horror of the news sank in upon me. There were no British or American capital ships in the Indian Ocean or the Pacific except the American survivors of Pearl Harbor who were hastening back to California. Over this vast expanse of waters, Japan was supreme and we everywhere were weak and naked."""
ORG,0.48281297,Repulse,316,323,Attack on Pearl Harbor,108,"The attack was a shock to all the Allies in the Pacific Theater. Further losses compounded the alarming setback. Japan began the Philippines campaign (1941–1942) hours later (because of the time difference, it was December 8 in the Philippines). Only three days after the attack on Pearl Harbor, Prince of Wales and Repulse were sunk off Malaya. Churchill recollected ""In all the war I never received a more direct shock. As I turned and twisted in bed the full horror of the news sank in upon me. There were no British or American capital ships in the Indian Ocean or the Pacific except the American survivors of Pearl Harbor who were hastening back to California. Over this vast expanse of waters, Japan was supreme and we everywhere were weak and naked."""
LOC,0.9997887,Malaya,338,344,Attack on Pearl Harbor,108,"The attack was a shock to all the Allies in the Pacific Theater. Further losses compounded the alarming setback. Japan began the Philippines campaign (1941–1942) hours later (because of the time difference, it was December 8 in the Philippines). Only three days after the attack on Pearl Harbor, Prince of Wales and Repulse were sunk off Malaya. Churchill recollected ""In all the war I never received a more direct shock. As I turned and twisted in bed the full horror of the news sank in upon me. There were no British or American capital ships in the Indian Ocean or the Pacific except the American survivors of Pearl Harbor who were hastening back to California. Over this vast expanse of waters, Japan was supreme and we everywhere were weak and naked."""
PER,0.99885476,Churchill,346,355,Attack on Pearl Harbor,108,"The attack was a shock to all the Allies in the Pacific Theater. Further losses compounded the alarming setback. Japan began the Philippines campaign (1941–1942) hours later (because of the time difference, it was December 8 in the Philippines). Only three days after the attack on Pearl Harbor, Prince of Wales and Repulse were sunk off Malaya. Churchill recollected ""In all the war I never received a more direct shock. As I turned and twisted in bed the full horror of the news sank in upon me. There were no British or American capital ships in the Indian Ocean or the Pacific except the American survivors of Pearl Harbor who were hastening back to California. Over this vast expanse of waters, Japan was supreme and we everywhere were weak and naked."""
MISC,0.9997458,British,512,519,Attack on Pearl Harbor,108,"The attack was a shock to all the Allies in the Pacific Theater. Further losses compounded the alarming setback. Japan began the Philippines campaign (1941–1942) hours later (because of the time difference, it was December 8 in the Philippines). Only three days after the attack on Pearl Harbor, Prince of Wales and Repulse were sunk off Malaya. Churchill recollected ""In all the war I never received a more direct shock. As I turned and twisted in bed the full horror of the news sank in upon me. There were no British or American capital ships in the Indian Ocean or the Pacific except the American survivors of Pearl Harbor who were hastening back to California. Over this vast expanse of waters, Japan was supreme and we everywhere were weak and naked."""
MISC,0.99971825,American,523,531,Attack on Pearl Harbor,108,"The attack was a shock to all the Allies in the Pacific Theater. Further losses compounded the alarming setback. Japan began the Philippines campaign (1941–1942) hours later (because of the time difference, it was December 8 in the Philippines). Only three days after the attack on Pearl Harbor, Prince of Wales and Repulse were sunk off Malaya. Churchill recollected ""In all the war I never received a more direct shock. As I turned and twisted in bed the full horror of the news sank in upon me. There were no British or American capital ships in the Indian Ocean or the Pacific except the American survivors of Pearl Harbor who were hastening back to California. Over this vast expanse of waters, Japan was supreme and we everywhere were weak and naked."""
LOC,0.9994284,Indian Ocean,553,565,Attack on Pearl Harbor,108,"The attack was a shock to all the Allies in the Pacific Theater. Further losses compounded the alarming setback. Japan began the Philippines campaign (1941–1942) hours later (because of the time difference, it was December 8 in the Philippines). Only three days after the attack on Pearl Harbor, Prince of Wales and Repulse were sunk off Malaya. Churchill recollected ""In all the war I never received a more direct shock. As I turned and twisted in bed the full horror of the news sank in upon me. There were no British or American capital ships in the Indian Ocean or the Pacific except the American survivors of Pearl Harbor who were hastening back to California. Over this vast expanse of waters, Japan was supreme and we everywhere were weak and naked."""
LOC,0.9994616,Pacific,573,580,Attack on Pearl Harbor,108,"The attack was a shock to all the Allies in the Pacific Theater. Further losses compounded the alarming setback. Japan began the Philippines campaign (1941–1942) hours later (because of the time difference, it was December 8 in the Philippines). Only three days after the attack on Pearl Harbor, Prince of Wales and Repulse were sunk off Malaya. Churchill recollected ""In all the war I never received a more direct shock. As I turned and twisted in bed the full horror of the news sank in upon me. There were no British or American capital ships in the Indian Ocean or the Pacific except the American survivors of Pearl Harbor who were hastening back to California. Over this vast expanse of waters, Japan was supreme and we everywhere were weak and naked."""
MISC,0.99977857,American,592,600,Attack on Pearl Harbor,108,"The attack was a shock to all the Allies in the Pacific Theater. Further losses compounded the alarming setback. Japan began the Philippines campaign (1941–1942) hours later (because of the time difference, it was December 8 in the Philippines). Only three days after the attack on Pearl Harbor, Prince of Wales and Repulse were sunk off Malaya. Churchill recollected ""In all the war I never received a more direct shock. As I turned and twisted in bed the full horror of the news sank in upon me. There were no British or American capital ships in the Indian Ocean or the Pacific except the American survivors of Pearl Harbor who were hastening back to California. Over this vast expanse of waters, Japan was supreme and we everywhere were weak and naked."""
LOC,0.9994893,Pearl Harbor,614,626,Attack on Pearl Harbor,108,"The attack was a shock to all the Allies in the Pacific Theater. Further losses compounded the alarming setback. Japan began the Philippines campaign (1941–1942) hours later (because of the time difference, it was December 8 in the Philippines). Only three days after the attack on Pearl Harbor, Prince of Wales and Repulse were sunk off Malaya. Churchill recollected ""In all the war I never received a more direct shock. As I turned and twisted in bed the full horror of the news sank in upon me. There were no British or American capital ships in the Indian Ocean or the Pacific except the American survivors of Pearl Harbor who were hastening back to California. Over this vast expanse of waters, Japan was supreme and we everywhere were weak and naked."""
LOC,0.9997689,California,654,664,Attack on Pearl Harbor,108,"The attack was a shock to all the Allies in the Pacific Theater. Further losses compounded the alarming setback. Japan began the Philippines campaign (1941–1942) hours later (because of the time difference, it was December 8 in the Philippines). Only three days after the attack on Pearl Harbor, Prince of Wales and Repulse were sunk off Malaya. Churchill recollected ""In all the war I never received a more direct shock. As I turned and twisted in bed the full horror of the news sank in upon me. There were no British or American capital ships in the Indian Ocean or the Pacific except the American survivors of Pearl Harbor who were hastening back to California. Over this vast expanse of waters, Japan was supreme and we everywhere were weak and naked."""
LOC,0.9997633,Japan,700,705,Attack on Pearl Harbor,108,"The attack was a shock to all the Allies in the Pacific Theater. Further losses compounded the alarming setback. Japan began the Philippines campaign (1941–1942) hours later (because of the time difference, it was December 8 in the Philippines). Only three days after the attack on Pearl Harbor, Prince of Wales and Repulse were sunk off Malaya. Churchill recollected ""In all the war I never received a more direct shock. As I turned and twisted in bed the full horror of the news sank in upon me. There were no British or American capital ships in the Indian Ocean or the Pacific except the American survivors of Pearl Harbor who were hastening back to California. Over this vast expanse of waters, Japan was supreme and we everywhere were weak and naked."""
LOC,0.9995206,Pearl Harbor,20,32,Attack on Pearl Harbor,109,"Throughout the war, Pearl Harbor was frequently used in American propaganda. The bombing of Pearl Harbor would not persuade controversial Detroit area priest Charles Coughlin to support US entry into World War II, with Coughlin even alleging that Jews had planned the war for their own benefit and had conspired to involve the United States."
MISC,0.99974936,American,56,64,Attack on Pearl Harbor,109,"Throughout the war, Pearl Harbor was frequently used in American propaganda. The bombing of Pearl Harbor would not persuade controversial Detroit area priest Charles Coughlin to support US entry into World War II, with Coughlin even alleging that Jews had planned the war for their own benefit and had conspired to involve the United States."
LOC,0.99956036,Pearl Harbor,92,104,Attack on Pearl Harbor,109,"Throughout the war, Pearl Harbor was frequently used in American propaganda. The bombing of Pearl Harbor would not persuade controversial Detroit area priest Charles Coughlin to support US entry into World War II, with Coughlin even alleging that Jews had planned the war for their own benefit and had conspired to involve the United States."
LOC,0.9994041,Detroit,138,145,Attack on Pearl Harbor,109,"Throughout the war, Pearl Harbor was frequently used in American propaganda. The bombing of Pearl Harbor would not persuade controversial Detroit area priest Charles Coughlin to support US entry into World War II, with Coughlin even alleging that Jews had planned the war for their own benefit and had conspired to involve the United States."
PER,0.9959449,Charles Coughlin,158,174,Attack on Pearl Harbor,109,"Throughout the war, Pearl Harbor was frequently used in American propaganda. The bombing of Pearl Harbor would not persuade controversial Detroit area priest Charles Coughlin to support US entry into World War II, with Coughlin even alleging that Jews had planned the war for their own benefit and had conspired to involve the United States."
LOC,0.9442936,US,186,188,Attack on Pearl Harbor,109,"Throughout the war, Pearl Harbor was frequently used in American propaganda. The bombing of Pearl Harbor would not persuade controversial Detroit area priest Charles Coughlin to support US entry into World War II, with Coughlin even alleging that Jews had planned the war for their own benefit and had conspired to involve the United States."
MISC,0.9969867,World War II,200,212,Attack on Pearl Harbor,109,"Throughout the war, Pearl Harbor was frequently used in American propaganda. The bombing of Pearl Harbor would not persuade controversial Detroit area priest Charles Coughlin to support US entry into World War II, with Coughlin even alleging that Jews had planned the war for their own benefit and had conspired to involve the United States."
PER,0.53524166,Coughlin,219,227,Attack on Pearl Harbor,109,"Throughout the war, Pearl Harbor was frequently used in American propaganda. The bombing of Pearl Harbor would not persuade controversial Detroit area priest Charles Coughlin to support US entry into World War II, with Coughlin even alleging that Jews had planned the war for their own benefit and had conspired to involve the United States."
MISC,0.999065,Jews,247,251,Attack on Pearl Harbor,109,"Throughout the war, Pearl Harbor was frequently used in American propaganda. The bombing of Pearl Harbor would not persuade controversial Detroit area priest Charles Coughlin to support US entry into World War II, with Coughlin even alleging that Jews had planned the war for their own benefit and had conspired to involve the United States."
LOC,0.9995349,United States,327,340,Attack on Pearl Harbor,109,"Throughout the war, Pearl Harbor was frequently used in American propaganda. The bombing of Pearl Harbor would not persuade controversial Detroit area priest Charles Coughlin to support US entry into World War II, with Coughlin even alleging that Jews had planned the war for their own benefit and had conspired to involve the United States."
LOC,0.9993379,Pearl Harbor,41,53,Attack on Pearl Harbor,110,"One further consequence of the attack on Pearl Harbor and its aftermath (notably the Niʻihau incident) was that Japanese-American residents and citizens were imprisoned in nearby Japanese-American internment camps. Within hours of the attack, hundreds of Japanese-American leaders were rounded up and taken to high-security camps such as Sand Island at the mouth of Honolulu harbor and Kilauea Military Camp on the island of Hawaii. Eventually, more than 110,000 Japanese Americans, nearly all who lived on the West Coast, were forced into interior camps, but in Hawaii, where the 150,000-plus Japanese Americans composed over one-third of the population, only 1,200 to 1,800 were interned."
LOC,0.7364217,Niʻihau,85,92,Attack on Pearl Harbor,110,"One further consequence of the attack on Pearl Harbor and its aftermath (notably the Niʻihau incident) was that Japanese-American residents and citizens were imprisoned in nearby Japanese-American internment camps. Within hours of the attack, hundreds of Japanese-American leaders were rounded up and taken to high-security camps such as Sand Island at the mouth of Honolulu harbor and Kilauea Military Camp on the island of Hawaii. Eventually, more than 110,000 Japanese Americans, nearly all who lived on the West Coast, were forced into interior camps, but in Hawaii, where the 150,000-plus Japanese Americans composed over one-third of the population, only 1,200 to 1,800 were interned."
MISC,0.99966943,Japanese,112,120,Attack on Pearl Harbor,110,"One further consequence of the attack on Pearl Harbor and its aftermath (notably the Niʻihau incident) was that Japanese-American residents and citizens were imprisoned in nearby Japanese-American internment camps. Within hours of the attack, hundreds of Japanese-American leaders were rounded up and taken to high-security camps such as Sand Island at the mouth of Honolulu harbor and Kilauea Military Camp on the island of Hawaii. Eventually, more than 110,000 Japanese Americans, nearly all who lived on the West Coast, were forced into interior camps, but in Hawaii, where the 150,000-plus Japanese Americans composed over one-third of the population, only 1,200 to 1,800 were interned."
MISC,0.9397621,American,121,129,Attack on Pearl Harbor,110,"One further consequence of the attack on Pearl Harbor and its aftermath (notably the Niʻihau incident) was that Japanese-American residents and citizens were imprisoned in nearby Japanese-American internment camps. Within hours of the attack, hundreds of Japanese-American leaders were rounded up and taken to high-security camps such as Sand Island at the mouth of Honolulu harbor and Kilauea Military Camp on the island of Hawaii. Eventually, more than 110,000 Japanese Americans, nearly all who lived on the West Coast, were forced into interior camps, but in Hawaii, where the 150,000-plus Japanese Americans composed over one-third of the population, only 1,200 to 1,800 were interned."
MISC,0.9996985,Japanese,179,187,Attack on Pearl Harbor,110,"One further consequence of the attack on Pearl Harbor and its aftermath (notably the Niʻihau incident) was that Japanese-American residents and citizens were imprisoned in nearby Japanese-American internment camps. Within hours of the attack, hundreds of Japanese-American leaders were rounded up and taken to high-security camps such as Sand Island at the mouth of Honolulu harbor and Kilauea Military Camp on the island of Hawaii. Eventually, more than 110,000 Japanese Americans, nearly all who lived on the West Coast, were forced into interior camps, but in Hawaii, where the 150,000-plus Japanese Americans composed over one-third of the population, only 1,200 to 1,800 were interned."
MISC,0.9605664,American,188,196,Attack on Pearl Harbor,110,"One further consequence of the attack on Pearl Harbor and its aftermath (notably the Niʻihau incident) was that Japanese-American residents and citizens were imprisoned in nearby Japanese-American internment camps. Within hours of the attack, hundreds of Japanese-American leaders were rounded up and taken to high-security camps such as Sand Island at the mouth of Honolulu harbor and Kilauea Military Camp on the island of Hawaii. Eventually, more than 110,000 Japanese Americans, nearly all who lived on the West Coast, were forced into interior camps, but in Hawaii, where the 150,000-plus Japanese Americans composed over one-third of the population, only 1,200 to 1,800 were interned."
MISC,0.9996911,Japanese,255,263,Attack on Pearl Harbor,110,"One further consequence of the attack on Pearl Harbor and its aftermath (notably the Niʻihau incident) was that Japanese-American residents and citizens were imprisoned in nearby Japanese-American internment camps. Within hours of the attack, hundreds of Japanese-American leaders were rounded up and taken to high-security camps such as Sand Island at the mouth of Honolulu harbor and Kilauea Military Camp on the island of Hawaii. Eventually, more than 110,000 Japanese Americans, nearly all who lived on the West Coast, were forced into interior camps, but in Hawaii, where the 150,000-plus Japanese Americans composed over one-third of the population, only 1,200 to 1,800 were interned."
MISC,0.9733204,American,264,272,Attack on Pearl Harbor,110,"One further consequence of the attack on Pearl Harbor and its aftermath (notably the Niʻihau incident) was that Japanese-American residents and citizens were imprisoned in nearby Japanese-American internment camps. Within hours of the attack, hundreds of Japanese-American leaders were rounded up and taken to high-security camps such as Sand Island at the mouth of Honolulu harbor and Kilauea Military Camp on the island of Hawaii. Eventually, more than 110,000 Japanese Americans, nearly all who lived on the West Coast, were forced into interior camps, but in Hawaii, where the 150,000-plus Japanese Americans composed over one-third of the population, only 1,200 to 1,800 were interned."
LOC,0.99719715,Sand Island,338,349,Attack on Pearl Harbor,110,"One further consequence of the attack on Pearl Harbor and its aftermath (notably the Niʻihau incident) was that Japanese-American residents and citizens were imprisoned in nearby Japanese-American internment camps. Within hours of the attack, hundreds of Japanese-American leaders were rounded up and taken to high-security camps such as Sand Island at the mouth of Honolulu harbor and Kilauea Military Camp on the island of Hawaii. Eventually, more than 110,000 Japanese Americans, nearly all who lived on the West Coast, were forced into interior camps, but in Hawaii, where the 150,000-plus Japanese Americans composed over one-third of the population, only 1,200 to 1,800 were interned."
LOC,0.99951684,Honolulu,366,374,Attack on Pearl Harbor,110,"One further consequence of the attack on Pearl Harbor and its aftermath (notably the Niʻihau incident) was that Japanese-American residents and citizens were imprisoned in nearby Japanese-American internment camps. Within hours of the attack, hundreds of Japanese-American leaders were rounded up and taken to high-security camps such as Sand Island at the mouth of Honolulu harbor and Kilauea Military Camp on the island of Hawaii. Eventually, more than 110,000 Japanese Americans, nearly all who lived on the West Coast, were forced into interior camps, but in Hawaii, where the 150,000-plus Japanese Americans composed over one-third of the population, only 1,200 to 1,800 were interned."
LOC,0.87499547,Kilauea Military Camp,386,407,Attack on Pearl Harbor,110,"One further consequence of the attack on Pearl Harbor and its aftermath (notably the Niʻihau incident) was that Japanese-American residents and citizens were imprisoned in nearby Japanese-American internment camps. Within hours of the attack, hundreds of Japanese-American leaders were rounded up and taken to high-security camps such as Sand Island at the mouth of Honolulu harbor and Kilauea Military Camp on the island of Hawaii. Eventually, more than 110,000 Japanese Americans, nearly all who lived on the West Coast, were forced into interior camps, but in Hawaii, where the 150,000-plus Japanese Americans composed over one-third of the population, only 1,200 to 1,800 were interned."
LOC,0.99964094,Hawaii,425,431,Attack on Pearl Harbor,110,"One further consequence of the attack on Pearl Harbor and its aftermath (notably the Niʻihau incident) was that Japanese-American residents and citizens were imprisoned in nearby Japanese-American internment camps. Within hours of the attack, hundreds of Japanese-American leaders were rounded up and taken to high-security camps such as Sand Island at the mouth of Honolulu harbor and Kilauea Military Camp on the island of Hawaii. Eventually, more than 110,000 Japanese Americans, nearly all who lived on the West Coast, were forced into interior camps, but in Hawaii, where the 150,000-plus Japanese Americans composed over one-third of the population, only 1,200 to 1,800 were interned."
MISC,0.99693465,Japanese Americans,463,481,Attack on Pearl Harbor,110,"One further consequence of the attack on Pearl Harbor and its aftermath (notably the Niʻihau incident) was that Japanese-American residents and citizens were imprisoned in nearby Japanese-American internment camps. Within hours of the attack, hundreds of Japanese-American leaders were rounded up and taken to high-security camps such as Sand Island at the mouth of Honolulu harbor and Kilauea Military Camp on the island of Hawaii. Eventually, more than 110,000 Japanese Americans, nearly all who lived on the West Coast, were forced into interior camps, but in Hawaii, where the 150,000-plus Japanese Americans composed over one-third of the population, only 1,200 to 1,800 were interned."
LOC,0.99837995,West Coast,511,521,Attack on Pearl Harbor,110,"One further consequence of the attack on Pearl Harbor and its aftermath (notably the Niʻihau incident) was that Japanese-American residents and citizens were imprisoned in nearby Japanese-American internment camps. Within hours of the attack, hundreds of Japanese-American leaders were rounded up and taken to high-security camps such as Sand Island at the mouth of Honolulu harbor and Kilauea Military Camp on the island of Hawaii. Eventually, more than 110,000 Japanese Americans, nearly all who lived on the West Coast, were forced into interior camps, but in Hawaii, where the 150,000-plus Japanese Americans composed over one-third of the population, only 1,200 to 1,800 were interned."
LOC,0.9997377,Hawaii,563,569,Attack on Pearl Harbor,110,"One further consequence of the attack on Pearl Harbor and its aftermath (notably the Niʻihau incident) was that Japanese-American residents and citizens were imprisoned in nearby Japanese-American internment camps. Within hours of the attack, hundreds of Japanese-American leaders were rounded up and taken to high-security camps such as Sand Island at the mouth of Honolulu harbor and Kilauea Military Camp on the island of Hawaii. Eventually, more than 110,000 Japanese Americans, nearly all who lived on the West Coast, were forced into interior camps, but in Hawaii, where the 150,000-plus Japanese Americans composed over one-third of the population, only 1,200 to 1,800 were interned."
MISC,0.9967348,Japanese Americans,594,612,Attack on Pearl Harbor,110,"One further consequence of the attack on Pearl Harbor and its aftermath (notably the Niʻihau incident) was that Japanese-American residents and citizens were imprisoned in nearby Japanese-American internment camps. Within hours of the attack, hundreds of Japanese-American leaders were rounded up and taken to high-security camps such as Sand Island at the mouth of Honolulu harbor and Kilauea Military Camp on the island of Hawaii. Eventually, more than 110,000 Japanese Americans, nearly all who lived on the West Coast, were forced into interior camps, but in Hawaii, where the 150,000-plus Japanese Americans composed over one-third of the population, only 1,200 to 1,800 were interned."
MISC,0.9996772,Canadian,52,60,Attack on Pearl Harbor,111,"The attack also had international consequences. The Canadian province of British Columbia, bordering the Pacific Ocean, had long had a large population of Japanese immigrants and their Japanese-Canadian descendants. Pre-war tensions were exacerbated by the Pearl Harbor attack, leading to a reaction from the government of Canada. On February 24, 1942, Order-in-Council P.C. no. 1486 was issued under the War Measures Act, allowing for the forced removal of any and all Canadians of Japanese descent from British Columbia and prohibiting them from returning to the province. On March 4, regulations under the act were adopted to expel Japanese Canadians. As a result, 12,000 were interned in interior camps, 2,000 were sent to road camps, and another 2,000 were forced to work in the prairies on sugar beet farms."
LOC,0.9994833,British Columbia,73,89,Attack on Pearl Harbor,111,"The attack also had international consequences. The Canadian province of British Columbia, bordering the Pacific Ocean, had long had a large population of Japanese immigrants and their Japanese-Canadian descendants. Pre-war tensions were exacerbated by the Pearl Harbor attack, leading to a reaction from the government of Canada. On February 24, 1942, Order-in-Council P.C. no. 1486 was issued under the War Measures Act, allowing for the forced removal of any and all Canadians of Japanese descent from British Columbia and prohibiting them from returning to the province. On March 4, regulations under the act were adopted to expel Japanese Canadians. As a result, 12,000 were interned in interior camps, 2,000 were sent to road camps, and another 2,000 were forced to work in the prairies on sugar beet farms."
LOC,0.9993609,Pacific Ocean,105,118,Attack on Pearl Harbor,111,"The attack also had international consequences. The Canadian province of British Columbia, bordering the Pacific Ocean, had long had a large population of Japanese immigrants and their Japanese-Canadian descendants. Pre-war tensions were exacerbated by the Pearl Harbor attack, leading to a reaction from the government of Canada. On February 24, 1942, Order-in-Council P.C. no. 1486 was issued under the War Measures Act, allowing for the forced removal of any and all Canadians of Japanese descent from British Columbia and prohibiting them from returning to the province. On March 4, regulations under the act were adopted to expel Japanese Canadians. As a result, 12,000 were interned in interior camps, 2,000 were sent to road camps, and another 2,000 were forced to work in the prairies on sugar beet farms."
MISC,0.99971575,Japanese,155,163,Attack on Pearl Harbor,111,"The attack also had international consequences. The Canadian province of British Columbia, bordering the Pacific Ocean, had long had a large population of Japanese immigrants and their Japanese-Canadian descendants. Pre-war tensions were exacerbated by the Pearl Harbor attack, leading to a reaction from the government of Canada. On February 24, 1942, Order-in-Council P.C. no. 1486 was issued under the War Measures Act, allowing for the forced removal of any and all Canadians of Japanese descent from British Columbia and prohibiting them from returning to the province. On March 4, regulations under the act were adopted to expel Japanese Canadians. As a result, 12,000 were interned in interior camps, 2,000 were sent to road camps, and another 2,000 were forced to work in the prairies on sugar beet farms."
MISC,0.9996768,Japanese,185,193,Attack on Pearl Harbor,111,"The attack also had international consequences. The Canadian province of British Columbia, bordering the Pacific Ocean, had long had a large population of Japanese immigrants and their Japanese-Canadian descendants. Pre-war tensions were exacerbated by the Pearl Harbor attack, leading to a reaction from the government of Canada. On February 24, 1942, Order-in-Council P.C. no. 1486 was issued under the War Measures Act, allowing for the forced removal of any and all Canadians of Japanese descent from British Columbia and prohibiting them from returning to the province. On March 4, regulations under the act were adopted to expel Japanese Canadians. As a result, 12,000 were interned in interior camps, 2,000 were sent to road camps, and another 2,000 were forced to work in the prairies on sugar beet farms."
MISC,0.9636865,Canadian,194,202,Attack on Pearl Harbor,111,"The attack also had international consequences. The Canadian province of British Columbia, bordering the Pacific Ocean, had long had a large population of Japanese immigrants and their Japanese-Canadian descendants. Pre-war tensions were exacerbated by the Pearl Harbor attack, leading to a reaction from the government of Canada. On February 24, 1942, Order-in-Council P.C. no. 1486 was issued under the War Measures Act, allowing for the forced removal of any and all Canadians of Japanese descent from British Columbia and prohibiting them from returning to the province. On March 4, regulations under the act were adopted to expel Japanese Canadians. As a result, 12,000 were interned in interior camps, 2,000 were sent to road camps, and another 2,000 were forced to work in the prairies on sugar beet farms."
LOC,0.99929607,Pearl Harbor,257,269,Attack on Pearl Harbor,111,"The attack also had international consequences. The Canadian province of British Columbia, bordering the Pacific Ocean, had long had a large population of Japanese immigrants and their Japanese-Canadian descendants. Pre-war tensions were exacerbated by the Pearl Harbor attack, leading to a reaction from the government of Canada. On February 24, 1942, Order-in-Council P.C. no. 1486 was issued under the War Measures Act, allowing for the forced removal of any and all Canadians of Japanese descent from British Columbia and prohibiting them from returning to the province. On March 4, regulations under the act were adopted to expel Japanese Canadians. As a result, 12,000 were interned in interior camps, 2,000 were sent to road camps, and another 2,000 were forced to work in the prairies on sugar beet farms."
LOC,0.99978906,Canada,323,329,Attack on Pearl Harbor,111,"The attack also had international consequences. The Canadian province of British Columbia, bordering the Pacific Ocean, had long had a large population of Japanese immigrants and their Japanese-Canadian descendants. Pre-war tensions were exacerbated by the Pearl Harbor attack, leading to a reaction from the government of Canada. On February 24, 1942, Order-in-Council P.C. no. 1486 was issued under the War Measures Act, allowing for the forced removal of any and all Canadians of Japanese descent from British Columbia and prohibiting them from returning to the province. On March 4, regulations under the act were adopted to expel Japanese Canadians. As a result, 12,000 were interned in interior camps, 2,000 were sent to road camps, and another 2,000 were forced to work in the prairies on sugar beet farms."
ORG,0.62621826,Order,353,358,Attack on Pearl Harbor,111,"The attack also had international consequences. The Canadian province of British Columbia, bordering the Pacific Ocean, had long had a large population of Japanese immigrants and their Japanese-Canadian descendants. Pre-war tensions were exacerbated by the Pearl Harbor attack, leading to a reaction from the government of Canada. On February 24, 1942, Order-in-Council P.C. no. 1486 was issued under the War Measures Act, allowing for the forced removal of any and all Canadians of Japanese descent from British Columbia and prohibiting them from returning to the province. On March 4, regulations under the act were adopted to expel Japanese Canadians. As a result, 12,000 were interned in interior camps, 2,000 were sent to road camps, and another 2,000 were forced to work in the prairies on sugar beet farms."
MISC,0.58140385,in,359,361,Attack on Pearl Harbor,111,"The attack also had international consequences. The Canadian province of British Columbia, bordering the Pacific Ocean, had long had a large population of Japanese immigrants and their Japanese-Canadian descendants. Pre-war tensions were exacerbated by the Pearl Harbor attack, leading to a reaction from the government of Canada. On February 24, 1942, Order-in-Council P.C. no. 1486 was issued under the War Measures Act, allowing for the forced removal of any and all Canadians of Japanese descent from British Columbia and prohibiting them from returning to the province. On March 4, regulations under the act were adopted to expel Japanese Canadians. As a result, 12,000 were interned in interior camps, 2,000 were sent to road camps, and another 2,000 were forced to work in the prairies on sugar beet farms."
ORG,0.64126074,Council P,362,371,Attack on Pearl Harbor,111,"The attack also had international consequences. The Canadian province of British Columbia, bordering the Pacific Ocean, had long had a large population of Japanese immigrants and their Japanese-Canadian descendants. Pre-war tensions were exacerbated by the Pearl Harbor attack, leading to a reaction from the government of Canada. On February 24, 1942, Order-in-Council P.C. no. 1486 was issued under the War Measures Act, allowing for the forced removal of any and all Canadians of Japanese descent from British Columbia and prohibiting them from returning to the province. On March 4, regulations under the act were adopted to expel Japanese Canadians. As a result, 12,000 were interned in interior camps, 2,000 were sent to road camps, and another 2,000 were forced to work in the prairies on sugar beet farms."
LOC,0.8130563,C,372,373,Attack on Pearl Harbor,111,"The attack also had international consequences. The Canadian province of British Columbia, bordering the Pacific Ocean, had long had a large population of Japanese immigrants and their Japanese-Canadian descendants. Pre-war tensions were exacerbated by the Pearl Harbor attack, leading to a reaction from the government of Canada. On February 24, 1942, Order-in-Council P.C. no. 1486 was issued under the War Measures Act, allowing for the forced removal of any and all Canadians of Japanese descent from British Columbia and prohibiting them from returning to the province. On March 4, regulations under the act were adopted to expel Japanese Canadians. As a result, 12,000 were interned in interior camps, 2,000 were sent to road camps, and another 2,000 were forced to work in the prairies on sugar beet farms."
MISC,0.9950733,War Measures Act,405,421,Attack on Pearl Harbor,111,"The attack also had international consequences. The Canadian province of British Columbia, bordering the Pacific Ocean, had long had a large population of Japanese immigrants and their Japanese-Canadian descendants. Pre-war tensions were exacerbated by the Pearl Harbor attack, leading to a reaction from the government of Canada. On February 24, 1942, Order-in-Council P.C. no. 1486 was issued under the War Measures Act, allowing for the forced removal of any and all Canadians of Japanese descent from British Columbia and prohibiting them from returning to the province. On March 4, regulations under the act were adopted to expel Japanese Canadians. As a result, 12,000 were interned in interior camps, 2,000 were sent to road camps, and another 2,000 were forced to work in the prairies on sugar beet farms."
MISC,0.9994742,Canadians,470,479,Attack on Pearl Harbor,111,"The attack also had international consequences. The Canadian province of British Columbia, bordering the Pacific Ocean, had long had a large population of Japanese immigrants and their Japanese-Canadian descendants. Pre-war tensions were exacerbated by the Pearl Harbor attack, leading to a reaction from the government of Canada. On February 24, 1942, Order-in-Council P.C. no. 1486 was issued under the War Measures Act, allowing for the forced removal of any and all Canadians of Japanese descent from British Columbia and prohibiting them from returning to the province. On March 4, regulations under the act were adopted to expel Japanese Canadians. As a result, 12,000 were interned in interior camps, 2,000 were sent to road camps, and another 2,000 were forced to work in the prairies on sugar beet farms."
MISC,0.99959916,Japanese,483,491,Attack on Pearl Harbor,111,"The attack also had international consequences. The Canadian province of British Columbia, bordering the Pacific Ocean, had long had a large population of Japanese immigrants and their Japanese-Canadian descendants. Pre-war tensions were exacerbated by the Pearl Harbor attack, leading to a reaction from the government of Canada. On February 24, 1942, Order-in-Council P.C. no. 1486 was issued under the War Measures Act, allowing for the forced removal of any and all Canadians of Japanese descent from British Columbia and prohibiting them from returning to the province. On March 4, regulations under the act were adopted to expel Japanese Canadians. As a result, 12,000 were interned in interior camps, 2,000 were sent to road camps, and another 2,000 were forced to work in the prairies on sugar beet farms."
LOC,0.99949414,British Columbia,505,521,Attack on Pearl Harbor,111,"The attack also had international consequences. The Canadian province of British Columbia, bordering the Pacific Ocean, had long had a large population of Japanese immigrants and their Japanese-Canadian descendants. Pre-war tensions were exacerbated by the Pearl Harbor attack, leading to a reaction from the government of Canada. On February 24, 1942, Order-in-Council P.C. no. 1486 was issued under the War Measures Act, allowing for the forced removal of any and all Canadians of Japanese descent from British Columbia and prohibiting them from returning to the province. On March 4, regulations under the act were adopted to expel Japanese Canadians. As a result, 12,000 were interned in interior camps, 2,000 were sent to road camps, and another 2,000 were forced to work in the prairies on sugar beet farms."
MISC,0.99474585,Japanese Canadians,635,653,Attack on Pearl Harbor,111,"The attack also had international consequences. The Canadian province of British Columbia, bordering the Pacific Ocean, had long had a large population of Japanese immigrants and their Japanese-Canadian descendants. Pre-war tensions were exacerbated by the Pearl Harbor attack, leading to a reaction from the government of Canada. On February 24, 1942, Order-in-Council P.C. no. 1486 was issued under the War Measures Act, allowing for the forced removal of any and all Canadians of Japanese descent from British Columbia and prohibiting them from returning to the province. On March 4, regulations under the act were adopted to expel Japanese Canadians. As a result, 12,000 were interned in interior camps, 2,000 were sent to road camps, and another 2,000 were forced to work in the prairies on sugar beet farms."
MISC,0.8298562,Medals of Honor,35,50,Attack on Pearl Harbor,112,"In the wake of the attack, fifteen Medals of Honor, fifty-one Navy Crosses, fifty-three Silver Stars, four Navy and Marine Corps Medals, one Distinguished Flying Cross, four Distinguished Service Crosses, one Distinguished Service Medal, and three Bronze Star Medals were awarded to the American servicemen who distinguished themselves in combat at Pearl Harbor. Additionally, a special military award, the Pearl Harbor Commemorative Medal, was later authorized for all military veterans of the attack."
MISC,0.9600665,Navy,62,66,Attack on Pearl Harbor,112,"In the wake of the attack, fifteen Medals of Honor, fifty-one Navy Crosses, fifty-three Silver Stars, four Navy and Marine Corps Medals, one Distinguished Flying Cross, four Distinguished Service Crosses, one Distinguished Service Medal, and three Bronze Star Medals were awarded to the American servicemen who distinguished themselves in combat at Pearl Harbor. Additionally, a special military award, the Pearl Harbor Commemorative Medal, was later authorized for all military veterans of the attack."
MISC,0.9978349,Silver Stars,88,100,Attack on Pearl Harbor,112,"In the wake of the attack, fifteen Medals of Honor, fifty-one Navy Crosses, fifty-three Silver Stars, four Navy and Marine Corps Medals, one Distinguished Flying Cross, four Distinguished Service Crosses, one Distinguished Service Medal, and three Bronze Star Medals were awarded to the American servicemen who distinguished themselves in combat at Pearl Harbor. Additionally, a special military award, the Pearl Harbor Commemorative Medal, was later authorized for all military veterans of the attack."
MISC,0.9514177,Navy,107,111,Attack on Pearl Harbor,112,"In the wake of the attack, fifteen Medals of Honor, fifty-one Navy Crosses, fifty-three Silver Stars, four Navy and Marine Corps Medals, one Distinguished Flying Cross, four Distinguished Service Crosses, one Distinguished Service Medal, and three Bronze Star Medals were awarded to the American servicemen who distinguished themselves in combat at Pearl Harbor. Additionally, a special military award, the Pearl Harbor Commemorative Medal, was later authorized for all military veterans of the attack."
MISC,0.97941905,Marine Corps,116,128,Attack on Pearl Harbor,112,"In the wake of the attack, fifteen Medals of Honor, fifty-one Navy Crosses, fifty-three Silver Stars, four Navy and Marine Corps Medals, one Distinguished Flying Cross, four Distinguished Service Crosses, one Distinguished Service Medal, and three Bronze Star Medals were awarded to the American servicemen who distinguished themselves in combat at Pearl Harbor. Additionally, a special military award, the Pearl Harbor Commemorative Medal, was later authorized for all military veterans of the attack."
MISC,0.99753714,Distinguished Flying Cross,141,167,Attack on Pearl Harbor,112,"In the wake of the attack, fifteen Medals of Honor, fifty-one Navy Crosses, fifty-three Silver Stars, four Navy and Marine Corps Medals, one Distinguished Flying Cross, four Distinguished Service Crosses, one Distinguished Service Medal, and three Bronze Star Medals were awarded to the American servicemen who distinguished themselves in combat at Pearl Harbor. Additionally, a special military award, the Pearl Harbor Commemorative Medal, was later authorized for all military veterans of the attack."
MISC,0.96377045,Distinguished Service Crosses,174,203,Attack on Pearl Harbor,112,"In the wake of the attack, fifteen Medals of Honor, fifty-one Navy Crosses, fifty-three Silver Stars, four Navy and Marine Corps Medals, one Distinguished Flying Cross, four Distinguished Service Crosses, one Distinguished Service Medal, and three Bronze Star Medals were awarded to the American servicemen who distinguished themselves in combat at Pearl Harbor. Additionally, a special military award, the Pearl Harbor Commemorative Medal, was later authorized for all military veterans of the attack."
MISC,0.9972706,Distinguished Service Medal,209,236,Attack on Pearl Harbor,112,"In the wake of the attack, fifteen Medals of Honor, fifty-one Navy Crosses, fifty-three Silver Stars, four Navy and Marine Corps Medals, one Distinguished Flying Cross, four Distinguished Service Crosses, one Distinguished Service Medal, and three Bronze Star Medals were awarded to the American servicemen who distinguished themselves in combat at Pearl Harbor. Additionally, a special military award, the Pearl Harbor Commemorative Medal, was later authorized for all military veterans of the attack."
MISC,0.9975752,Bronze Star,248,259,Attack on Pearl Harbor,112,"In the wake of the attack, fifteen Medals of Honor, fifty-one Navy Crosses, fifty-three Silver Stars, four Navy and Marine Corps Medals, one Distinguished Flying Cross, four Distinguished Service Crosses, one Distinguished Service Medal, and three Bronze Star Medals were awarded to the American servicemen who distinguished themselves in combat at Pearl Harbor. Additionally, a special military award, the Pearl Harbor Commemorative Medal, was later authorized for all military veterans of the attack."
MISC,0.99976605,American,287,295,Attack on Pearl Harbor,112,"In the wake of the attack, fifteen Medals of Honor, fifty-one Navy Crosses, fifty-three Silver Stars, four Navy and Marine Corps Medals, one Distinguished Flying Cross, four Distinguished Service Crosses, one Distinguished Service Medal, and three Bronze Star Medals were awarded to the American servicemen who distinguished themselves in combat at Pearl Harbor. Additionally, a special military award, the Pearl Harbor Commemorative Medal, was later authorized for all military veterans of the attack."
LOC,0.99941736,Pearl Harbor,349,361,Attack on Pearl Harbor,112,"In the wake of the attack, fifteen Medals of Honor, fifty-one Navy Crosses, fifty-three Silver Stars, four Navy and Marine Corps Medals, one Distinguished Flying Cross, four Distinguished Service Crosses, one Distinguished Service Medal, and three Bronze Star Medals were awarded to the American servicemen who distinguished themselves in combat at Pearl Harbor. Additionally, a special military award, the Pearl Harbor Commemorative Medal, was later authorized for all military veterans of the attack."
LOC,0.9154403,Pearl Harbor,407,419,Attack on Pearl Harbor,112,"In the wake of the attack, fifteen Medals of Honor, fifty-one Navy Crosses, fifty-three Silver Stars, four Navy and Marine Corps Medals, one Distinguished Flying Cross, four Distinguished Service Crosses, one Distinguished Service Medal, and three Bronze Star Medals were awarded to the American servicemen who distinguished themselves in combat at Pearl Harbor. Additionally, a special military award, the Pearl Harbor Commemorative Medal, was later authorized for all military veterans of the attack."
MISC,0.95317066,Commemorative Medal,420,439,Attack on Pearl Harbor,112,"In the wake of the attack, fifteen Medals of Honor, fifty-one Navy Crosses, fifty-three Silver Stars, four Navy and Marine Corps Medals, one Distinguished Flying Cross, four Distinguished Service Crosses, one Distinguished Service Medal, and three Bronze Star Medals were awarded to the American servicemen who distinguished themselves in combat at Pearl Harbor. Additionally, a special military award, the Pearl Harbor Commemorative Medal, was later authorized for all military veterans of the attack."
MISC,0.9997341,Japanese,0,8,Attack on Pearl Harbor,113,"Japanese planners of the Pearl Harbor attack had determined that some means were required for rescuing fliers whose aircraft were damaged too badly to return to the carriers. The island of Niʻihau, only thirty minutes by air from Pearl Harbor, was designated as the rescue point."
LOC,0.9994108,Pearl Harbor,25,37,Attack on Pearl Harbor,113,"Japanese planners of the Pearl Harbor attack had determined that some means were required for rescuing fliers whose aircraft were damaged too badly to return to the carriers. The island of Niʻihau, only thirty minutes by air from Pearl Harbor, was designated as the rescue point."
LOC,0.72920746,Niʻihau,189,196,Attack on Pearl Harbor,113,"Japanese planners of the Pearl Harbor attack had determined that some means were required for rescuing fliers whose aircraft were damaged too badly to return to the carriers. The island of Niʻihau, only thirty minutes by air from Pearl Harbor, was designated as the rescue point."
LOC,0.999532,Pearl Harbor,230,242,Attack on Pearl Harbor,113,"Japanese planners of the Pearl Harbor attack had determined that some means were required for rescuing fliers whose aircraft were damaged too badly to return to the carriers. The island of Niʻihau, only thirty minutes by air from Pearl Harbor, was designated as the rescue point."
MISC,0.9945792,Zero,26,30,Attack on Pearl Harbor,114,"During the second wave, a Zero fighter flown by Petty Officer Shigenori Nishikaichi of Hiryu was damaged in the attack on Wheeler, so he flew to the rescue point. The aircraft was further damaged on his crash landing. Nishikaichi was helped from the wreckage by one of the Native Hawaiians, who, aware of the tension between the United States and Japan, took the pilot's pistol, maps, codes and other documents. The island's residents had no telephones or radios and were completely unaware of the attack on Pearl Harbor. Nishikaichi enlisted the support of three Japanese-American residents in an attempt to recover the documents. During the ensuing struggles, Nishikaichi was killed, and a Hawaiian civilian was wounded; one collaborator committed suicide, and his wife and the third collaborator were sent to prison."
PER,0.76678693,Shigenori Nishikaichi,62,83,Attack on Pearl Harbor,114,"During the second wave, a Zero fighter flown by Petty Officer Shigenori Nishikaichi of Hiryu was damaged in the attack on Wheeler, so he flew to the rescue point. The aircraft was further damaged on his crash landing. Nishikaichi was helped from the wreckage by one of the Native Hawaiians, who, aware of the tension between the United States and Japan, took the pilot's pistol, maps, codes and other documents. The island's residents had no telephones or radios and were completely unaware of the attack on Pearl Harbor. Nishikaichi enlisted the support of three Japanese-American residents in an attempt to recover the documents. During the ensuing struggles, Nishikaichi was killed, and a Hawaiian civilian was wounded; one collaborator committed suicide, and his wife and the third collaborator were sent to prison."
LOC,0.64713484,Hiryu,87,92,Attack on Pearl Harbor,114,"During the second wave, a Zero fighter flown by Petty Officer Shigenori Nishikaichi of Hiryu was damaged in the attack on Wheeler, so he flew to the rescue point. The aircraft was further damaged on his crash landing. Nishikaichi was helped from the wreckage by one of the Native Hawaiians, who, aware of the tension between the United States and Japan, took the pilot's pistol, maps, codes and other documents. The island's residents had no telephones or radios and were completely unaware of the attack on Pearl Harbor. Nishikaichi enlisted the support of three Japanese-American residents in an attempt to recover the documents. During the ensuing struggles, Nishikaichi was killed, and a Hawaiian civilian was wounded; one collaborator committed suicide, and his wife and the third collaborator were sent to prison."
PER,0.9886103,Wheeler,122,129,Attack on Pearl Harbor,114,"During the second wave, a Zero fighter flown by Petty Officer Shigenori Nishikaichi of Hiryu was damaged in the attack on Wheeler, so he flew to the rescue point. The aircraft was further damaged on his crash landing. Nishikaichi was helped from the wreckage by one of the Native Hawaiians, who, aware of the tension between the United States and Japan, took the pilot's pistol, maps, codes and other documents. The island's residents had no telephones or radios and were completely unaware of the attack on Pearl Harbor. Nishikaichi enlisted the support of three Japanese-American residents in an attempt to recover the documents. During the ensuing struggles, Nishikaichi was killed, and a Hawaiian civilian was wounded; one collaborator committed suicide, and his wife and the third collaborator were sent to prison."
PER,0.6925322,Nishikaichi,218,229,Attack on Pearl Harbor,114,"During the second wave, a Zero fighter flown by Petty Officer Shigenori Nishikaichi of Hiryu was damaged in the attack on Wheeler, so he flew to the rescue point. The aircraft was further damaged on his crash landing. Nishikaichi was helped from the wreckage by one of the Native Hawaiians, who, aware of the tension between the United States and Japan, took the pilot's pistol, maps, codes and other documents. The island's residents had no telephones or radios and were completely unaware of the attack on Pearl Harbor. Nishikaichi enlisted the support of three Japanese-American residents in an attempt to recover the documents. During the ensuing struggles, Nishikaichi was killed, and a Hawaiian civilian was wounded; one collaborator committed suicide, and his wife and the third collaborator were sent to prison."
MISC,0.999318,Native,273,279,Attack on Pearl Harbor,114,"During the second wave, a Zero fighter flown by Petty Officer Shigenori Nishikaichi of Hiryu was damaged in the attack on Wheeler, so he flew to the rescue point. The aircraft was further damaged on his crash landing. Nishikaichi was helped from the wreckage by one of the Native Hawaiians, who, aware of the tension between the United States and Japan, took the pilot's pistol, maps, codes and other documents. The island's residents had no telephones or radios and were completely unaware of the attack on Pearl Harbor. Nishikaichi enlisted the support of three Japanese-American residents in an attempt to recover the documents. During the ensuing struggles, Nishikaichi was killed, and a Hawaiian civilian was wounded; one collaborator committed suicide, and his wife and the third collaborator were sent to prison."
LOC,0.9995841,United States,329,342,Attack on Pearl Harbor,114,"During the second wave, a Zero fighter flown by Petty Officer Shigenori Nishikaichi of Hiryu was damaged in the attack on Wheeler, so he flew to the rescue point. The aircraft was further damaged on his crash landing. Nishikaichi was helped from the wreckage by one of the Native Hawaiians, who, aware of the tension between the United States and Japan, took the pilot's pistol, maps, codes and other documents. The island's residents had no telephones or radios and were completely unaware of the attack on Pearl Harbor. Nishikaichi enlisted the support of three Japanese-American residents in an attempt to recover the documents. During the ensuing struggles, Nishikaichi was killed, and a Hawaiian civilian was wounded; one collaborator committed suicide, and his wife and the third collaborator were sent to prison."
LOC,0.9997327,Japan,347,352,Attack on Pearl Harbor,114,"During the second wave, a Zero fighter flown by Petty Officer Shigenori Nishikaichi of Hiryu was damaged in the attack on Wheeler, so he flew to the rescue point. The aircraft was further damaged on his crash landing. Nishikaichi was helped from the wreckage by one of the Native Hawaiians, who, aware of the tension between the United States and Japan, took the pilot's pistol, maps, codes and other documents. The island's residents had no telephones or radios and were completely unaware of the attack on Pearl Harbor. Nishikaichi enlisted the support of three Japanese-American residents in an attempt to recover the documents. During the ensuing struggles, Nishikaichi was killed, and a Hawaiian civilian was wounded; one collaborator committed suicide, and his wife and the third collaborator were sent to prison."
LOC,0.9992243,Pearl Harbor,508,520,Attack on Pearl Harbor,114,"During the second wave, a Zero fighter flown by Petty Officer Shigenori Nishikaichi of Hiryu was damaged in the attack on Wheeler, so he flew to the rescue point. The aircraft was further damaged on his crash landing. Nishikaichi was helped from the wreckage by one of the Native Hawaiians, who, aware of the tension between the United States and Japan, took the pilot's pistol, maps, codes and other documents. The island's residents had no telephones or radios and were completely unaware of the attack on Pearl Harbor. Nishikaichi enlisted the support of three Japanese-American residents in an attempt to recover the documents. During the ensuing struggles, Nishikaichi was killed, and a Hawaiian civilian was wounded; one collaborator committed suicide, and his wife and the third collaborator were sent to prison."
PER,0.600101,Nishikaichi,522,533,Attack on Pearl Harbor,114,"During the second wave, a Zero fighter flown by Petty Officer Shigenori Nishikaichi of Hiryu was damaged in the attack on Wheeler, so he flew to the rescue point. The aircraft was further damaged on his crash landing. Nishikaichi was helped from the wreckage by one of the Native Hawaiians, who, aware of the tension between the United States and Japan, took the pilot's pistol, maps, codes and other documents. The island's residents had no telephones or radios and were completely unaware of the attack on Pearl Harbor. Nishikaichi enlisted the support of three Japanese-American residents in an attempt to recover the documents. During the ensuing struggles, Nishikaichi was killed, and a Hawaiian civilian was wounded; one collaborator committed suicide, and his wife and the third collaborator were sent to prison."
MISC,0.99969125,Japanese,564,572,Attack on Pearl Harbor,114,"During the second wave, a Zero fighter flown by Petty Officer Shigenori Nishikaichi of Hiryu was damaged in the attack on Wheeler, so he flew to the rescue point. The aircraft was further damaged on his crash landing. Nishikaichi was helped from the wreckage by one of the Native Hawaiians, who, aware of the tension between the United States and Japan, took the pilot's pistol, maps, codes and other documents. The island's residents had no telephones or radios and were completely unaware of the attack on Pearl Harbor. Nishikaichi enlisted the support of three Japanese-American residents in an attempt to recover the documents. During the ensuing struggles, Nishikaichi was killed, and a Hawaiian civilian was wounded; one collaborator committed suicide, and his wife and the third collaborator were sent to prison."
MISC,0.8722421,American,573,581,Attack on Pearl Harbor,114,"During the second wave, a Zero fighter flown by Petty Officer Shigenori Nishikaichi of Hiryu was damaged in the attack on Wheeler, so he flew to the rescue point. The aircraft was further damaged on his crash landing. Nishikaichi was helped from the wreckage by one of the Native Hawaiians, who, aware of the tension between the United States and Japan, took the pilot's pistol, maps, codes and other documents. The island's residents had no telephones or radios and were completely unaware of the attack on Pearl Harbor. Nishikaichi enlisted the support of three Japanese-American residents in an attempt to recover the documents. During the ensuing struggles, Nishikaichi was killed, and a Hawaiian civilian was wounded; one collaborator committed suicide, and his wife and the third collaborator were sent to prison."
PER,0.60873324,Nishikaichi,662,673,Attack on Pearl Harbor,114,"During the second wave, a Zero fighter flown by Petty Officer Shigenori Nishikaichi of Hiryu was damaged in the attack on Wheeler, so he flew to the rescue point. The aircraft was further damaged on his crash landing. Nishikaichi was helped from the wreckage by one of the Native Hawaiians, who, aware of the tension between the United States and Japan, took the pilot's pistol, maps, codes and other documents. The island's residents had no telephones or radios and were completely unaware of the attack on Pearl Harbor. Nishikaichi enlisted the support of three Japanese-American residents in an attempt to recover the documents. During the ensuing struggles, Nishikaichi was killed, and a Hawaiian civilian was wounded; one collaborator committed suicide, and his wife and the third collaborator were sent to prison."
MISC,0.999619,Hawaiian,692,700,Attack on Pearl Harbor,114,"During the second wave, a Zero fighter flown by Petty Officer Shigenori Nishikaichi of Hiryu was damaged in the attack on Wheeler, so he flew to the rescue point. The aircraft was further damaged on his crash landing. Nishikaichi was helped from the wreckage by one of the Native Hawaiians, who, aware of the tension between the United States and Japan, took the pilot's pistol, maps, codes and other documents. The island's residents had no telephones or radios and were completely unaware of the attack on Pearl Harbor. Nishikaichi enlisted the support of three Japanese-American residents in an attempt to recover the documents. During the ensuing struggles, Nishikaichi was killed, and a Hawaiian civilian was wounded; one collaborator committed suicide, and his wife and the third collaborator were sent to prison."
MISC,0.9994398,Japanese,37,45,Attack on Pearl Harbor,115,The ease with which the local ethnic Japanese residents had apparently gone to Nishikaichi's assistance was a source of concern for many and tended to support those who believed that local Japanese could not be trusted.
PER,0.56459606,Nishikaichi,79,90,Attack on Pearl Harbor,115,The ease with which the local ethnic Japanese residents had apparently gone to Nishikaichi's assistance was a source of concern for many and tended to support those who believed that local Japanese could not be trusted.
MISC,0.9993781,Japanese,189,197,Attack on Pearl Harbor,115,The ease with which the local ethnic Japanese residents had apparently gone to Nishikaichi's assistance was a source of concern for many and tended to support those who believed that local Japanese could not be trusted.
PER,0.9463037,Chūichi Hara,13,25,Attack on Pearl Harbor,116,"Rear Admiral Chūichi Hara summed up the Japanese result by saying, ""We won a great tactical victory at Pearl Harbor and thereby lost the war."""
MISC,0.9997938,Japanese,40,48,Attack on Pearl Harbor,116,"Rear Admiral Chūichi Hara summed up the Japanese result by saying, ""We won a great tactical victory at Pearl Harbor and thereby lost the war."""
LOC,0.999505,Pearl Harbor,103,115,Attack on Pearl Harbor,116,"Rear Admiral Chūichi Hara summed up the Japanese result by saying, ""We won a great tactical victory at Pearl Harbor and thereby lost the war."""
PER,0.5615502,Yamamoto,106,114,Attack on Pearl Harbor,117,"While the attack accomplished its intended objective, it turned out to be largely unnecessary. Unknown to Yamamoto, who conceived the original plan, the United States Navy had decided as far back as 1935 to abandon ""charging"" across the Pacific towards the Philippines in response to an outbreak of war (in keeping with the evolution of Plan Orange). The United States instead adopted ""Plan Dog"" in 1940, which emphasized keeping the IJN out of the eastern Pacific and away from the shipping lanes to Australia, while the United States concentrated on defeating Nazi Germany."
ORG,0.99489766,United States Navy,153,171,Attack on Pearl Harbor,117,"While the attack accomplished its intended objective, it turned out to be largely unnecessary. Unknown to Yamamoto, who conceived the original plan, the United States Navy had decided as far back as 1935 to abandon ""charging"" across the Pacific towards the Philippines in response to an outbreak of war (in keeping with the evolution of Plan Orange). The United States instead adopted ""Plan Dog"" in 1940, which emphasized keeping the IJN out of the eastern Pacific and away from the shipping lanes to Australia, while the United States concentrated on defeating Nazi Germany."
LOC,0.9995566,Pacific,237,244,Attack on Pearl Harbor,117,"While the attack accomplished its intended objective, it turned out to be largely unnecessary. Unknown to Yamamoto, who conceived the original plan, the United States Navy had decided as far back as 1935 to abandon ""charging"" across the Pacific towards the Philippines in response to an outbreak of war (in keeping with the evolution of Plan Orange). The United States instead adopted ""Plan Dog"" in 1940, which emphasized keeping the IJN out of the eastern Pacific and away from the shipping lanes to Australia, while the United States concentrated on defeating Nazi Germany."
LOC,0.9997416,Philippines,257,268,Attack on Pearl Harbor,117,"While the attack accomplished its intended objective, it turned out to be largely unnecessary. Unknown to Yamamoto, who conceived the original plan, the United States Navy had decided as far back as 1935 to abandon ""charging"" across the Pacific towards the Philippines in response to an outbreak of war (in keeping with the evolution of Plan Orange). The United States instead adopted ""Plan Dog"" in 1940, which emphasized keeping the IJN out of the eastern Pacific and away from the shipping lanes to Australia, while the United States concentrated on defeating Nazi Germany."
MISC,0.9951122,Plan Orange,337,348,Attack on Pearl Harbor,117,"While the attack accomplished its intended objective, it turned out to be largely unnecessary. Unknown to Yamamoto, who conceived the original plan, the United States Navy had decided as far back as 1935 to abandon ""charging"" across the Pacific towards the Philippines in response to an outbreak of war (in keeping with the evolution of Plan Orange). The United States instead adopted ""Plan Dog"" in 1940, which emphasized keeping the IJN out of the eastern Pacific and away from the shipping lanes to Australia, while the United States concentrated on defeating Nazi Germany."
LOC,0.9994891,United States,355,368,Attack on Pearl Harbor,117,"While the attack accomplished its intended objective, it turned out to be largely unnecessary. Unknown to Yamamoto, who conceived the original plan, the United States Navy had decided as far back as 1935 to abandon ""charging"" across the Pacific towards the Philippines in response to an outbreak of war (in keeping with the evolution of Plan Orange). The United States instead adopted ""Plan Dog"" in 1940, which emphasized keeping the IJN out of the eastern Pacific and away from the shipping lanes to Australia, while the United States concentrated on defeating Nazi Germany."
MISC,0.98205864,Plan Dog,386,394,Attack on Pearl Harbor,117,"While the attack accomplished its intended objective, it turned out to be largely unnecessary. Unknown to Yamamoto, who conceived the original plan, the United States Navy had decided as far back as 1935 to abandon ""charging"" across the Pacific towards the Philippines in response to an outbreak of war (in keeping with the evolution of Plan Orange). The United States instead adopted ""Plan Dog"" in 1940, which emphasized keeping the IJN out of the eastern Pacific and away from the shipping lanes to Australia, while the United States concentrated on defeating Nazi Germany."
ORG,0.6529446,IJN,434,437,Attack on Pearl Harbor,117,"While the attack accomplished its intended objective, it turned out to be largely unnecessary. Unknown to Yamamoto, who conceived the original plan, the United States Navy had decided as far back as 1935 to abandon ""charging"" across the Pacific towards the Philippines in response to an outbreak of war (in keeping with the evolution of Plan Orange). The United States instead adopted ""Plan Dog"" in 1940, which emphasized keeping the IJN out of the eastern Pacific and away from the shipping lanes to Australia, while the United States concentrated on defeating Nazi Germany."
LOC,0.99913484,Pacific,457,464,Attack on Pearl Harbor,117,"While the attack accomplished its intended objective, it turned out to be largely unnecessary. Unknown to Yamamoto, who conceived the original plan, the United States Navy had decided as far back as 1935 to abandon ""charging"" across the Pacific towards the Philippines in response to an outbreak of war (in keeping with the evolution of Plan Orange). The United States instead adopted ""Plan Dog"" in 1940, which emphasized keeping the IJN out of the eastern Pacific and away from the shipping lanes to Australia, while the United States concentrated on defeating Nazi Germany."
LOC,0.9997845,Australia,501,510,Attack on Pearl Harbor,117,"While the attack accomplished its intended objective, it turned out to be largely unnecessary. Unknown to Yamamoto, who conceived the original plan, the United States Navy had decided as far back as 1935 to abandon ""charging"" across the Pacific towards the Philippines in response to an outbreak of war (in keeping with the evolution of Plan Orange). The United States instead adopted ""Plan Dog"" in 1940, which emphasized keeping the IJN out of the eastern Pacific and away from the shipping lanes to Australia, while the United States concentrated on defeating Nazi Germany."
LOC,0.99949694,United States,522,535,Attack on Pearl Harbor,117,"While the attack accomplished its intended objective, it turned out to be largely unnecessary. Unknown to Yamamoto, who conceived the original plan, the United States Navy had decided as far back as 1935 to abandon ""charging"" across the Pacific towards the Philippines in response to an outbreak of war (in keeping with the evolution of Plan Orange). The United States instead adopted ""Plan Dog"" in 1940, which emphasized keeping the IJN out of the eastern Pacific and away from the shipping lanes to Australia, while the United States concentrated on defeating Nazi Germany."
MISC,0.86095345,Nazi,562,566,Attack on Pearl Harbor,117,"While the attack accomplished its intended objective, it turned out to be largely unnecessary. Unknown to Yamamoto, who conceived the original plan, the United States Navy had decided as far back as 1935 to abandon ""charging"" across the Pacific towards the Philippines in response to an outbreak of war (in keeping with the evolution of Plan Orange). The United States instead adopted ""Plan Dog"" in 1940, which emphasized keeping the IJN out of the eastern Pacific and away from the shipping lanes to Australia, while the United States concentrated on defeating Nazi Germany."
LOC,0.5781075,Germany,567,574,Attack on Pearl Harbor,117,"While the attack accomplished its intended objective, it turned out to be largely unnecessary. Unknown to Yamamoto, who conceived the original plan, the United States Navy had decided as far back as 1935 to abandon ""charging"" across the Pacific towards the Philippines in response to an outbreak of war (in keeping with the evolution of Plan Orange). The United States instead adopted ""Plan Dog"" in 1940, which emphasized keeping the IJN out of the eastern Pacific and away from the shipping lanes to Australia, while the United States concentrated on defeating Nazi Germany."
LOC,0.9993333,United States,20,33,Attack on Pearl Harbor,118,"Fortunately for the United States, the American aircraft carriers were untouched; otherwise, the Pacific Fleet's ability to conduct offensive operations would have been crippled for a year or more (given no diversions from the Atlantic Fleet). As it was, the Navy was left with no choice but to rely on carriers and submarines. While six of the eight battleships were repaired and returned to service, their relatively low speed and high fuel consumption limited their deployment, and they served mainly in shore bombardment roles (their only major action being the Battle of Surigao Strait in October 1944). A major flaw in Japanese strategic thinking was their reliance on Kantai Kessen, a belief that the ultimate Pacific battle would be fought by battleships, in keeping with the doctrine of Captain Alfred Thayer Mahan. As a result, Yamamoto (and his successors) hoarded battleships for a ""decisive battle"" that never happened. According to the US Naval Institute, Admiral Chester Nimitz believed that the US was fortunate to have been caught by a surprise attack, instead of having their Pacific Fleet lured out to sea by the Japanese, since the US fleet at that point could never have brought the Japanese fleet into conventional combat, and if they had done so, ""The six Japanese carriers could have stood off in deep water and sunk our ships one by one in deep water. We would have lost all the able officers and crews who eventually manned the ships of our new Pacific fleet."""
MISC,0.9997863,American,39,47,Attack on Pearl Harbor,118,"Fortunately for the United States, the American aircraft carriers were untouched; otherwise, the Pacific Fleet's ability to conduct offensive operations would have been crippled for a year or more (given no diversions from the Atlantic Fleet). As it was, the Navy was left with no choice but to rely on carriers and submarines. While six of the eight battleships were repaired and returned to service, their relatively low speed and high fuel consumption limited their deployment, and they served mainly in shore bombardment roles (their only major action being the Battle of Surigao Strait in October 1944). A major flaw in Japanese strategic thinking was their reliance on Kantai Kessen, a belief that the ultimate Pacific battle would be fought by battleships, in keeping with the doctrine of Captain Alfred Thayer Mahan. As a result, Yamamoto (and his successors) hoarded battleships for a ""decisive battle"" that never happened. According to the US Naval Institute, Admiral Chester Nimitz believed that the US was fortunate to have been caught by a surprise attack, instead of having their Pacific Fleet lured out to sea by the Japanese, since the US fleet at that point could never have brought the Japanese fleet into conventional combat, and if they had done so, ""The six Japanese carriers could have stood off in deep water and sunk our ships one by one in deep water. We would have lost all the able officers and crews who eventually manned the ships of our new Pacific fleet."""
ORG,0.49941418,Pacific,97,104,Attack on Pearl Harbor,118,"Fortunately for the United States, the American aircraft carriers were untouched; otherwise, the Pacific Fleet's ability to conduct offensive operations would have been crippled for a year or more (given no diversions from the Atlantic Fleet). As it was, the Navy was left with no choice but to rely on carriers and submarines. While six of the eight battleships were repaired and returned to service, their relatively low speed and high fuel consumption limited their deployment, and they served mainly in shore bombardment roles (their only major action being the Battle of Surigao Strait in October 1944). A major flaw in Japanese strategic thinking was their reliance on Kantai Kessen, a belief that the ultimate Pacific battle would be fought by battleships, in keeping with the doctrine of Captain Alfred Thayer Mahan. As a result, Yamamoto (and his successors) hoarded battleships for a ""decisive battle"" that never happened. According to the US Naval Institute, Admiral Chester Nimitz believed that the US was fortunate to have been caught by a surprise attack, instead of having their Pacific Fleet lured out to sea by the Japanese, since the US fleet at that point could never have brought the Japanese fleet into conventional combat, and if they had done so, ""The six Japanese carriers could have stood off in deep water and sunk our ships one by one in deep water. We would have lost all the able officers and crews who eventually manned the ships of our new Pacific fleet."""
LOC,0.72482634,Fleet,105,110,Attack on Pearl Harbor,118,"Fortunately for the United States, the American aircraft carriers were untouched; otherwise, the Pacific Fleet's ability to conduct offensive operations would have been crippled for a year or more (given no diversions from the Atlantic Fleet). As it was, the Navy was left with no choice but to rely on carriers and submarines. While six of the eight battleships were repaired and returned to service, their relatively low speed and high fuel consumption limited their deployment, and they served mainly in shore bombardment roles (their only major action being the Battle of Surigao Strait in October 1944). A major flaw in Japanese strategic thinking was their reliance on Kantai Kessen, a belief that the ultimate Pacific battle would be fought by battleships, in keeping with the doctrine of Captain Alfred Thayer Mahan. As a result, Yamamoto (and his successors) hoarded battleships for a ""decisive battle"" that never happened. According to the US Naval Institute, Admiral Chester Nimitz believed that the US was fortunate to have been caught by a surprise attack, instead of having their Pacific Fleet lured out to sea by the Japanese, since the US fleet at that point could never have brought the Japanese fleet into conventional combat, and if they had done so, ""The six Japanese carriers could have stood off in deep water and sunk our ships one by one in deep water. We would have lost all the able officers and crews who eventually manned the ships of our new Pacific fleet."""
LOC,0.9261571,Atlantic Fleet,227,241,Attack on Pearl Harbor,118,"Fortunately for the United States, the American aircraft carriers were untouched; otherwise, the Pacific Fleet's ability to conduct offensive operations would have been crippled for a year or more (given no diversions from the Atlantic Fleet). As it was, the Navy was left with no choice but to rely on carriers and submarines. While six of the eight battleships were repaired and returned to service, their relatively low speed and high fuel consumption limited their deployment, and they served mainly in shore bombardment roles (their only major action being the Battle of Surigao Strait in October 1944). A major flaw in Japanese strategic thinking was their reliance on Kantai Kessen, a belief that the ultimate Pacific battle would be fought by battleships, in keeping with the doctrine of Captain Alfred Thayer Mahan. As a result, Yamamoto (and his successors) hoarded battleships for a ""decisive battle"" that never happened. According to the US Naval Institute, Admiral Chester Nimitz believed that the US was fortunate to have been caught by a surprise attack, instead of having their Pacific Fleet lured out to sea by the Japanese, since the US fleet at that point could never have brought the Japanese fleet into conventional combat, and if they had done so, ""The six Japanese carriers could have stood off in deep water and sunk our ships one by one in deep water. We would have lost all the able officers and crews who eventually manned the ships of our new Pacific fleet."""
ORG,0.99586225,Navy,259,263,Attack on Pearl Harbor,118,"Fortunately for the United States, the American aircraft carriers were untouched; otherwise, the Pacific Fleet's ability to conduct offensive operations would have been crippled for a year or more (given no diversions from the Atlantic Fleet). As it was, the Navy was left with no choice but to rely on carriers and submarines. While six of the eight battleships were repaired and returned to service, their relatively low speed and high fuel consumption limited their deployment, and they served mainly in shore bombardment roles (their only major action being the Battle of Surigao Strait in October 1944). A major flaw in Japanese strategic thinking was their reliance on Kantai Kessen, a belief that the ultimate Pacific battle would be fought by battleships, in keeping with the doctrine of Captain Alfred Thayer Mahan. As a result, Yamamoto (and his successors) hoarded battleships for a ""decisive battle"" that never happened. According to the US Naval Institute, Admiral Chester Nimitz believed that the US was fortunate to have been caught by a surprise attack, instead of having their Pacific Fleet lured out to sea by the Japanese, since the US fleet at that point could never have brought the Japanese fleet into conventional combat, and if they had done so, ""The six Japanese carriers could have stood off in deep water and sunk our ships one by one in deep water. We would have lost all the able officers and crews who eventually manned the ships of our new Pacific fleet."""
MISC,0.98159575,Battle of,566,575,Attack on Pearl Harbor,118,"Fortunately for the United States, the American aircraft carriers were untouched; otherwise, the Pacific Fleet's ability to conduct offensive operations would have been crippled for a year or more (given no diversions from the Atlantic Fleet). As it was, the Navy was left with no choice but to rely on carriers and submarines. While six of the eight battleships were repaired and returned to service, their relatively low speed and high fuel consumption limited their deployment, and they served mainly in shore bombardment roles (their only major action being the Battle of Surigao Strait in October 1944). A major flaw in Japanese strategic thinking was their reliance on Kantai Kessen, a belief that the ultimate Pacific battle would be fought by battleships, in keeping with the doctrine of Captain Alfred Thayer Mahan. As a result, Yamamoto (and his successors) hoarded battleships for a ""decisive battle"" that never happened. According to the US Naval Institute, Admiral Chester Nimitz believed that the US was fortunate to have been caught by a surprise attack, instead of having their Pacific Fleet lured out to sea by the Japanese, since the US fleet at that point could never have brought the Japanese fleet into conventional combat, and if they had done so, ""The six Japanese carriers could have stood off in deep water and sunk our ships one by one in deep water. We would have lost all the able officers and crews who eventually manned the ships of our new Pacific fleet."""
LOC,0.600738,Surigao Strait,576,590,Attack on Pearl Harbor,118,"Fortunately for the United States, the American aircraft carriers were untouched; otherwise, the Pacific Fleet's ability to conduct offensive operations would have been crippled for a year or more (given no diversions from the Atlantic Fleet). As it was, the Navy was left with no choice but to rely on carriers and submarines. While six of the eight battleships were repaired and returned to service, their relatively low speed and high fuel consumption limited their deployment, and they served mainly in shore bombardment roles (their only major action being the Battle of Surigao Strait in October 1944). A major flaw in Japanese strategic thinking was their reliance on Kantai Kessen, a belief that the ultimate Pacific battle would be fought by battleships, in keeping with the doctrine of Captain Alfred Thayer Mahan. As a result, Yamamoto (and his successors) hoarded battleships for a ""decisive battle"" that never happened. According to the US Naval Institute, Admiral Chester Nimitz believed that the US was fortunate to have been caught by a surprise attack, instead of having their Pacific Fleet lured out to sea by the Japanese, since the US fleet at that point could never have brought the Japanese fleet into conventional combat, and if they had done so, ""The six Japanese carriers could have stood off in deep water and sunk our ships one by one in deep water. We would have lost all the able officers and crews who eventually manned the ships of our new Pacific fleet."""
MISC,0.9997451,Japanese,625,633,Attack on Pearl Harbor,118,"Fortunately for the United States, the American aircraft carriers were untouched; otherwise, the Pacific Fleet's ability to conduct offensive operations would have been crippled for a year or more (given no diversions from the Atlantic Fleet). As it was, the Navy was left with no choice but to rely on carriers and submarines. While six of the eight battleships were repaired and returned to service, their relatively low speed and high fuel consumption limited their deployment, and they served mainly in shore bombardment roles (their only major action being the Battle of Surigao Strait in October 1944). A major flaw in Japanese strategic thinking was their reliance on Kantai Kessen, a belief that the ultimate Pacific battle would be fought by battleships, in keeping with the doctrine of Captain Alfred Thayer Mahan. As a result, Yamamoto (and his successors) hoarded battleships for a ""decisive battle"" that never happened. According to the US Naval Institute, Admiral Chester Nimitz believed that the US was fortunate to have been caught by a surprise attack, instead of having their Pacific Fleet lured out to sea by the Japanese, since the US fleet at that point could never have brought the Japanese fleet into conventional combat, and if they had done so, ""The six Japanese carriers could have stood off in deep water and sunk our ships one by one in deep water. We would have lost all the able officers and crews who eventually manned the ships of our new Pacific fleet."""
LOC,0.99486476,Pacific,717,724,Attack on Pearl Harbor,118,"Fortunately for the United States, the American aircraft carriers were untouched; otherwise, the Pacific Fleet's ability to conduct offensive operations would have been crippled for a year or more (given no diversions from the Atlantic Fleet). As it was, the Navy was left with no choice but to rely on carriers and submarines. While six of the eight battleships were repaired and returned to service, their relatively low speed and high fuel consumption limited their deployment, and they served mainly in shore bombardment roles (their only major action being the Battle of Surigao Strait in October 1944). A major flaw in Japanese strategic thinking was their reliance on Kantai Kessen, a belief that the ultimate Pacific battle would be fought by battleships, in keeping with the doctrine of Captain Alfred Thayer Mahan. As a result, Yamamoto (and his successors) hoarded battleships for a ""decisive battle"" that never happened. According to the US Naval Institute, Admiral Chester Nimitz believed that the US was fortunate to have been caught by a surprise attack, instead of having their Pacific Fleet lured out to sea by the Japanese, since the US fleet at that point could never have brought the Japanese fleet into conventional combat, and if they had done so, ""The six Japanese carriers could have stood off in deep water and sunk our ships one by one in deep water. We would have lost all the able officers and crews who eventually manned the ships of our new Pacific fleet."""
PER,0.8380892,Alfred Thayer Mahan,804,823,Attack on Pearl Harbor,118,"Fortunately for the United States, the American aircraft carriers were untouched; otherwise, the Pacific Fleet's ability to conduct offensive operations would have been crippled for a year or more (given no diversions from the Atlantic Fleet). As it was, the Navy was left with no choice but to rely on carriers and submarines. While six of the eight battleships were repaired and returned to service, their relatively low speed and high fuel consumption limited their deployment, and they served mainly in shore bombardment roles (their only major action being the Battle of Surigao Strait in October 1944). A major flaw in Japanese strategic thinking was their reliance on Kantai Kessen, a belief that the ultimate Pacific battle would be fought by battleships, in keeping with the doctrine of Captain Alfred Thayer Mahan. As a result, Yamamoto (and his successors) hoarded battleships for a ""decisive battle"" that never happened. According to the US Naval Institute, Admiral Chester Nimitz believed that the US was fortunate to have been caught by a surprise attack, instead of having their Pacific Fleet lured out to sea by the Japanese, since the US fleet at that point could never have brought the Japanese fleet into conventional combat, and if they had done so, ""The six Japanese carriers could have stood off in deep water and sunk our ships one by one in deep water. We would have lost all the able officers and crews who eventually manned the ships of our new Pacific fleet."""
PER,0.5011919,Yamamoto,838,846,Attack on Pearl Harbor,118,"Fortunately for the United States, the American aircraft carriers were untouched; otherwise, the Pacific Fleet's ability to conduct offensive operations would have been crippled for a year or more (given no diversions from the Atlantic Fleet). As it was, the Navy was left with no choice but to rely on carriers and submarines. While six of the eight battleships were repaired and returned to service, their relatively low speed and high fuel consumption limited their deployment, and they served mainly in shore bombardment roles (their only major action being the Battle of Surigao Strait in October 1944). A major flaw in Japanese strategic thinking was their reliance on Kantai Kessen, a belief that the ultimate Pacific battle would be fought by battleships, in keeping with the doctrine of Captain Alfred Thayer Mahan. As a result, Yamamoto (and his successors) hoarded battleships for a ""decisive battle"" that never happened. According to the US Naval Institute, Admiral Chester Nimitz believed that the US was fortunate to have been caught by a surprise attack, instead of having their Pacific Fleet lured out to sea by the Japanese, since the US fleet at that point could never have brought the Japanese fleet into conventional combat, and if they had done so, ""The six Japanese carriers could have stood off in deep water and sunk our ships one by one in deep water. We would have lost all the able officers and crews who eventually manned the ships of our new Pacific fleet."""
ORG,0.96381235,US Naval Institute,950,968,Attack on Pearl Harbor,118,"Fortunately for the United States, the American aircraft carriers were untouched; otherwise, the Pacific Fleet's ability to conduct offensive operations would have been crippled for a year or more (given no diversions from the Atlantic Fleet). As it was, the Navy was left with no choice but to rely on carriers and submarines. While six of the eight battleships were repaired and returned to service, their relatively low speed and high fuel consumption limited their deployment, and they served mainly in shore bombardment roles (their only major action being the Battle of Surigao Strait in October 1944). A major flaw in Japanese strategic thinking was their reliance on Kantai Kessen, a belief that the ultimate Pacific battle would be fought by battleships, in keeping with the doctrine of Captain Alfred Thayer Mahan. As a result, Yamamoto (and his successors) hoarded battleships for a ""decisive battle"" that never happened. According to the US Naval Institute, Admiral Chester Nimitz believed that the US was fortunate to have been caught by a surprise attack, instead of having their Pacific Fleet lured out to sea by the Japanese, since the US fleet at that point could never have brought the Japanese fleet into conventional combat, and if they had done so, ""The six Japanese carriers could have stood off in deep water and sunk our ships one by one in deep water. We would have lost all the able officers and crews who eventually manned the ships of our new Pacific fleet."""
PER,0.9954159,Chester Nimitz,978,992,Attack on Pearl Harbor,118,"Fortunately for the United States, the American aircraft carriers were untouched; otherwise, the Pacific Fleet's ability to conduct offensive operations would have been crippled for a year or more (given no diversions from the Atlantic Fleet). As it was, the Navy was left with no choice but to rely on carriers and submarines. While six of the eight battleships were repaired and returned to service, their relatively low speed and high fuel consumption limited their deployment, and they served mainly in shore bombardment roles (their only major action being the Battle of Surigao Strait in October 1944). A major flaw in Japanese strategic thinking was their reliance on Kantai Kessen, a belief that the ultimate Pacific battle would be fought by battleships, in keeping with the doctrine of Captain Alfred Thayer Mahan. As a result, Yamamoto (and his successors) hoarded battleships for a ""decisive battle"" that never happened. According to the US Naval Institute, Admiral Chester Nimitz believed that the US was fortunate to have been caught by a surprise attack, instead of having their Pacific Fleet lured out to sea by the Japanese, since the US fleet at that point could never have brought the Japanese fleet into conventional combat, and if they had done so, ""The six Japanese carriers could have stood off in deep water and sunk our ships one by one in deep water. We would have lost all the able officers and crews who eventually manned the ships of our new Pacific fleet."""
LOC,0.9964798,US,1011,1013,Attack on Pearl Harbor,118,"Fortunately for the United States, the American aircraft carriers were untouched; otherwise, the Pacific Fleet's ability to conduct offensive operations would have been crippled for a year or more (given no diversions from the Atlantic Fleet). As it was, the Navy was left with no choice but to rely on carriers and submarines. While six of the eight battleships were repaired and returned to service, their relatively low speed and high fuel consumption limited their deployment, and they served mainly in shore bombardment roles (their only major action being the Battle of Surigao Strait in October 1944). A major flaw in Japanese strategic thinking was their reliance on Kantai Kessen, a belief that the ultimate Pacific battle would be fought by battleships, in keeping with the doctrine of Captain Alfred Thayer Mahan. As a result, Yamamoto (and his successors) hoarded battleships for a ""decisive battle"" that never happened. According to the US Naval Institute, Admiral Chester Nimitz believed that the US was fortunate to have been caught by a surprise attack, instead of having their Pacific Fleet lured out to sea by the Japanese, since the US fleet at that point could never have brought the Japanese fleet into conventional combat, and if they had done so, ""The six Japanese carriers could have stood off in deep water and sunk our ships one by one in deep water. We would have lost all the able officers and crews who eventually manned the ships of our new Pacific fleet."""
LOC,0.82131696,Pacific Fleet,1094,1107,Attack on Pearl Harbor,118,"Fortunately for the United States, the American aircraft carriers were untouched; otherwise, the Pacific Fleet's ability to conduct offensive operations would have been crippled for a year or more (given no diversions from the Atlantic Fleet). As it was, the Navy was left with no choice but to rely on carriers and submarines. While six of the eight battleships were repaired and returned to service, their relatively low speed and high fuel consumption limited their deployment, and they served mainly in shore bombardment roles (their only major action being the Battle of Surigao Strait in October 1944). A major flaw in Japanese strategic thinking was their reliance on Kantai Kessen, a belief that the ultimate Pacific battle would be fought by battleships, in keeping with the doctrine of Captain Alfred Thayer Mahan. As a result, Yamamoto (and his successors) hoarded battleships for a ""decisive battle"" that never happened. According to the US Naval Institute, Admiral Chester Nimitz believed that the US was fortunate to have been caught by a surprise attack, instead of having their Pacific Fleet lured out to sea by the Japanese, since the US fleet at that point could never have brought the Japanese fleet into conventional combat, and if they had done so, ""The six Japanese carriers could have stood off in deep water and sunk our ships one by one in deep water. We would have lost all the able officers and crews who eventually manned the ships of our new Pacific fleet."""
MISC,0.9996594,Japanese,1132,1140,Attack on Pearl Harbor,118,"Fortunately for the United States, the American aircraft carriers were untouched; otherwise, the Pacific Fleet's ability to conduct offensive operations would have been crippled for a year or more (given no diversions from the Atlantic Fleet). As it was, the Navy was left with no choice but to rely on carriers and submarines. While six of the eight battleships were repaired and returned to service, their relatively low speed and high fuel consumption limited their deployment, and they served mainly in shore bombardment roles (their only major action being the Battle of Surigao Strait in October 1944). A major flaw in Japanese strategic thinking was their reliance on Kantai Kessen, a belief that the ultimate Pacific battle would be fought by battleships, in keeping with the doctrine of Captain Alfred Thayer Mahan. As a result, Yamamoto (and his successors) hoarded battleships for a ""decisive battle"" that never happened. According to the US Naval Institute, Admiral Chester Nimitz believed that the US was fortunate to have been caught by a surprise attack, instead of having their Pacific Fleet lured out to sea by the Japanese, since the US fleet at that point could never have brought the Japanese fleet into conventional combat, and if they had done so, ""The six Japanese carriers could have stood off in deep water and sunk our ships one by one in deep water. We would have lost all the able officers and crews who eventually manned the ships of our new Pacific fleet."""
LOC,0.7516989,US,1152,1154,Attack on Pearl Harbor,118,"Fortunately for the United States, the American aircraft carriers were untouched; otherwise, the Pacific Fleet's ability to conduct offensive operations would have been crippled for a year or more (given no diversions from the Atlantic Fleet). As it was, the Navy was left with no choice but to rely on carriers and submarines. While six of the eight battleships were repaired and returned to service, their relatively low speed and high fuel consumption limited their deployment, and they served mainly in shore bombardment roles (their only major action being the Battle of Surigao Strait in October 1944). A major flaw in Japanese strategic thinking was their reliance on Kantai Kessen, a belief that the ultimate Pacific battle would be fought by battleships, in keeping with the doctrine of Captain Alfred Thayer Mahan. As a result, Yamamoto (and his successors) hoarded battleships for a ""decisive battle"" that never happened. According to the US Naval Institute, Admiral Chester Nimitz believed that the US was fortunate to have been caught by a surprise attack, instead of having their Pacific Fleet lured out to sea by the Japanese, since the US fleet at that point could never have brought the Japanese fleet into conventional combat, and if they had done so, ""The six Japanese carriers could have stood off in deep water and sunk our ships one by one in deep water. We would have lost all the able officers and crews who eventually manned the ships of our new Pacific fleet."""
MISC,0.99976534,Japanese,1204,1212,Attack on Pearl Harbor,118,"Fortunately for the United States, the American aircraft carriers were untouched; otherwise, the Pacific Fleet's ability to conduct offensive operations would have been crippled for a year or more (given no diversions from the Atlantic Fleet). As it was, the Navy was left with no choice but to rely on carriers and submarines. While six of the eight battleships were repaired and returned to service, their relatively low speed and high fuel consumption limited their deployment, and they served mainly in shore bombardment roles (their only major action being the Battle of Surigao Strait in October 1944). A major flaw in Japanese strategic thinking was their reliance on Kantai Kessen, a belief that the ultimate Pacific battle would be fought by battleships, in keeping with the doctrine of Captain Alfred Thayer Mahan. As a result, Yamamoto (and his successors) hoarded battleships for a ""decisive battle"" that never happened. According to the US Naval Institute, Admiral Chester Nimitz believed that the US was fortunate to have been caught by a surprise attack, instead of having their Pacific Fleet lured out to sea by the Japanese, since the US fleet at that point could never have brought the Japanese fleet into conventional combat, and if they had done so, ""The six Japanese carriers could have stood off in deep water and sunk our ships one by one in deep water. We would have lost all the able officers and crews who eventually manned the ships of our new Pacific fleet."""
MISC,0.9997414,Japanese,1279,1287,Attack on Pearl Harbor,118,"Fortunately for the United States, the American aircraft carriers were untouched; otherwise, the Pacific Fleet's ability to conduct offensive operations would have been crippled for a year or more (given no diversions from the Atlantic Fleet). As it was, the Navy was left with no choice but to rely on carriers and submarines. While six of the eight battleships were repaired and returned to service, their relatively low speed and high fuel consumption limited their deployment, and they served mainly in shore bombardment roles (their only major action being the Battle of Surigao Strait in October 1944). A major flaw in Japanese strategic thinking was their reliance on Kantai Kessen, a belief that the ultimate Pacific battle would be fought by battleships, in keeping with the doctrine of Captain Alfred Thayer Mahan. As a result, Yamamoto (and his successors) hoarded battleships for a ""decisive battle"" that never happened. According to the US Naval Institute, Admiral Chester Nimitz believed that the US was fortunate to have been caught by a surprise attack, instead of having their Pacific Fleet lured out to sea by the Japanese, since the US fleet at that point could never have brought the Japanese fleet into conventional combat, and if they had done so, ""The six Japanese carriers could have stood off in deep water and sunk our ships one by one in deep water. We would have lost all the able officers and crews who eventually manned the ships of our new Pacific fleet."""
LOC,0.9969975,Pacific,1471,1478,Attack on Pearl Harbor,118,"Fortunately for the United States, the American aircraft carriers were untouched; otherwise, the Pacific Fleet's ability to conduct offensive operations would have been crippled for a year or more (given no diversions from the Atlantic Fleet). As it was, the Navy was left with no choice but to rely on carriers and submarines. While six of the eight battleships were repaired and returned to service, their relatively low speed and high fuel consumption limited their deployment, and they served mainly in shore bombardment roles (their only major action being the Battle of Surigao Strait in October 1944). A major flaw in Japanese strategic thinking was their reliance on Kantai Kessen, a belief that the ultimate Pacific battle would be fought by battleships, in keeping with the doctrine of Captain Alfred Thayer Mahan. As a result, Yamamoto (and his successors) hoarded battleships for a ""decisive battle"" that never happened. According to the US Naval Institute, Admiral Chester Nimitz believed that the US was fortunate to have been caught by a surprise attack, instead of having their Pacific Fleet lured out to sea by the Japanese, since the US fleet at that point could never have brought the Japanese fleet into conventional combat, and if they had done so, ""The six Japanese carriers could have stood off in deep water and sunk our ships one by one in deep water. We would have lost all the able officers and crews who eventually manned the ships of our new Pacific fleet."""
MISC,0.9997545,Japanese,4,12,Attack on Pearl Harbor,119,"The Japanese confidence in their ability to win a quick victory meant that they neglected Pearl Harbor's navy repair yards, oil tank farms, submarine base, and old headquarters building. All of these targets were omitted from Genda's list, yet they proved more important than any battleship to the American war effort in the Pacific. The survival of the repair shops and fuel depots allowed Pearl Harbor to maintain logistical support of the Navy, such as for the Doolittle Raid, the Battle of the Coral Sea, and the Battle of Midway. It was submarines that immobilized the Imperial Japanese Navy's heavy ships and brought Japan's economy to a virtual standstill by crippling the importation of oil and raw materials: By the end of 1942, the amount of imported raw materials was cut in half ""to a disastrous ten million tons"", while oil ""was almost completely stopped"". Lastly, the basement of the Old Administration Building was the home of the cryptanalytic unit that contributed significantly to the Midway ambush and the submarine force's success."
LOC,0.99955356,Pearl Harbor,90,102,Attack on Pearl Harbor,119,"The Japanese confidence in their ability to win a quick victory meant that they neglected Pearl Harbor's navy repair yards, oil tank farms, submarine base, and old headquarters building. All of these targets were omitted from Genda's list, yet they proved more important than any battleship to the American war effort in the Pacific. The survival of the repair shops and fuel depots allowed Pearl Harbor to maintain logistical support of the Navy, such as for the Doolittle Raid, the Battle of the Coral Sea, and the Battle of Midway. It was submarines that immobilized the Imperial Japanese Navy's heavy ships and brought Japan's economy to a virtual standstill by crippling the importation of oil and raw materials: By the end of 1942, the amount of imported raw materials was cut in half ""to a disastrous ten million tons"", while oil ""was almost completely stopped"". Lastly, the basement of the Old Administration Building was the home of the cryptanalytic unit that contributed significantly to the Midway ambush and the submarine force's success."
ORG,0.42065835,Genda,226,231,Attack on Pearl Harbor,119,"The Japanese confidence in their ability to win a quick victory meant that they neglected Pearl Harbor's navy repair yards, oil tank farms, submarine base, and old headquarters building. All of these targets were omitted from Genda's list, yet they proved more important than any battleship to the American war effort in the Pacific. The survival of the repair shops and fuel depots allowed Pearl Harbor to maintain logistical support of the Navy, such as for the Doolittle Raid, the Battle of the Coral Sea, and the Battle of Midway. It was submarines that immobilized the Imperial Japanese Navy's heavy ships and brought Japan's economy to a virtual standstill by crippling the importation of oil and raw materials: By the end of 1942, the amount of imported raw materials was cut in half ""to a disastrous ten million tons"", while oil ""was almost completely stopped"". Lastly, the basement of the Old Administration Building was the home of the cryptanalytic unit that contributed significantly to the Midway ambush and the submarine force's success."
MISC,0.99978226,American,298,306,Attack on Pearl Harbor,119,"The Japanese confidence in their ability to win a quick victory meant that they neglected Pearl Harbor's navy repair yards, oil tank farms, submarine base, and old headquarters building. All of these targets were omitted from Genda's list, yet they proved more important than any battleship to the American war effort in the Pacific. The survival of the repair shops and fuel depots allowed Pearl Harbor to maintain logistical support of the Navy, such as for the Doolittle Raid, the Battle of the Coral Sea, and the Battle of Midway. It was submarines that immobilized the Imperial Japanese Navy's heavy ships and brought Japan's economy to a virtual standstill by crippling the importation of oil and raw materials: By the end of 1942, the amount of imported raw materials was cut in half ""to a disastrous ten million tons"", while oil ""was almost completely stopped"". Lastly, the basement of the Old Administration Building was the home of the cryptanalytic unit that contributed significantly to the Midway ambush and the submarine force's success."
LOC,0.99947065,Pacific,325,332,Attack on Pearl Harbor,119,"The Japanese confidence in their ability to win a quick victory meant that they neglected Pearl Harbor's navy repair yards, oil tank farms, submarine base, and old headquarters building. All of these targets were omitted from Genda's list, yet they proved more important than any battleship to the American war effort in the Pacific. The survival of the repair shops and fuel depots allowed Pearl Harbor to maintain logistical support of the Navy, such as for the Doolittle Raid, the Battle of the Coral Sea, and the Battle of Midway. It was submarines that immobilized the Imperial Japanese Navy's heavy ships and brought Japan's economy to a virtual standstill by crippling the importation of oil and raw materials: By the end of 1942, the amount of imported raw materials was cut in half ""to a disastrous ten million tons"", while oil ""was almost completely stopped"". Lastly, the basement of the Old Administration Building was the home of the cryptanalytic unit that contributed significantly to the Midway ambush and the submarine force's success."
LOC,0.9994296,Pearl Harbor,391,403,Attack on Pearl Harbor,119,"The Japanese confidence in their ability to win a quick victory meant that they neglected Pearl Harbor's navy repair yards, oil tank farms, submarine base, and old headquarters building. All of these targets were omitted from Genda's list, yet they proved more important than any battleship to the American war effort in the Pacific. The survival of the repair shops and fuel depots allowed Pearl Harbor to maintain logistical support of the Navy, such as for the Doolittle Raid, the Battle of the Coral Sea, and the Battle of Midway. It was submarines that immobilized the Imperial Japanese Navy's heavy ships and brought Japan's economy to a virtual standstill by crippling the importation of oil and raw materials: By the end of 1942, the amount of imported raw materials was cut in half ""to a disastrous ten million tons"", while oil ""was almost completely stopped"". Lastly, the basement of the Old Administration Building was the home of the cryptanalytic unit that contributed significantly to the Midway ambush and the submarine force's success."
ORG,0.9942932,Navy,442,446,Attack on Pearl Harbor,119,"The Japanese confidence in their ability to win a quick victory meant that they neglected Pearl Harbor's navy repair yards, oil tank farms, submarine base, and old headquarters building. All of these targets were omitted from Genda's list, yet they proved more important than any battleship to the American war effort in the Pacific. The survival of the repair shops and fuel depots allowed Pearl Harbor to maintain logistical support of the Navy, such as for the Doolittle Raid, the Battle of the Coral Sea, and the Battle of Midway. It was submarines that immobilized the Imperial Japanese Navy's heavy ships and brought Japan's economy to a virtual standstill by crippling the importation of oil and raw materials: By the end of 1942, the amount of imported raw materials was cut in half ""to a disastrous ten million tons"", while oil ""was almost completely stopped"". Lastly, the basement of the Old Administration Building was the home of the cryptanalytic unit that contributed significantly to the Midway ambush and the submarine force's success."
MISC,0.82094777,Doolittle Raid,464,478,Attack on Pearl Harbor,119,"The Japanese confidence in their ability to win a quick victory meant that they neglected Pearl Harbor's navy repair yards, oil tank farms, submarine base, and old headquarters building. All of these targets were omitted from Genda's list, yet they proved more important than any battleship to the American war effort in the Pacific. The survival of the repair shops and fuel depots allowed Pearl Harbor to maintain logistical support of the Navy, such as for the Doolittle Raid, the Battle of the Coral Sea, and the Battle of Midway. It was submarines that immobilized the Imperial Japanese Navy's heavy ships and brought Japan's economy to a virtual standstill by crippling the importation of oil and raw materials: By the end of 1942, the amount of imported raw materials was cut in half ""to a disastrous ten million tons"", while oil ""was almost completely stopped"". Lastly, the basement of the Old Administration Building was the home of the cryptanalytic unit that contributed significantly to the Midway ambush and the submarine force's success."
MISC,0.991786,Battle of the Coral Sea,484,507,Attack on Pearl Harbor,119,"The Japanese confidence in their ability to win a quick victory meant that they neglected Pearl Harbor's navy repair yards, oil tank farms, submarine base, and old headquarters building. All of these targets were omitted from Genda's list, yet they proved more important than any battleship to the American war effort in the Pacific. The survival of the repair shops and fuel depots allowed Pearl Harbor to maintain logistical support of the Navy, such as for the Doolittle Raid, the Battle of the Coral Sea, and the Battle of Midway. It was submarines that immobilized the Imperial Japanese Navy's heavy ships and brought Japan's economy to a virtual standstill by crippling the importation of oil and raw materials: By the end of 1942, the amount of imported raw materials was cut in half ""to a disastrous ten million tons"", while oil ""was almost completely stopped"". Lastly, the basement of the Old Administration Building was the home of the cryptanalytic unit that contributed significantly to the Midway ambush and the submarine force's success."
MISC,0.99313956,Battle of Midway,517,533,Attack on Pearl Harbor,119,"The Japanese confidence in their ability to win a quick victory meant that they neglected Pearl Harbor's navy repair yards, oil tank farms, submarine base, and old headquarters building. All of these targets were omitted from Genda's list, yet they proved more important than any battleship to the American war effort in the Pacific. The survival of the repair shops and fuel depots allowed Pearl Harbor to maintain logistical support of the Navy, such as for the Doolittle Raid, the Battle of the Coral Sea, and the Battle of Midway. It was submarines that immobilized the Imperial Japanese Navy's heavy ships and brought Japan's economy to a virtual standstill by crippling the importation of oil and raw materials: By the end of 1942, the amount of imported raw materials was cut in half ""to a disastrous ten million tons"", while oil ""was almost completely stopped"". Lastly, the basement of the Old Administration Building was the home of the cryptanalytic unit that contributed significantly to the Midway ambush and the submarine force's success."
ORG,0.972287,Imperial Japanese Navy,574,596,Attack on Pearl Harbor,119,"The Japanese confidence in their ability to win a quick victory meant that they neglected Pearl Harbor's navy repair yards, oil tank farms, submarine base, and old headquarters building. All of these targets were omitted from Genda's list, yet they proved more important than any battleship to the American war effort in the Pacific. The survival of the repair shops and fuel depots allowed Pearl Harbor to maintain logistical support of the Navy, such as for the Doolittle Raid, the Battle of the Coral Sea, and the Battle of Midway. It was submarines that immobilized the Imperial Japanese Navy's heavy ships and brought Japan's economy to a virtual standstill by crippling the importation of oil and raw materials: By the end of 1942, the amount of imported raw materials was cut in half ""to a disastrous ten million tons"", while oil ""was almost completely stopped"". Lastly, the basement of the Old Administration Building was the home of the cryptanalytic unit that contributed significantly to the Midway ambush and the submarine force's success."
LOC,0.9997551,Japan,623,628,Attack on Pearl Harbor,119,"The Japanese confidence in their ability to win a quick victory meant that they neglected Pearl Harbor's navy repair yards, oil tank farms, submarine base, and old headquarters building. All of these targets were omitted from Genda's list, yet they proved more important than any battleship to the American war effort in the Pacific. The survival of the repair shops and fuel depots allowed Pearl Harbor to maintain logistical support of the Navy, such as for the Doolittle Raid, the Battle of the Coral Sea, and the Battle of Midway. It was submarines that immobilized the Imperial Japanese Navy's heavy ships and brought Japan's economy to a virtual standstill by crippling the importation of oil and raw materials: By the end of 1942, the amount of imported raw materials was cut in half ""to a disastrous ten million tons"", while oil ""was almost completely stopped"". Lastly, the basement of the Old Administration Building was the home of the cryptanalytic unit that contributed significantly to the Midway ambush and the submarine force's success."
LOC,0.90581024,Administration Building,902,925,Attack on Pearl Harbor,119,"The Japanese confidence in their ability to win a quick victory meant that they neglected Pearl Harbor's navy repair yards, oil tank farms, submarine base, and old headquarters building. All of these targets were omitted from Genda's list, yet they proved more important than any battleship to the American war effort in the Pacific. The survival of the repair shops and fuel depots allowed Pearl Harbor to maintain logistical support of the Navy, such as for the Doolittle Raid, the Battle of the Coral Sea, and the Battle of Midway. It was submarines that immobilized the Imperial Japanese Navy's heavy ships and brought Japan's economy to a virtual standstill by crippling the importation of oil and raw materials: By the end of 1942, the amount of imported raw materials was cut in half ""to a disastrous ten million tons"", while oil ""was almost completely stopped"". Lastly, the basement of the Old Administration Building was the home of the cryptanalytic unit that contributed significantly to the Midway ambush and the submarine force's success."
LOC,0.9909134,Midway,1003,1009,Attack on Pearl Harbor,119,"The Japanese confidence in their ability to win a quick victory meant that they neglected Pearl Harbor's navy repair yards, oil tank farms, submarine base, and old headquarters building. All of these targets were omitted from Genda's list, yet they proved more important than any battleship to the American war effort in the Pacific. The survival of the repair shops and fuel depots allowed Pearl Harbor to maintain logistical support of the Navy, such as for the Doolittle Raid, the Battle of the Coral Sea, and the Battle of Midway. It was submarines that immobilized the Imperial Japanese Navy's heavy ships and brought Japan's economy to a virtual standstill by crippling the importation of oil and raw materials: By the end of 1942, the amount of imported raw materials was cut in half ""to a disastrous ten million tons"", while oil ""was almost completely stopped"". Lastly, the basement of the Old Administration Building was the home of the cryptanalytic unit that contributed significantly to the Midway ambush and the submarine force's success."
MISC,0.9997508,Japanese,4,12,Attack on Pearl Harbor,120,"The Japanese failure to follow up their attack on Pearl Harbor with an invasion of Hawaii was also seen as another strategic failure, although experts find it unlikely Japan could have pulled off such a feat. Japan had long seen Hawaii as a part of their planned Pacific empire. As early as 1932 and even 1924, Admiral Seijiro Kawashima and Commander Hironori Mizuno argued that in the event of any war with the United States, Japan needed to take Hawaii, and a failure to do so would doom the war to being prolonged, and keep Japan from being able to win. Before the Pearl Harbor attack, Japanese intelligence officer Kinoaki Matsuo and Japanese Commander Minuro Genda were both in favor of invading Hawaii, believing that such a move was necessary for forcing the US to the negotiating table and winning the war. However, in the wake of discussions following the war games drilling for the Pearl Harbor attack on September 5–17, 1941, Admiral Isoroku Yamamoto ultimately decided against attempting an invasion of Hawaii."
LOC,0.99961305,Pearl Harbor,50,62,Attack on Pearl Harbor,120,"The Japanese failure to follow up their attack on Pearl Harbor with an invasion of Hawaii was also seen as another strategic failure, although experts find it unlikely Japan could have pulled off such a feat. Japan had long seen Hawaii as a part of their planned Pacific empire. As early as 1932 and even 1924, Admiral Seijiro Kawashima and Commander Hironori Mizuno argued that in the event of any war with the United States, Japan needed to take Hawaii, and a failure to do so would doom the war to being prolonged, and keep Japan from being able to win. Before the Pearl Harbor attack, Japanese intelligence officer Kinoaki Matsuo and Japanese Commander Minuro Genda were both in favor of invading Hawaii, believing that such a move was necessary for forcing the US to the negotiating table and winning the war. However, in the wake of discussions following the war games drilling for the Pearl Harbor attack on September 5–17, 1941, Admiral Isoroku Yamamoto ultimately decided against attempting an invasion of Hawaii."
LOC,0.99982363,Hawaii,83,89,Attack on Pearl Harbor,120,"The Japanese failure to follow up their attack on Pearl Harbor with an invasion of Hawaii was also seen as another strategic failure, although experts find it unlikely Japan could have pulled off such a feat. Japan had long seen Hawaii as a part of their planned Pacific empire. As early as 1932 and even 1924, Admiral Seijiro Kawashima and Commander Hironori Mizuno argued that in the event of any war with the United States, Japan needed to take Hawaii, and a failure to do so would doom the war to being prolonged, and keep Japan from being able to win. Before the Pearl Harbor attack, Japanese intelligence officer Kinoaki Matsuo and Japanese Commander Minuro Genda were both in favor of invading Hawaii, believing that such a move was necessary for forcing the US to the negotiating table and winning the war. However, in the wake of discussions following the war games drilling for the Pearl Harbor attack on September 5–17, 1941, Admiral Isoroku Yamamoto ultimately decided against attempting an invasion of Hawaii."
LOC,0.9998041,Japan,168,173,Attack on Pearl Harbor,120,"The Japanese failure to follow up their attack on Pearl Harbor with an invasion of Hawaii was also seen as another strategic failure, although experts find it unlikely Japan could have pulled off such a feat. Japan had long seen Hawaii as a part of their planned Pacific empire. As early as 1932 and even 1924, Admiral Seijiro Kawashima and Commander Hironori Mizuno argued that in the event of any war with the United States, Japan needed to take Hawaii, and a failure to do so would doom the war to being prolonged, and keep Japan from being able to win. Before the Pearl Harbor attack, Japanese intelligence officer Kinoaki Matsuo and Japanese Commander Minuro Genda were both in favor of invading Hawaii, believing that such a move was necessary for forcing the US to the negotiating table and winning the war. However, in the wake of discussions following the war games drilling for the Pearl Harbor attack on September 5–17, 1941, Admiral Isoroku Yamamoto ultimately decided against attempting an invasion of Hawaii."
LOC,0.99980444,Japan,209,214,Attack on Pearl Harbor,120,"The Japanese failure to follow up their attack on Pearl Harbor with an invasion of Hawaii was also seen as another strategic failure, although experts find it unlikely Japan could have pulled off such a feat. Japan had long seen Hawaii as a part of their planned Pacific empire. As early as 1932 and even 1924, Admiral Seijiro Kawashima and Commander Hironori Mizuno argued that in the event of any war with the United States, Japan needed to take Hawaii, and a failure to do so would doom the war to being prolonged, and keep Japan from being able to win. Before the Pearl Harbor attack, Japanese intelligence officer Kinoaki Matsuo and Japanese Commander Minuro Genda were both in favor of invading Hawaii, believing that such a move was necessary for forcing the US to the negotiating table and winning the war. However, in the wake of discussions following the war games drilling for the Pearl Harbor attack on September 5–17, 1941, Admiral Isoroku Yamamoto ultimately decided against attempting an invasion of Hawaii."
LOC,0.99979717,Hawaii,229,235,Attack on Pearl Harbor,120,"The Japanese failure to follow up their attack on Pearl Harbor with an invasion of Hawaii was also seen as another strategic failure, although experts find it unlikely Japan could have pulled off such a feat. Japan had long seen Hawaii as a part of their planned Pacific empire. As early as 1932 and even 1924, Admiral Seijiro Kawashima and Commander Hironori Mizuno argued that in the event of any war with the United States, Japan needed to take Hawaii, and a failure to do so would doom the war to being prolonged, and keep Japan from being able to win. Before the Pearl Harbor attack, Japanese intelligence officer Kinoaki Matsuo and Japanese Commander Minuro Genda were both in favor of invading Hawaii, believing that such a move was necessary for forcing the US to the negotiating table and winning the war. However, in the wake of discussions following the war games drilling for the Pearl Harbor attack on September 5–17, 1941, Admiral Isoroku Yamamoto ultimately decided against attempting an invasion of Hawaii."
LOC,0.9989441,Pacific,263,270,Attack on Pearl Harbor,120,"The Japanese failure to follow up their attack on Pearl Harbor with an invasion of Hawaii was also seen as another strategic failure, although experts find it unlikely Japan could have pulled off such a feat. Japan had long seen Hawaii as a part of their planned Pacific empire. As early as 1932 and even 1924, Admiral Seijiro Kawashima and Commander Hironori Mizuno argued that in the event of any war with the United States, Japan needed to take Hawaii, and a failure to do so would doom the war to being prolonged, and keep Japan from being able to win. Before the Pearl Harbor attack, Japanese intelligence officer Kinoaki Matsuo and Japanese Commander Minuro Genda were both in favor of invading Hawaii, believing that such a move was necessary for forcing the US to the negotiating table and winning the war. However, in the wake of discussions following the war games drilling for the Pearl Harbor attack on September 5–17, 1941, Admiral Isoroku Yamamoto ultimately decided against attempting an invasion of Hawaii."
PER,0.75476915,Seijiro Kawashima,319,336,Attack on Pearl Harbor,120,"The Japanese failure to follow up their attack on Pearl Harbor with an invasion of Hawaii was also seen as another strategic failure, although experts find it unlikely Japan could have pulled off such a feat. Japan had long seen Hawaii as a part of their planned Pacific empire. As early as 1932 and even 1924, Admiral Seijiro Kawashima and Commander Hironori Mizuno argued that in the event of any war with the United States, Japan needed to take Hawaii, and a failure to do so would doom the war to being prolonged, and keep Japan from being able to win. Before the Pearl Harbor attack, Japanese intelligence officer Kinoaki Matsuo and Japanese Commander Minuro Genda were both in favor of invading Hawaii, believing that such a move was necessary for forcing the US to the negotiating table and winning the war. However, in the wake of discussions following the war games drilling for the Pearl Harbor attack on September 5–17, 1941, Admiral Isoroku Yamamoto ultimately decided against attempting an invasion of Hawaii."
PER,0.7509966,Hironori Mizuno,351,366,Attack on Pearl Harbor,120,"The Japanese failure to follow up their attack on Pearl Harbor with an invasion of Hawaii was also seen as another strategic failure, although experts find it unlikely Japan could have pulled off such a feat. Japan had long seen Hawaii as a part of their planned Pacific empire. As early as 1932 and even 1924, Admiral Seijiro Kawashima and Commander Hironori Mizuno argued that in the event of any war with the United States, Japan needed to take Hawaii, and a failure to do so would doom the war to being prolonged, and keep Japan from being able to win. Before the Pearl Harbor attack, Japanese intelligence officer Kinoaki Matsuo and Japanese Commander Minuro Genda were both in favor of invading Hawaii, believing that such a move was necessary for forcing the US to the negotiating table and winning the war. However, in the wake of discussions following the war games drilling for the Pearl Harbor attack on September 5–17, 1941, Admiral Isoroku Yamamoto ultimately decided against attempting an invasion of Hawaii."
LOC,0.99956787,United States,412,425,Attack on Pearl Harbor,120,"The Japanese failure to follow up their attack on Pearl Harbor with an invasion of Hawaii was also seen as another strategic failure, although experts find it unlikely Japan could have pulled off such a feat. Japan had long seen Hawaii as a part of their planned Pacific empire. As early as 1932 and even 1924, Admiral Seijiro Kawashima and Commander Hironori Mizuno argued that in the event of any war with the United States, Japan needed to take Hawaii, and a failure to do so would doom the war to being prolonged, and keep Japan from being able to win. Before the Pearl Harbor attack, Japanese intelligence officer Kinoaki Matsuo and Japanese Commander Minuro Genda were both in favor of invading Hawaii, believing that such a move was necessary for forcing the US to the negotiating table and winning the war. However, in the wake of discussions following the war games drilling for the Pearl Harbor attack on September 5–17, 1941, Admiral Isoroku Yamamoto ultimately decided against attempting an invasion of Hawaii."
LOC,0.9997638,Japan,427,432,Attack on Pearl Harbor,120,"The Japanese failure to follow up their attack on Pearl Harbor with an invasion of Hawaii was also seen as another strategic failure, although experts find it unlikely Japan could have pulled off such a feat. Japan had long seen Hawaii as a part of their planned Pacific empire. As early as 1932 and even 1924, Admiral Seijiro Kawashima and Commander Hironori Mizuno argued that in the event of any war with the United States, Japan needed to take Hawaii, and a failure to do so would doom the war to being prolonged, and keep Japan from being able to win. Before the Pearl Harbor attack, Japanese intelligence officer Kinoaki Matsuo and Japanese Commander Minuro Genda were both in favor of invading Hawaii, believing that such a move was necessary for forcing the US to the negotiating table and winning the war. However, in the wake of discussions following the war games drilling for the Pearl Harbor attack on September 5–17, 1941, Admiral Isoroku Yamamoto ultimately decided against attempting an invasion of Hawaii."
LOC,0.99980646,Hawaii,448,454,Attack on Pearl Harbor,120,"The Japanese failure to follow up their attack on Pearl Harbor with an invasion of Hawaii was also seen as another strategic failure, although experts find it unlikely Japan could have pulled off such a feat. Japan had long seen Hawaii as a part of their planned Pacific empire. As early as 1932 and even 1924, Admiral Seijiro Kawashima and Commander Hironori Mizuno argued that in the event of any war with the United States, Japan needed to take Hawaii, and a failure to do so would doom the war to being prolonged, and keep Japan from being able to win. Before the Pearl Harbor attack, Japanese intelligence officer Kinoaki Matsuo and Japanese Commander Minuro Genda were both in favor of invading Hawaii, believing that such a move was necessary for forcing the US to the negotiating table and winning the war. However, in the wake of discussions following the war games drilling for the Pearl Harbor attack on September 5–17, 1941, Admiral Isoroku Yamamoto ultimately decided against attempting an invasion of Hawaii."
LOC,0.9997987,Japan,527,532,Attack on Pearl Harbor,120,"The Japanese failure to follow up their attack on Pearl Harbor with an invasion of Hawaii was also seen as another strategic failure, although experts find it unlikely Japan could have pulled off such a feat. Japan had long seen Hawaii as a part of their planned Pacific empire. As early as 1932 and even 1924, Admiral Seijiro Kawashima and Commander Hironori Mizuno argued that in the event of any war with the United States, Japan needed to take Hawaii, and a failure to do so would doom the war to being prolonged, and keep Japan from being able to win. Before the Pearl Harbor attack, Japanese intelligence officer Kinoaki Matsuo and Japanese Commander Minuro Genda were both in favor of invading Hawaii, believing that such a move was necessary for forcing the US to the negotiating table and winning the war. However, in the wake of discussions following the war games drilling for the Pearl Harbor attack on September 5–17, 1941, Admiral Isoroku Yamamoto ultimately decided against attempting an invasion of Hawaii."
LOC,0.9995061,Pearl Harbor,568,580,Attack on Pearl Harbor,120,"The Japanese failure to follow up their attack on Pearl Harbor with an invasion of Hawaii was also seen as another strategic failure, although experts find it unlikely Japan could have pulled off such a feat. Japan had long seen Hawaii as a part of their planned Pacific empire. As early as 1932 and even 1924, Admiral Seijiro Kawashima and Commander Hironori Mizuno argued that in the event of any war with the United States, Japan needed to take Hawaii, and a failure to do so would doom the war to being prolonged, and keep Japan from being able to win. Before the Pearl Harbor attack, Japanese intelligence officer Kinoaki Matsuo and Japanese Commander Minuro Genda were both in favor of invading Hawaii, believing that such a move was necessary for forcing the US to the negotiating table and winning the war. However, in the wake of discussions following the war games drilling for the Pearl Harbor attack on September 5–17, 1941, Admiral Isoroku Yamamoto ultimately decided against attempting an invasion of Hawaii."
MISC,0.9997845,Japanese,589,597,Attack on Pearl Harbor,120,"The Japanese failure to follow up their attack on Pearl Harbor with an invasion of Hawaii was also seen as another strategic failure, although experts find it unlikely Japan could have pulled off such a feat. Japan had long seen Hawaii as a part of their planned Pacific empire. As early as 1932 and even 1924, Admiral Seijiro Kawashima and Commander Hironori Mizuno argued that in the event of any war with the United States, Japan needed to take Hawaii, and a failure to do so would doom the war to being prolonged, and keep Japan from being able to win. Before the Pearl Harbor attack, Japanese intelligence officer Kinoaki Matsuo and Japanese Commander Minuro Genda were both in favor of invading Hawaii, believing that such a move was necessary for forcing the US to the negotiating table and winning the war. However, in the wake of discussions following the war games drilling for the Pearl Harbor attack on September 5–17, 1941, Admiral Isoroku Yamamoto ultimately decided against attempting an invasion of Hawaii."
PER,0.74295056,Kinoaki Matsuo,619,633,Attack on Pearl Harbor,120,"The Japanese failure to follow up their attack on Pearl Harbor with an invasion of Hawaii was also seen as another strategic failure, although experts find it unlikely Japan could have pulled off such a feat. Japan had long seen Hawaii as a part of their planned Pacific empire. As early as 1932 and even 1924, Admiral Seijiro Kawashima and Commander Hironori Mizuno argued that in the event of any war with the United States, Japan needed to take Hawaii, and a failure to do so would doom the war to being prolonged, and keep Japan from being able to win. Before the Pearl Harbor attack, Japanese intelligence officer Kinoaki Matsuo and Japanese Commander Minuro Genda were both in favor of invading Hawaii, believing that such a move was necessary for forcing the US to the negotiating table and winning the war. However, in the wake of discussions following the war games drilling for the Pearl Harbor attack on September 5–17, 1941, Admiral Isoroku Yamamoto ultimately decided against attempting an invasion of Hawaii."
MISC,0.99963737,Japanese,638,646,Attack on Pearl Harbor,120,"The Japanese failure to follow up their attack on Pearl Harbor with an invasion of Hawaii was also seen as another strategic failure, although experts find it unlikely Japan could have pulled off such a feat. Japan had long seen Hawaii as a part of their planned Pacific empire. As early as 1932 and even 1924, Admiral Seijiro Kawashima and Commander Hironori Mizuno argued that in the event of any war with the United States, Japan needed to take Hawaii, and a failure to do so would doom the war to being prolonged, and keep Japan from being able to win. Before the Pearl Harbor attack, Japanese intelligence officer Kinoaki Matsuo and Japanese Commander Minuro Genda were both in favor of invading Hawaii, believing that such a move was necessary for forcing the US to the negotiating table and winning the war. However, in the wake of discussions following the war games drilling for the Pearl Harbor attack on September 5–17, 1941, Admiral Isoroku Yamamoto ultimately decided against attempting an invasion of Hawaii."
PER,0.73560715,Minuro Genda,657,669,Attack on Pearl Harbor,120,"The Japanese failure to follow up their attack on Pearl Harbor with an invasion of Hawaii was also seen as another strategic failure, although experts find it unlikely Japan could have pulled off such a feat. Japan had long seen Hawaii as a part of their planned Pacific empire. As early as 1932 and even 1924, Admiral Seijiro Kawashima and Commander Hironori Mizuno argued that in the event of any war with the United States, Japan needed to take Hawaii, and a failure to do so would doom the war to being prolonged, and keep Japan from being able to win. Before the Pearl Harbor attack, Japanese intelligence officer Kinoaki Matsuo and Japanese Commander Minuro Genda were both in favor of invading Hawaii, believing that such a move was necessary for forcing the US to the negotiating table and winning the war. However, in the wake of discussions following the war games drilling for the Pearl Harbor attack on September 5–17, 1941, Admiral Isoroku Yamamoto ultimately decided against attempting an invasion of Hawaii."
LOC,0.9998036,Hawaii,701,707,Attack on Pearl Harbor,120,"The Japanese failure to follow up their attack on Pearl Harbor with an invasion of Hawaii was also seen as another strategic failure, although experts find it unlikely Japan could have pulled off such a feat. Japan had long seen Hawaii as a part of their planned Pacific empire. As early as 1932 and even 1924, Admiral Seijiro Kawashima and Commander Hironori Mizuno argued that in the event of any war with the United States, Japan needed to take Hawaii, and a failure to do so would doom the war to being prolonged, and keep Japan from being able to win. Before the Pearl Harbor attack, Japanese intelligence officer Kinoaki Matsuo and Japanese Commander Minuro Genda were both in favor of invading Hawaii, believing that such a move was necessary for forcing the US to the negotiating table and winning the war. However, in the wake of discussions following the war games drilling for the Pearl Harbor attack on September 5–17, 1941, Admiral Isoroku Yamamoto ultimately decided against attempting an invasion of Hawaii."
LOC,0.9959726,US,766,768,Attack on Pearl Harbor,120,"The Japanese failure to follow up their attack on Pearl Harbor with an invasion of Hawaii was also seen as another strategic failure, although experts find it unlikely Japan could have pulled off such a feat. Japan had long seen Hawaii as a part of their planned Pacific empire. As early as 1932 and even 1924, Admiral Seijiro Kawashima and Commander Hironori Mizuno argued that in the event of any war with the United States, Japan needed to take Hawaii, and a failure to do so would doom the war to being prolonged, and keep Japan from being able to win. Before the Pearl Harbor attack, Japanese intelligence officer Kinoaki Matsuo and Japanese Commander Minuro Genda were both in favor of invading Hawaii, believing that such a move was necessary for forcing the US to the negotiating table and winning the war. However, in the wake of discussions following the war games drilling for the Pearl Harbor attack on September 5–17, 1941, Admiral Isoroku Yamamoto ultimately decided against attempting an invasion of Hawaii."
LOC,0.9994025,Pearl Harbor,892,904,Attack on Pearl Harbor,120,"The Japanese failure to follow up their attack on Pearl Harbor with an invasion of Hawaii was also seen as another strategic failure, although experts find it unlikely Japan could have pulled off such a feat. Japan had long seen Hawaii as a part of their planned Pacific empire. As early as 1932 and even 1924, Admiral Seijiro Kawashima and Commander Hironori Mizuno argued that in the event of any war with the United States, Japan needed to take Hawaii, and a failure to do so would doom the war to being prolonged, and keep Japan from being able to win. Before the Pearl Harbor attack, Japanese intelligence officer Kinoaki Matsuo and Japanese Commander Minuro Genda were both in favor of invading Hawaii, believing that such a move was necessary for forcing the US to the negotiating table and winning the war. However, in the wake of discussions following the war games drilling for the Pearl Harbor attack on September 5–17, 1941, Admiral Isoroku Yamamoto ultimately decided against attempting an invasion of Hawaii."
PER,0.82297313,Isoroku Yamamoto,945,961,Attack on Pearl Harbor,120,"The Japanese failure to follow up their attack on Pearl Harbor with an invasion of Hawaii was also seen as another strategic failure, although experts find it unlikely Japan could have pulled off such a feat. Japan had long seen Hawaii as a part of their planned Pacific empire. As early as 1932 and even 1924, Admiral Seijiro Kawashima and Commander Hironori Mizuno argued that in the event of any war with the United States, Japan needed to take Hawaii, and a failure to do so would doom the war to being prolonged, and keep Japan from being able to win. Before the Pearl Harbor attack, Japanese intelligence officer Kinoaki Matsuo and Japanese Commander Minuro Genda were both in favor of invading Hawaii, believing that such a move was necessary for forcing the US to the negotiating table and winning the war. However, in the wake of discussions following the war games drilling for the Pearl Harbor attack on September 5–17, 1941, Admiral Isoroku Yamamoto ultimately decided against attempting an invasion of Hawaii."
LOC,0.99977726,Hawaii,1015,1021,Attack on Pearl Harbor,120,"The Japanese failure to follow up their attack on Pearl Harbor with an invasion of Hawaii was also seen as another strategic failure, although experts find it unlikely Japan could have pulled off such a feat. Japan had long seen Hawaii as a part of their planned Pacific empire. As early as 1932 and even 1924, Admiral Seijiro Kawashima and Commander Hironori Mizuno argued that in the event of any war with the United States, Japan needed to take Hawaii, and a failure to do so would doom the war to being prolonged, and keep Japan from being able to win. Before the Pearl Harbor attack, Japanese intelligence officer Kinoaki Matsuo and Japanese Commander Minuro Genda were both in favor of invading Hawaii, believing that such a move was necessary for forcing the US to the negotiating table and winning the war. However, in the wake of discussions following the war games drilling for the Pearl Harbor attack on September 5–17, 1941, Admiral Isoroku Yamamoto ultimately decided against attempting an invasion of Hawaii."
PER,0.51392657,Yamamoto,50,58,Attack on Pearl Harbor,121,"On 9 December, two days after the attack, Admiral Yamamoto apparently changed his mind, and realizing the strategic blunder in failing to seize Oahu, decided to prepare plans for an invasion of Hawaii, which was dubbed the ""Yamaguchi Plan"". The plan consisted of seizing Midway Island, Johnston Atoll, and Palmyra Island, and imposing a tightening blockade on Oahu. After seizing the Big Island of Hawaii, Oahu would fall to an amphibious assault. However, Japan's decisive defeat at the Battle of Midway in June 1942 permanently scuttled those plans. In the event that Japan had invaded Hawaii, experts believe that the US garrison there would have been unable to put up a cohesive defense, and a occupation of the Hawaiian Islands would have allowed Japan to dominate the central Pacific, and forced the surviving Pacific Fleet to retreat to the US West Coast, giving Japan a chance to control the central Pacific."
LOC,0.50016457,Oahu,144,148,Attack on Pearl Harbor,121,"On 9 December, two days after the attack, Admiral Yamamoto apparently changed his mind, and realizing the strategic blunder in failing to seize Oahu, decided to prepare plans for an invasion of Hawaii, which was dubbed the ""Yamaguchi Plan"". The plan consisted of seizing Midway Island, Johnston Atoll, and Palmyra Island, and imposing a tightening blockade on Oahu. After seizing the Big Island of Hawaii, Oahu would fall to an amphibious assault. However, Japan's decisive defeat at the Battle of Midway in June 1942 permanently scuttled those plans. In the event that Japan had invaded Hawaii, experts believe that the US garrison there would have been unable to put up a cohesive defense, and a occupation of the Hawaiian Islands would have allowed Japan to dominate the central Pacific, and forced the surviving Pacific Fleet to retreat to the US West Coast, giving Japan a chance to control the central Pacific."
LOC,0.99978215,Hawaii,194,200,Attack on Pearl Harbor,121,"On 9 December, two days after the attack, Admiral Yamamoto apparently changed his mind, and realizing the strategic blunder in failing to seize Oahu, decided to prepare plans for an invasion of Hawaii, which was dubbed the ""Yamaguchi Plan"". The plan consisted of seizing Midway Island, Johnston Atoll, and Palmyra Island, and imposing a tightening blockade on Oahu. After seizing the Big Island of Hawaii, Oahu would fall to an amphibious assault. However, Japan's decisive defeat at the Battle of Midway in June 1942 permanently scuttled those plans. In the event that Japan had invaded Hawaii, experts believe that the US garrison there would have been unable to put up a cohesive defense, and a occupation of the Hawaiian Islands would have allowed Japan to dominate the central Pacific, and forced the surviving Pacific Fleet to retreat to the US West Coast, giving Japan a chance to control the central Pacific."
MISC,0.73586744,Yamaguchi Plan,224,238,Attack on Pearl Harbor,121,"On 9 December, two days after the attack, Admiral Yamamoto apparently changed his mind, and realizing the strategic blunder in failing to seize Oahu, decided to prepare plans for an invasion of Hawaii, which was dubbed the ""Yamaguchi Plan"". The plan consisted of seizing Midway Island, Johnston Atoll, and Palmyra Island, and imposing a tightening blockade on Oahu. After seizing the Big Island of Hawaii, Oahu would fall to an amphibious assault. However, Japan's decisive defeat at the Battle of Midway in June 1942 permanently scuttled those plans. In the event that Japan had invaded Hawaii, experts believe that the US garrison there would have been unable to put up a cohesive defense, and a occupation of the Hawaiian Islands would have allowed Japan to dominate the central Pacific, and forced the surviving Pacific Fleet to retreat to the US West Coast, giving Japan a chance to control the central Pacific."
LOC,0.9988861,Midway Island,271,284,Attack on Pearl Harbor,121,"On 9 December, two days after the attack, Admiral Yamamoto apparently changed his mind, and realizing the strategic blunder in failing to seize Oahu, decided to prepare plans for an invasion of Hawaii, which was dubbed the ""Yamaguchi Plan"". The plan consisted of seizing Midway Island, Johnston Atoll, and Palmyra Island, and imposing a tightening blockade on Oahu. After seizing the Big Island of Hawaii, Oahu would fall to an amphibious assault. However, Japan's decisive defeat at the Battle of Midway in June 1942 permanently scuttled those plans. In the event that Japan had invaded Hawaii, experts believe that the US garrison there would have been unable to put up a cohesive defense, and a occupation of the Hawaiian Islands would have allowed Japan to dominate the central Pacific, and forced the surviving Pacific Fleet to retreat to the US West Coast, giving Japan a chance to control the central Pacific."
LOC,0.9986593,Johnston Atoll,286,300,Attack on Pearl Harbor,121,"On 9 December, two days after the attack, Admiral Yamamoto apparently changed his mind, and realizing the strategic blunder in failing to seize Oahu, decided to prepare plans for an invasion of Hawaii, which was dubbed the ""Yamaguchi Plan"". The plan consisted of seizing Midway Island, Johnston Atoll, and Palmyra Island, and imposing a tightening blockade on Oahu. After seizing the Big Island of Hawaii, Oahu would fall to an amphibious assault. However, Japan's decisive defeat at the Battle of Midway in June 1942 permanently scuttled those plans. In the event that Japan had invaded Hawaii, experts believe that the US garrison there would have been unable to put up a cohesive defense, and a occupation of the Hawaiian Islands would have allowed Japan to dominate the central Pacific, and forced the surviving Pacific Fleet to retreat to the US West Coast, giving Japan a chance to control the central Pacific."
LOC,0.74936986,Palmyra Island,306,320,Attack on Pearl Harbor,121,"On 9 December, two days after the attack, Admiral Yamamoto apparently changed his mind, and realizing the strategic blunder in failing to seize Oahu, decided to prepare plans for an invasion of Hawaii, which was dubbed the ""Yamaguchi Plan"". The plan consisted of seizing Midway Island, Johnston Atoll, and Palmyra Island, and imposing a tightening blockade on Oahu. After seizing the Big Island of Hawaii, Oahu would fall to an amphibious assault. However, Japan's decisive defeat at the Battle of Midway in June 1942 permanently scuttled those plans. In the event that Japan had invaded Hawaii, experts believe that the US garrison there would have been unable to put up a cohesive defense, and a occupation of the Hawaiian Islands would have allowed Japan to dominate the central Pacific, and forced the surviving Pacific Fleet to retreat to the US West Coast, giving Japan a chance to control the central Pacific."
LOC,0.5000121,Oahu,360,364,Attack on Pearl Harbor,121,"On 9 December, two days after the attack, Admiral Yamamoto apparently changed his mind, and realizing the strategic blunder in failing to seize Oahu, decided to prepare plans for an invasion of Hawaii, which was dubbed the ""Yamaguchi Plan"". The plan consisted of seizing Midway Island, Johnston Atoll, and Palmyra Island, and imposing a tightening blockade on Oahu. After seizing the Big Island of Hawaii, Oahu would fall to an amphibious assault. However, Japan's decisive defeat at the Battle of Midway in June 1942 permanently scuttled those plans. In the event that Japan had invaded Hawaii, experts believe that the US garrison there would have been unable to put up a cohesive defense, and a occupation of the Hawaiian Islands would have allowed Japan to dominate the central Pacific, and forced the surviving Pacific Fleet to retreat to the US West Coast, giving Japan a chance to control the central Pacific."
LOC,0.98974514,Big Island of,384,397,Attack on Pearl Harbor,121,"On 9 December, two days after the attack, Admiral Yamamoto apparently changed his mind, and realizing the strategic blunder in failing to seize Oahu, decided to prepare plans for an invasion of Hawaii, which was dubbed the ""Yamaguchi Plan"". The plan consisted of seizing Midway Island, Johnston Atoll, and Palmyra Island, and imposing a tightening blockade on Oahu. After seizing the Big Island of Hawaii, Oahu would fall to an amphibious assault. However, Japan's decisive defeat at the Battle of Midway in June 1942 permanently scuttled those plans. In the event that Japan had invaded Hawaii, experts believe that the US garrison there would have been unable to put up a cohesive defense, and a occupation of the Hawaiian Islands would have allowed Japan to dominate the central Pacific, and forced the surviving Pacific Fleet to retreat to the US West Coast, giving Japan a chance to control the central Pacific."
LOC,0.9932382,Hawaii,398,404,Attack on Pearl Harbor,121,"On 9 December, two days after the attack, Admiral Yamamoto apparently changed his mind, and realizing the strategic blunder in failing to seize Oahu, decided to prepare plans for an invasion of Hawaii, which was dubbed the ""Yamaguchi Plan"". The plan consisted of seizing Midway Island, Johnston Atoll, and Palmyra Island, and imposing a tightening blockade on Oahu. After seizing the Big Island of Hawaii, Oahu would fall to an amphibious assault. However, Japan's decisive defeat at the Battle of Midway in June 1942 permanently scuttled those plans. In the event that Japan had invaded Hawaii, experts believe that the US garrison there would have been unable to put up a cohesive defense, and a occupation of the Hawaiian Islands would have allowed Japan to dominate the central Pacific, and forced the surviving Pacific Fleet to retreat to the US West Coast, giving Japan a chance to control the central Pacific."
LOC,0.49997503,Oahu,406,410,Attack on Pearl Harbor,121,"On 9 December, two days after the attack, Admiral Yamamoto apparently changed his mind, and realizing the strategic blunder in failing to seize Oahu, decided to prepare plans for an invasion of Hawaii, which was dubbed the ""Yamaguchi Plan"". The plan consisted of seizing Midway Island, Johnston Atoll, and Palmyra Island, and imposing a tightening blockade on Oahu. After seizing the Big Island of Hawaii, Oahu would fall to an amphibious assault. However, Japan's decisive defeat at the Battle of Midway in June 1942 permanently scuttled those plans. In the event that Japan had invaded Hawaii, experts believe that the US garrison there would have been unable to put up a cohesive defense, and a occupation of the Hawaiian Islands would have allowed Japan to dominate the central Pacific, and forced the surviving Pacific Fleet to retreat to the US West Coast, giving Japan a chance to control the central Pacific."
LOC,0.9997515,Japan,457,462,Attack on Pearl Harbor,121,"On 9 December, two days after the attack, Admiral Yamamoto apparently changed his mind, and realizing the strategic blunder in failing to seize Oahu, decided to prepare plans for an invasion of Hawaii, which was dubbed the ""Yamaguchi Plan"". The plan consisted of seizing Midway Island, Johnston Atoll, and Palmyra Island, and imposing a tightening blockade on Oahu. After seizing the Big Island of Hawaii, Oahu would fall to an amphibious assault. However, Japan's decisive defeat at the Battle of Midway in June 1942 permanently scuttled those plans. In the event that Japan had invaded Hawaii, experts believe that the US garrison there would have been unable to put up a cohesive defense, and a occupation of the Hawaiian Islands would have allowed Japan to dominate the central Pacific, and forced the surviving Pacific Fleet to retreat to the US West Coast, giving Japan a chance to control the central Pacific."
MISC,0.95301366,Battle of Midway,488,504,Attack on Pearl Harbor,121,"On 9 December, two days after the attack, Admiral Yamamoto apparently changed his mind, and realizing the strategic blunder in failing to seize Oahu, decided to prepare plans for an invasion of Hawaii, which was dubbed the ""Yamaguchi Plan"". The plan consisted of seizing Midway Island, Johnston Atoll, and Palmyra Island, and imposing a tightening blockade on Oahu. After seizing the Big Island of Hawaii, Oahu would fall to an amphibious assault. However, Japan's decisive defeat at the Battle of Midway in June 1942 permanently scuttled those plans. In the event that Japan had invaded Hawaii, experts believe that the US garrison there would have been unable to put up a cohesive defense, and a occupation of the Hawaiian Islands would have allowed Japan to dominate the central Pacific, and forced the surviving Pacific Fleet to retreat to the US West Coast, giving Japan a chance to control the central Pacific."
LOC,0.9991912,Japan,570,575,Attack on Pearl Harbor,121,"On 9 December, two days after the attack, Admiral Yamamoto apparently changed his mind, and realizing the strategic blunder in failing to seize Oahu, decided to prepare plans for an invasion of Hawaii, which was dubbed the ""Yamaguchi Plan"". The plan consisted of seizing Midway Island, Johnston Atoll, and Palmyra Island, and imposing a tightening blockade on Oahu. After seizing the Big Island of Hawaii, Oahu would fall to an amphibious assault. However, Japan's decisive defeat at the Battle of Midway in June 1942 permanently scuttled those plans. In the event that Japan had invaded Hawaii, experts believe that the US garrison there would have been unable to put up a cohesive defense, and a occupation of the Hawaiian Islands would have allowed Japan to dominate the central Pacific, and forced the surviving Pacific Fleet to retreat to the US West Coast, giving Japan a chance to control the central Pacific."
LOC,0.99978095,Hawaii,588,594,Attack on Pearl Harbor,121,"On 9 December, two days after the attack, Admiral Yamamoto apparently changed his mind, and realizing the strategic blunder in failing to seize Oahu, decided to prepare plans for an invasion of Hawaii, which was dubbed the ""Yamaguchi Plan"". The plan consisted of seizing Midway Island, Johnston Atoll, and Palmyra Island, and imposing a tightening blockade on Oahu. After seizing the Big Island of Hawaii, Oahu would fall to an amphibious assault. However, Japan's decisive defeat at the Battle of Midway in June 1942 permanently scuttled those plans. In the event that Japan had invaded Hawaii, experts believe that the US garrison there would have been unable to put up a cohesive defense, and a occupation of the Hawaiian Islands would have allowed Japan to dominate the central Pacific, and forced the surviving Pacific Fleet to retreat to the US West Coast, giving Japan a chance to control the central Pacific."
LOC,0.6703945,US,621,623,Attack on Pearl Harbor,121,"On 9 December, two days after the attack, Admiral Yamamoto apparently changed his mind, and realizing the strategic blunder in failing to seize Oahu, decided to prepare plans for an invasion of Hawaii, which was dubbed the ""Yamaguchi Plan"". The plan consisted of seizing Midway Island, Johnston Atoll, and Palmyra Island, and imposing a tightening blockade on Oahu. After seizing the Big Island of Hawaii, Oahu would fall to an amphibious assault. However, Japan's decisive defeat at the Battle of Midway in June 1942 permanently scuttled those plans. In the event that Japan had invaded Hawaii, experts believe that the US garrison there would have been unable to put up a cohesive defense, and a occupation of the Hawaiian Islands would have allowed Japan to dominate the central Pacific, and forced the surviving Pacific Fleet to retreat to the US West Coast, giving Japan a chance to control the central Pacific."
LOC,0.9983566,Hawaiian Islands,716,732,Attack on Pearl Harbor,121,"On 9 December, two days after the attack, Admiral Yamamoto apparently changed his mind, and realizing the strategic blunder in failing to seize Oahu, decided to prepare plans for an invasion of Hawaii, which was dubbed the ""Yamaguchi Plan"". The plan consisted of seizing Midway Island, Johnston Atoll, and Palmyra Island, and imposing a tightening blockade on Oahu. After seizing the Big Island of Hawaii, Oahu would fall to an amphibious assault. However, Japan's decisive defeat at the Battle of Midway in June 1942 permanently scuttled those plans. In the event that Japan had invaded Hawaii, experts believe that the US garrison there would have been unable to put up a cohesive defense, and a occupation of the Hawaiian Islands would have allowed Japan to dominate the central Pacific, and forced the surviving Pacific Fleet to retreat to the US West Coast, giving Japan a chance to control the central Pacific."
LOC,0.99951625,Japan,752,757,Attack on Pearl Harbor,121,"On 9 December, two days after the attack, Admiral Yamamoto apparently changed his mind, and realizing the strategic blunder in failing to seize Oahu, decided to prepare plans for an invasion of Hawaii, which was dubbed the ""Yamaguchi Plan"". The plan consisted of seizing Midway Island, Johnston Atoll, and Palmyra Island, and imposing a tightening blockade on Oahu. After seizing the Big Island of Hawaii, Oahu would fall to an amphibious assault. However, Japan's decisive defeat at the Battle of Midway in June 1942 permanently scuttled those plans. In the event that Japan had invaded Hawaii, experts believe that the US garrison there would have been unable to put up a cohesive defense, and a occupation of the Hawaiian Islands would have allowed Japan to dominate the central Pacific, and forced the surviving Pacific Fleet to retreat to the US West Coast, giving Japan a chance to control the central Pacific."
LOC,0.9982438,Pacific,782,789,Attack on Pearl Harbor,121,"On 9 December, two days after the attack, Admiral Yamamoto apparently changed his mind, and realizing the strategic blunder in failing to seize Oahu, decided to prepare plans for an invasion of Hawaii, which was dubbed the ""Yamaguchi Plan"". The plan consisted of seizing Midway Island, Johnston Atoll, and Palmyra Island, and imposing a tightening blockade on Oahu. After seizing the Big Island of Hawaii, Oahu would fall to an amphibious assault. However, Japan's decisive defeat at the Battle of Midway in June 1942 permanently scuttled those plans. In the event that Japan had invaded Hawaii, experts believe that the US garrison there would have been unable to put up a cohesive defense, and a occupation of the Hawaiian Islands would have allowed Japan to dominate the central Pacific, and forced the surviving Pacific Fleet to retreat to the US West Coast, giving Japan a chance to control the central Pacific."
MISC,0.44173414,Pacific,816,823,Attack on Pearl Harbor,121,"On 9 December, two days after the attack, Admiral Yamamoto apparently changed his mind, and realizing the strategic blunder in failing to seize Oahu, decided to prepare plans for an invasion of Hawaii, which was dubbed the ""Yamaguchi Plan"". The plan consisted of seizing Midway Island, Johnston Atoll, and Palmyra Island, and imposing a tightening blockade on Oahu. After seizing the Big Island of Hawaii, Oahu would fall to an amphibious assault. However, Japan's decisive defeat at the Battle of Midway in June 1942 permanently scuttled those plans. In the event that Japan had invaded Hawaii, experts believe that the US garrison there would have been unable to put up a cohesive defense, and a occupation of the Hawaiian Islands would have allowed Japan to dominate the central Pacific, and forced the surviving Pacific Fleet to retreat to the US West Coast, giving Japan a chance to control the central Pacific."
ORG,0.54358006,Fleet,824,829,Attack on Pearl Harbor,121,"On 9 December, two days after the attack, Admiral Yamamoto apparently changed his mind, and realizing the strategic blunder in failing to seize Oahu, decided to prepare plans for an invasion of Hawaii, which was dubbed the ""Yamaguchi Plan"". The plan consisted of seizing Midway Island, Johnston Atoll, and Palmyra Island, and imposing a tightening blockade on Oahu. After seizing the Big Island of Hawaii, Oahu would fall to an amphibious assault. However, Japan's decisive defeat at the Battle of Midway in June 1942 permanently scuttled those plans. In the event that Japan had invaded Hawaii, experts believe that the US garrison there would have been unable to put up a cohesive defense, and a occupation of the Hawaiian Islands would have allowed Japan to dominate the central Pacific, and forced the surviving Pacific Fleet to retreat to the US West Coast, giving Japan a chance to control the central Pacific."
LOC,0.9773378,US West Coast,848,861,Attack on Pearl Harbor,121,"On 9 December, two days after the attack, Admiral Yamamoto apparently changed his mind, and realizing the strategic blunder in failing to seize Oahu, decided to prepare plans for an invasion of Hawaii, which was dubbed the ""Yamaguchi Plan"". The plan consisted of seizing Midway Island, Johnston Atoll, and Palmyra Island, and imposing a tightening blockade on Oahu. After seizing the Big Island of Hawaii, Oahu would fall to an amphibious assault. However, Japan's decisive defeat at the Battle of Midway in June 1942 permanently scuttled those plans. In the event that Japan had invaded Hawaii, experts believe that the US garrison there would have been unable to put up a cohesive defense, and a occupation of the Hawaiian Islands would have allowed Japan to dominate the central Pacific, and forced the surviving Pacific Fleet to retreat to the US West Coast, giving Japan a chance to control the central Pacific."
LOC,0.9997459,Japan,870,875,Attack on Pearl Harbor,121,"On 9 December, two days after the attack, Admiral Yamamoto apparently changed his mind, and realizing the strategic blunder in failing to seize Oahu, decided to prepare plans for an invasion of Hawaii, which was dubbed the ""Yamaguchi Plan"". The plan consisted of seizing Midway Island, Johnston Atoll, and Palmyra Island, and imposing a tightening blockade on Oahu. After seizing the Big Island of Hawaii, Oahu would fall to an amphibious assault. However, Japan's decisive defeat at the Battle of Midway in June 1942 permanently scuttled those plans. In the event that Japan had invaded Hawaii, experts believe that the US garrison there would have been unable to put up a cohesive defense, and a occupation of the Hawaiian Islands would have allowed Japan to dominate the central Pacific, and forced the surviving Pacific Fleet to retreat to the US West Coast, giving Japan a chance to control the central Pacific."
LOC,0.9911876,Pacific,908,915,Attack on Pearl Harbor,121,"On 9 December, two days after the attack, Admiral Yamamoto apparently changed his mind, and realizing the strategic blunder in failing to seize Oahu, decided to prepare plans for an invasion of Hawaii, which was dubbed the ""Yamaguchi Plan"". The plan consisted of seizing Midway Island, Johnston Atoll, and Palmyra Island, and imposing a tightening blockade on Oahu. After seizing the Big Island of Hawaii, Oahu would fall to an amphibious assault. However, Japan's decisive defeat at the Battle of Midway in June 1942 permanently scuttled those plans. In the event that Japan had invaded Hawaii, experts believe that the US garrison there would have been unable to put up a cohesive defense, and a occupation of the Hawaiian Islands would have allowed Japan to dominate the central Pacific, and forced the surviving Pacific Fleet to retreat to the US West Coast, giving Japan a chance to control the central Pacific."
LOC,0.9995434,United States,44,57,Attack on Pearl Harbor,122,"There has been debate as to how and why the United States had been caught unaware, and how much and when American officials knew of Japanese plans and related topics. As early as 1924, Chief of United States Air Service Mason Patrick showed concern for military vulnerabilities in the Pacific, having sent General Billy Mitchell on a survey of the Pacific and the East. Patrick called Mitchell's subsequent report, which identified vulnerabilities in Hawaii, a ""theoretical treatise on employment of airpower in the Pacific, which, in all probability undoubtedly will be of extreme value some 10 or 15 years hence""."
MISC,0.9997906,American,105,113,Attack on Pearl Harbor,122,"There has been debate as to how and why the United States had been caught unaware, and how much and when American officials knew of Japanese plans and related topics. As early as 1924, Chief of United States Air Service Mason Patrick showed concern for military vulnerabilities in the Pacific, having sent General Billy Mitchell on a survey of the Pacific and the East. Patrick called Mitchell's subsequent report, which identified vulnerabilities in Hawaii, a ""theoretical treatise on employment of airpower in the Pacific, which, in all probability undoubtedly will be of extreme value some 10 or 15 years hence""."
MISC,0.9997718,Japanese,132,140,Attack on Pearl Harbor,122,"There has been debate as to how and why the United States had been caught unaware, and how much and when American officials knew of Japanese plans and related topics. As early as 1924, Chief of United States Air Service Mason Patrick showed concern for military vulnerabilities in the Pacific, having sent General Billy Mitchell on a survey of the Pacific and the East. Patrick called Mitchell's subsequent report, which identified vulnerabilities in Hawaii, a ""theoretical treatise on employment of airpower in the Pacific, which, in all probability undoubtedly will be of extreme value some 10 or 15 years hence""."
ORG,0.9968433,United States Air Service,194,219,Attack on Pearl Harbor,122,"There has been debate as to how and why the United States had been caught unaware, and how much and when American officials knew of Japanese plans and related topics. As early as 1924, Chief of United States Air Service Mason Patrick showed concern for military vulnerabilities in the Pacific, having sent General Billy Mitchell on a survey of the Pacific and the East. Patrick called Mitchell's subsequent report, which identified vulnerabilities in Hawaii, a ""theoretical treatise on employment of airpower in the Pacific, which, in all probability undoubtedly will be of extreme value some 10 or 15 years hence""."
PER,0.9991366,Mason Patrick,220,233,Attack on Pearl Harbor,122,"There has been debate as to how and why the United States had been caught unaware, and how much and when American officials knew of Japanese plans and related topics. As early as 1924, Chief of United States Air Service Mason Patrick showed concern for military vulnerabilities in the Pacific, having sent General Billy Mitchell on a survey of the Pacific and the East. Patrick called Mitchell's subsequent report, which identified vulnerabilities in Hawaii, a ""theoretical treatise on employment of airpower in the Pacific, which, in all probability undoubtedly will be of extreme value some 10 or 15 years hence""."
LOC,0.9993926,Pacific,285,292,Attack on Pearl Harbor,122,"There has been debate as to how and why the United States had been caught unaware, and how much and when American officials knew of Japanese plans and related topics. As early as 1924, Chief of United States Air Service Mason Patrick showed concern for military vulnerabilities in the Pacific, having sent General Billy Mitchell on a survey of the Pacific and the East. Patrick called Mitchell's subsequent report, which identified vulnerabilities in Hawaii, a ""theoretical treatise on employment of airpower in the Pacific, which, in all probability undoubtedly will be of extreme value some 10 or 15 years hence""."
PER,0.9996474,Billy Mitchell,314,328,Attack on Pearl Harbor,122,"There has been debate as to how and why the United States had been caught unaware, and how much and when American officials knew of Japanese plans and related topics. As early as 1924, Chief of United States Air Service Mason Patrick showed concern for military vulnerabilities in the Pacific, having sent General Billy Mitchell on a survey of the Pacific and the East. Patrick called Mitchell's subsequent report, which identified vulnerabilities in Hawaii, a ""theoretical treatise on employment of airpower in the Pacific, which, in all probability undoubtedly will be of extreme value some 10 or 15 years hence""."
LOC,0.9994803,Pacific,348,355,Attack on Pearl Harbor,122,"There has been debate as to how and why the United States had been caught unaware, and how much and when American officials knew of Japanese plans and related topics. As early as 1924, Chief of United States Air Service Mason Patrick showed concern for military vulnerabilities in the Pacific, having sent General Billy Mitchell on a survey of the Pacific and the East. Patrick called Mitchell's subsequent report, which identified vulnerabilities in Hawaii, a ""theoretical treatise on employment of airpower in the Pacific, which, in all probability undoubtedly will be of extreme value some 10 or 15 years hence""."
LOC,0.92755616,East,364,368,Attack on Pearl Harbor,122,"There has been debate as to how and why the United States had been caught unaware, and how much and when American officials knew of Japanese plans and related topics. As early as 1924, Chief of United States Air Service Mason Patrick showed concern for military vulnerabilities in the Pacific, having sent General Billy Mitchell on a survey of the Pacific and the East. Patrick called Mitchell's subsequent report, which identified vulnerabilities in Hawaii, a ""theoretical treatise on employment of airpower in the Pacific, which, in all probability undoubtedly will be of extreme value some 10 or 15 years hence""."
PER,0.9971679,Patrick,370,377,Attack on Pearl Harbor,122,"There has been debate as to how and why the United States had been caught unaware, and how much and when American officials knew of Japanese plans and related topics. As early as 1924, Chief of United States Air Service Mason Patrick showed concern for military vulnerabilities in the Pacific, having sent General Billy Mitchell on a survey of the Pacific and the East. Patrick called Mitchell's subsequent report, which identified vulnerabilities in Hawaii, a ""theoretical treatise on employment of airpower in the Pacific, which, in all probability undoubtedly will be of extreme value some 10 or 15 years hence""."
PER,0.9985147,Mitchell,385,393,Attack on Pearl Harbor,122,"There has been debate as to how and why the United States had been caught unaware, and how much and when American officials knew of Japanese plans and related topics. As early as 1924, Chief of United States Air Service Mason Patrick showed concern for military vulnerabilities in the Pacific, having sent General Billy Mitchell on a survey of the Pacific and the East. Patrick called Mitchell's subsequent report, which identified vulnerabilities in Hawaii, a ""theoretical treatise on employment of airpower in the Pacific, which, in all probability undoubtedly will be of extreme value some 10 or 15 years hence""."
LOC,0.9997603,Hawaii,451,457,Attack on Pearl Harbor,122,"There has been debate as to how and why the United States had been caught unaware, and how much and when American officials knew of Japanese plans and related topics. As early as 1924, Chief of United States Air Service Mason Patrick showed concern for military vulnerabilities in the Pacific, having sent General Billy Mitchell on a survey of the Pacific and the East. Patrick called Mitchell's subsequent report, which identified vulnerabilities in Hawaii, a ""theoretical treatise on employment of airpower in the Pacific, which, in all probability undoubtedly will be of extreme value some 10 or 15 years hence""."
LOC,0.99941075,Pacific,516,523,Attack on Pearl Harbor,122,"There has been debate as to how and why the United States had been caught unaware, and how much and when American officials knew of Japanese plans and related topics. As early as 1924, Chief of United States Air Service Mason Patrick showed concern for military vulnerabilities in the Pacific, having sent General Billy Mitchell on a survey of the Pacific and the East. Patrick called Mitchell's subsequent report, which identified vulnerabilities in Hawaii, a ""theoretical treatise on employment of airpower in the Pacific, which, in all probability undoubtedly will be of extreme value some 10 or 15 years hence""."
